PC_TIME,TIME,TIME_TICK,BPOGX,BPOGY,BPOGV
1784418321.3327,175.43115,2160558480,0.41071,0.04519,1
1784418321.3394,175.43787,2160625508,0.41757,0.06028,1
1784418321.3461,175.44455,2160692368,0.42059,0.07578,1
1784418321.3528,175.45125,2160759393,0.42341,0.10175,1
1784418321.3597,175.45818,2160828687,0.41168,0.12135,1
1784418321.3662,175.46465,2160893290,0.39788,0.13640,1
1784418321.3729,175.47136,2160960495,0.39932,0.14555,1
1784418321.3799,175.47833,2161030213,0.40892,0.14730,1
1784418321.3866,175.48502,2161097130,0.40920,0.14134,1
1784418321.3932,175.49171,2161164029,0.40842,0.13265,1
1784418321.3999,175.49835,2161230461,0.41997,0.12929,1
1784418321.4066,175.50511,2161297963,0.41667,0.12029,1
1784418321.4131,175.51158,2161362756,0.41472,0.10788,1
1784418321.4198,175.51825,2161429335,0.47240,0.10308,1
1784418321.4265,175.52492,2161496134,0.49095,0.10296,1
1784418321.4332,175.53162,2161563005,0.49030,0.09042,1
1784418321.4401,175.53859,2161632866,0.52874,0.05901,1
1784418321.4465,175.54501,2161697037,0.54700,0.02939,1
1784418321.4533,175.55176,2161764499,0.54697,0.02822,1
1784418321.4599,175.55841,2161831041,0.55048,0.03940,1
1784418321.4666,175.56511,2161898022,0.55884,0.06086,1
1784418321.4736,175.57204,2161967226,0.55886,0.08322,1
1784418321.4800,175.57851,2162032039,0.55290,0.09274,1
1784418321.4868,175.58522,2162099172,0.55902,0.10474,1
1784418321.4938,175.59227,2162169642,0.55894,0.11828,1
1784418321.5004,175.59889,2162235762,0.54841,0.12642,1
1784418321.5071,175.60555,2162302378,0.55218,0.13954,1
1784418321.5135,175.61201,2162367068,0.55233,0.14768,1
1784418321.5205,175.61893,2162436129,0.55524,0.14254,1
1784418321.5269,175.62538,2162500784,0.55179,0.14549,1
1784418321.5336,175.63211,2162568011,0.55179,0.14549,1
1784418321.5406,175.63907,2162637651,0.55313,0.13976,1
1784418321.5473,175.64572,2162704138,0.55000,0.14091,1
1784418321.5540,175.65247,2162771597,0.55000,0.14091,1
1784418321.5604,175.65891,2162835945,0.56204,0.15754,1
1784418321.5671,175.66559,2162902824,0.55763,0.15673,1
1784418321.5741,175.67252,2162972141,0.55763,0.15673,1
1784418321.5805,175.67899,2163036736,0.55215,0.15271,1
1784418321.5872,175.68570,2163103944,0.56035,0.14896,1
1784418321.5942,175.69267,2163173625,0.56042,0.13662,1
1784418321.6006,175.69908,2163237699,0.54956,0.13429,1
1784418321.6076,175.70604,2163307268,0.54912,0.11875,1
1784418321.6140,175.71248,2163371729,0.54874,0.08886,1
1784418321.6207,175.71918,2163438661,0.54077,0.05877,1
1784418321.6277,175.72617,2163508558,0.53720,0.03352,1
1784418321.6341,175.73257,2163572707,0.53697,0.04118,1
1784418321.6411,175.73956,2163642484,0.56032,0.07430,1
1784418321.6475,175.74597,2163706692,0.55570,0.10497,1
1784418321.6542,175.75267,2163773672,0.55608,0.13179,1
1784418321.6609,175.75937,2163840533,0.56402,0.12665,1
1784418321.6676,175.76607,2163907567,0.55777,0.12331,1
1784418321.6747,175.77315,2163978320,0.55770,0.10163,1
1784418321.6814,175.77983,2164045268,0.54994,0.08151,1
1784418321.6880,175.78651,2164112083,0.54797,0.06204,1
1784418321.6944,175.79288,2164175723,0.54775,0.03967,1
1784418321.7011,175.79958,2164242732,0.53775,0.02566,1
1784418321.7078,175.80626,2164309456,0.54171,0.03612,1
1784418321.7145,175.81296,2164376526,0.54138,0.03158,1
1784418321.7214,175.81989,2164445744,0.49133,0.04317,1
1784418321.7281,175.82657,2164512643,0.46278,0.03374,1
1784418321.7348,175.83327,2164579578,0.46455,0.05650,1
1784418321.7416,175.84006,2164647547,0.42468,0.11173,1
1784418321.7482,175.84666,2164713522,0.43901,0.12381,1
1784418321.7549,175.85339,2164780784,0.44197,0.14863,1
1784418321.7614,175.85985,2164845372,0.45040,0.15312,1
1784418321.7683,175.86679,2164914843,0.44831,0.16817,1
1784418321.7748,175.87325,2164979297,0.44923,0.17608,1
1784418321.7815,175.87994,2165046313,0.46033,0.18090,1
1784418321.7885,175.88693,2165116165,0.45539,0.18019,1
1784418321.7949,175.89334,2165180314,0.45518,0.17611,1
1784418321.8016,175.90004,2165247292,0.45151,0.15308,1
1784418321.8083,175.90672,2165314216,0.45234,0.14424,1
1784418321.8154,175.91391,2165385981,0.45120,0.13158,1
1784418321.8221,175.92059,2165452914,0.44669,0.12594,1
1784418321.8284,175.92682,2165515085,0.44626,0.11642,1
1784418321.8353,175.93376,2165584504,0.44436,0.09940,1
1784418321.8417,175.94020,2165648974,0.44103,0.08747,1
1784418321.8487,175.94714,2165718288,0.43975,0.07950,1
1784418321.8554,175.95389,2165785831,0.43886,0.07156,1
1784418321.8619,175.96033,2165850163,0.43866,0.07665,1
1784418321.8688,175.96730,2165919933,0.43932,0.05748,1
1784418321.8757,175.97420,2165988835,0.44020,0.06553,1
1784418321.8823,175.98077,2166054660,0.44592,0.07829,1
1784418321.8889,175.98735,2166120347,0.44951,0.08430,1
1784418321.8954,175.99382,2166185081,0.45035,0.09233,1
1784418321.9021,176.00052,2166252075,0.42929,0.08174,1
1784418321.9087,176.00720,2166318973,0.39550,0.07387,1
1784418321.9154,176.01390,2166385866,0.39550,0.07387,1
1784418321.9224,176.02089,2166455779,0.36836,0.08095,1
1784418321.9288,176.02730,2166519858,0.36399,0.07859,1
1784418321.9357,176.03421,2166588992,0.36502,0.08739,1
1784418321.9422,176.04070,2166653876,0.37414,0.10896,1
1784418321.9489,176.04739,2166720785,0.37323,0.12326,1
1784418321.9559,176.05435,2166790446,0.37487,0.13253,1
1784418321.9625,176.06100,2166856986,0.36932,0.14013,1
1784418321.9692,176.06770,2166923987,0.36781,0.12949,1
1784418321.9757,176.07419,2166988814,0.36633,0.12142,1
1784418321.9824,176.08089,2167055739,0.36488,0.12299,1
1784418321.9894,176.08786,2167125468,0.36542,0.11616,1
1784418321.9958,176.09428,2167189768,0.36542,0.11616,1
1784418322.0027,176.10120,2167258875,0.36326,0.11944,1
1784418322.0094,176.10791,2167326056,0.36417,0.11807,1
1784418322.0159,176.11438,2167390721,0.36417,0.11807,1
1784418322.0229,176.12135,2167460429,0.36634,0.14100,1
1784418322.0296,176.12804,2167527303,0.36595,0.13901,1
1784418322.0363,176.13472,2167594138,0.36595,0.13901,1
1784418322.0427,176.14117,2167658713,0.36702,0.14089,1
1784418322.0496,176.14809,2167727827,0.36651,0.12333,1
1784418322.0561,176.15459,2167792755,0.36651,0.12333,1
1784418322.0630,176.16151,2167862032,0.36592,0.12607,1
1784418322.0698,176.16829,2167929764,0.36729,0.12216,1
1784418322.0762,176.17467,2167993555,0.36729,0.12216,1
1784418322.0831,176.18161,2168062948,0.36182,0.12617,1
1784418322.0896,176.18806,2168127520,0.36199,0.12558,1
1784418322.0968,176.19522,2168199100,0.36299,0.12953,1
1784418322.1032,176.20169,2168263776,0.36621,0.14818,1
1784418322.1097,176.20815,2168328389,0.36385,0.14446,1
1784418322.1166,176.21507,2168397574,0.36331,0.13993,1
1784418322.1231,176.22157,2168462662,0.37903,0.12119,1
1784418322.1300,176.22845,2168531528,0.37539,0.11158,1
1784418322.1365,176.23494,2168596364,0.37382,0.10248,1
1784418322.1432,176.24164,2168663332,0.36737,0.10648,1
1784418322.1501,176.24861,2168732974,0.36749,0.11894,1
1784418322.1566,176.25502,2168797118,0.36806,0.12359,1
1784418322.1636,176.26202,2168867077,0.36972,0.12243,1
1784418322.1700,176.26843,2168931200,0.36714,0.15001,1
1784418322.1769,176.27536,2169000474,0.36881,0.15885,1
1784418322.1837,176.28218,2169068754,0.37240,0.14977,1
1784418322.1903,176.28874,2169134342,0.36959,0.14961,1
1784418322.1968,176.29523,2169199223,0.36959,0.14961,1
1784418322.2034,176.30191,2169265985,0.37022,0.14667,1
1784418322.2104,176.30888,2169335813,0.36567,0.14082,1
1784418322.2169,176.31532,2169400154,0.36567,0.14082,1
1784418322.2238,176.32225,2169469488,0.36978,0.15348,1
1784418322.2307,176.32912,2169538008,0.36700,0.15330,1
1784418322.2373,176.33572,2169604158,0.36700,0.15330,1
1784418322.2440,176.34251,2169672002,0.36340,0.14964,1
1784418322.2507,176.34917,2169738580,0.36662,0.15049,1
1784418322.2573,176.35579,2169804728,0.36514,0.14265,1
1784418322.2640,176.36244,2169871301,0.36262,0.13135,1
1784418322.2704,176.36891,2169936049,0.35999,0.12055,1
1784418322.2771,176.37561,2170003070,0.35999,0.12055,1
1784418322.2841,176.38257,2170072615,0.35923,0.13410,1
1784418322.2905,176.38899,2170136770,0.37103,0.13748,1
1784418322.2976,176.39607,2170207694,0.37294,0.14933,1
1784418322.3039,176.40240,2170271016,0.37150,0.16041,1
1784418322.3109,176.40938,2170340687,0.37042,0.17030,1
1784418322.3174,176.41582,2170405036,0.37042,0.17030,1
1784418322.3242,176.42271,2170474003,0.36950,0.16542,1
1784418322.3307,176.42920,2170538886,0.36676,0.15777,1
1784418322.3374,176.43588,2170605775,0.36526,0.14993,1
1784418322.3444,176.44286,2170675463,0.36253,0.14787,1
1784418322.3508,176.44928,2170739774,0.35671,0.15117,1
1784418322.3577,176.45619,2170808902,0.35775,0.15504,1
1784418322.3642,176.46269,2170873832,0.36392,0.14913,1
1784418322.3711,176.46960,2170942986,0.37234,0.15464,1
1784418322.3776,176.47607,2171007643,0.37180,0.15010,1
1784418322.3843,176.48277,2171074659,0.37419,0.12983,1
1784418322.3910,176.48949,2171141736,0.37250,0.12375,1
1784418322.3977,176.49615,2171208474,0.37145,0.11932,1
1784418322.4044,176.50287,2171275559,0.36177,0.11741,1
1784418322.4113,176.50978,2171344745,0.36214,0.12459,1
1784418322.4180,176.51648,2171411716,0.36516,0.14066,1
1784418322.4247,176.52321,2171478990,0.37446,0.14906,1
1784418322.4315,176.52998,2171546759,0.37591,0.15644,1
1784418322.4382,176.53667,2171613537,0.37446,0.14848,1
1784418322.4450,176.54349,2171681727,0.37070,0.13302,1
1784418322.4515,176.54999,2171746796,0.36579,0.11652,1
1784418322.4582,176.55670,2171813958,0.36305,0.10152,1
1784418322.4647,176.56316,2171878468,0.36328,0.09995,1
1784418322.4714,176.56987,2171945565,0.36110,0.09938,1
1784418322.4784,176.57687,2172015647,0.36110,0.09938,1
1784418322.4848,176.58327,2172079645,0.36296,0.10037,1
1784418322.4918,176.59023,2172149159,0.36381,0.10179,1
1784418322.4982,176.59663,2172213303,0.36381,0.10179,1
1784418322.5051,176.60358,2172282605,0.36471,0.10343,1
1784418322.5119,176.61040,2172350941,0.36686,0.10763,1
1784418322.5186,176.61702,2172417097,0.36686,0.10763,1
1784418322.5250,176.62344,2172481416,0.36749,0.10744,1
1784418322.5319,176.63039,2172550831,0.35649,0.10791,1
1784418322.5384,176.63683,2172615229,0.35649,0.10791,1
1784418322.5453,176.64375,2172684440,0.35770,0.10975,1
1784418322.5521,176.65057,2172752602,0.35811,0.11187,1
1784418322.5585,176.65695,2172816434,0.35811,0.11187,1
1784418322.5652,176.66364,2172883268,0.35939,0.11557,1
1784418322.5719,176.67033,2172950206,0.35962,0.11998,1
1784418322.5788,176.67725,2173019329,0.35962,0.11998,1
1784418322.5856,176.68407,2173087563,0.36286,0.13116,1
1784418322.5920,176.69043,2173151235,0.36511,0.11290,1
1784418322.5989,176.69736,2173220427,0.36600,0.11615,1
1784418322.6054,176.70383,2173285122,0.37006,0.12578,1
1784418322.6123,176.71080,2173354978,0.37431,0.12766,1
1784418322.6188,176.71722,2173419092,0.37463,0.13114,1
1784418322.6258,176.72429,2173489762,0.35287,0.13762,1
1784418322.6324,176.73085,2173555443,0.35882,0.14496,1
1784418322.6392,176.73769,2173623727,0.35903,0.14607,1
1784418322.6455,176.74400,2173686873,0.35889,0.13918,1
1784418322.6527,176.75113,2173758182,0.36188,0.13493,1
1784418322.6589,176.75740,2173820931,0.36130,0.13038,1
1784418322.6659,176.76440,2173890956,0.37467,0.12781,1
1784418322.6726,176.77103,2173957182,0.37882,0.12221,1
1784418322.6793,176.77776,2174024492,0.37958,0.12972,1
1784418322.6861,176.78452,2174092003,0.35657,0.15623,1
1784418322.6924,176.79089,2174155919,0.36499,0.16749,1
1784418322.6994,176.79785,2174225453,0.36822,0.18410,1
1784418322.7058,176.80428,2174289720,0.37340,0.18698,1
1784418322.7128,176.81126,2174359499,0.37359,0.18283,1
1784418322.7192,176.81767,2174423709,0.37164,0.17106,1
1784418322.7262,176.82463,2174493181,0.36825,0.14885,1
1784418322.7329,176.83141,2174560952,0.36501,0.13281,1
1784418322.7395,176.83800,2174626944,0.36206,0.11706,1
1784418322.7463,176.84477,2174694680,0.36246,0.10464,1
1784418322.7527,176.85120,2174758900,0.36672,0.10365,1
1784418322.7597,176.85817,2174828571,0.36672,0.10365,1
1784418322.7661,176.86459,2174892865,0.36368,0.09946,1
1784418322.7730,176.87149,2174961884,0.36223,0.10064,1
1784418322.7797,176.87820,2175028920,0.36223,0.10064,1
1784418322.7864,176.88490,2175095894,0.36123,0.10761,1
1784418322.7932,176.89171,2175163993,0.36102,0.11490,1
1784418322.7999,176.89832,2175230080,0.36102,0.11490,1
1784418322.8066,176.90508,2175297724,0.36348,0.12108,1
1784418322.8133,176.91177,2175364600,0.36467,0.12443,1
1784418322.8200,176.91847,2175431565,0.36512,0.12834,1
1784418322.8266,176.92509,2175497788,0.35579,0.14281,1
1784418322.8334,176.93184,2175565319,0.36911,0.15294,1
1784418322.8402,176.93864,2175633326,0.37010,0.15677,1
1784418322.8465,176.94496,2175696529,0.36937,0.15090,1
1784418322.8535,176.95198,2175766667,0.36807,0.14509,1
1784418322.8599,176.95836,2175830440,0.36707,0.14127,1
1784418322.8669,176.96532,2175900077,0.36515,0.14673,1
1784418322.8737,176.97215,2175968430,0.36242,0.15506,1
1784418322.8802,176.97867,2176033569,0.36392,0.16277,1
1784418322.8867,176.98515,2176098504,0.36135,0.17032,1
1784418322.8934,176.99185,2176165467,0.36019,0.16573,1
1784418322.9004,176.99883,2176235102,0.36122,0.16954,1
1784418322.9070,177.00546,2176301555,0.36391,0.15814,1
1784418322.9138,177.01227,2176369573,0.36482,0.15320,1
1784418322.9205,177.01892,2176436045,0.36482,0.15320,1
1784418322.9269,177.02534,2176500365,0.40078,0.13035,1
1784418322.9336,177.03203,2176567197,0.41715,0.12885,1
1784418322.9407,177.03914,2176638367,0.41677,0.12420,1
1784418322.9472,177.04565,2176703492,0.42853,0.11155,1
1784418322.9537,177.05214,2176768284,0.43598,0.10255,1
1784418322.9604,177.05884,2176835229,0.43489,0.09335,1
1784418322.9671,177.06555,2176902479,0.43491,0.09775,1
1784418322.9740,177.07245,2176971382,0.43154,0.10461,1
1784418322.9805,177.07892,2177036105,0.43154,0.10461,1
1784418322.9880,177.08646,2177111483,0.42959,0.11242,1
1784418322.9942,177.09264,2177173204,0.43021,0.11603,1
1784418323.0009,177.09941,2177241064,0.43021,0.11603,1
1784418323.0077,177.10619,2177308754,0.42915,0.11311,1
1784418323.0142,177.11266,2177373411,0.43340,0.11201,1
1784418323.0209,177.11934,2177440258,0.43340,0.11201,1
1784418323.0276,177.12604,2177507300,0.43849,0.10422,1
1784418323.0343,177.13274,2177574277,0.42869,0.10323,1
1784418323.0408,177.13922,2177639061,0.42904,0.10783,1
1784418323.0475,177.14592,2177706104,0.42940,0.11051,1
1784418323.0544,177.15285,2177775431,0.43337,0.11735,1
1784418323.0609,177.15932,2177840053,0.43449,0.12651,1
1784418323.0678,177.16623,2177909270,0.43337,0.12893,1
1784418323.0746,177.17307,2177977547,0.43308,0.12995,1
1784418323.0812,177.17964,2178043299,0.43308,0.12995,1
1784418323.0880,177.18649,2178111789,0.43367,0.14139,1
1784418323.0946,177.19304,2178177228,0.43195,0.14081,1
1784418323.1010,177.19949,2178241866,0.43195,0.14081,1
1784418323.1079,177.20641,2178310965,0.43122,0.13491,1
1784418323.1147,177.21320,2178378830,0.43254,0.13372,1
1784418323.1211,177.21959,2178442817,0.43254,0.13372,1
1784418323.1281,177.22659,2178512875,0.43301,0.14284,1
1784418323.1350,177.23344,2178581304,0.42781,0.15389,1
1784418323.1415,177.23999,2178646783,0.42676,0.14606,1
1784418323.1481,177.24661,2178713010,0.43424,0.15071,1
1784418323.1546,177.25308,2178777665,0.43241,0.13523,1
1784418323.1615,177.26001,2178847061,0.43114,0.12300,1
1784418323.1680,177.26648,2178911697,0.42724,0.10519,1
1784418323.1749,177.27339,2178980783,0.42567,0.08770,1
1784418323.1817,177.28021,2179049101,0.42453,0.07865,1
1784418323.1883,177.28679,2179114815,0.41994,0.07091,1
1784418323.1951,177.29361,2179183014,0.41534,0.07267,1
1784418323.2017,177.30020,2179248946,0.41565,0.07721,1
1784418323.2085,177.30699,2179316885,0.42081,0.08443,1
1784418323.2149,177.31337,2179380587,0.41919,0.08664,1
1784418323.2218,177.32030,2179449860,0.42167,0.10778,1
1784418323.2286,177.32710,2179517983,0.44170,0.13626,1
1784418323.2352,177.33366,2179583594,0.43640,0.14487,1
1784418323.2417,177.34015,2179648458,0.43739,0.15287,1
1784418323.2484,177.34686,2179715465,0.43079,0.15083,1
1784418323.2553,177.35378,2179784629,0.43370,0.14033,1
1784418323.2618,177.36026,2179849475,0.43215,0.12368,1
1784418323.2687,177.36719,2179918773,0.42643,0.11285,1
1784418323.2755,177.37398,2179986678,0.41875,0.09585,1
1784418323.2821,177.38057,2180052584,0.41813,0.09541,1
1784418323.2886,177.38704,2180117374,0.40694,0.12166,1
1784418323.2955,177.39401,2180187107,0.40018,0.14934,1
1784418323.3020,177.40044,2180251287,0.40372,0.17000,1
1784418323.3091,177.40758,2180322618,0.39168,0.18391,1
1784418323.3154,177.41383,2180385309,0.39976,0.17627,1
1784418323.3223,177.42075,2180454396,0.39757,0.16477,1
1784418323.3288,177.42723,2180519214,0.39228,0.16541,1
1784418323.3354,177.43391,2180586025,0.39035,0.16921,1
1784418323.3424,177.44084,2180655333,0.39035,0.16921,1
1784418323.3489,177.44733,2180720219,0.38959,0.17371,1
1784418323.3558,177.45424,2180789338,0.38891,0.17443,1
1784418323.3623,177.46074,2180854305,0.38891,0.17443,1
1784418323.3690,177.46742,2180921113,0.39052,0.17996,1
1784418323.3759,177.47440,2180990924,0.38720,0.18323,1
1784418323.3826,177.48106,2181057546,0.38720,0.18323,1
1784418323.3894,177.48788,2181125755,0.39112,0.17898,1
1784418323.3958,177.49425,2181189386,0.39499,0.18281,1
1784418323.4027,177.50116,2181258534,0.39499,0.18281,1
1784418323.4091,177.50761,2181323022,0.39024,0.19110,1
1784418323.4158,177.51431,2181390049,0.39162,0.17886,1
1784418323.4228,177.52126,2181459427,0.39250,0.18266,1
1784418323.4293,177.52773,2181524178,0.39658,0.16530,1
1784418323.4362,177.53465,2181593419,0.40375,0.14981,1
1784418323.4426,177.54111,2181658012,0.40210,0.13744,1
1784418323.4494,177.54782,2181725132,0.40116,0.12992,1
1784418323.4563,177.55478,2181794708,0.40165,0.11651,1
1784418323.4627,177.56120,2181858951,0.40031,0.10765,1
1784418323.4697,177.56815,2181928344,0.39221,0.12693,1
1784418323.4761,177.57460,2181992906,0.38470,0.13541,1
1784418323.4828,177.58131,2182060023,0.38689,0.15113,1
1784418323.4898,177.58826,2182129459,0.38902,0.18328,1
1784418323.4962,177.59470,2182193925,0.39336,0.19543,1
1784418323.5029,177.60139,2182260852,0.39616,0.21157,1
1784418323.5099,177.60835,2182330458,0.40762,0.21001,1
1784418323.5166,177.61505,2182397445,0.40417,0.20519,1
1784418323.5232,177.62170,2182463948,0.40383,0.20130,1
1784418323.5297,177.62817,2182528707,0.40423,0.18543,1
1784418323.5364,177.63487,2182595633,0.40045,0.17129,1
1784418323.5434,177.64182,2182665022,0.39919,0.16352,1
1784418323.5498,177.64825,2182729525,0.39607,0.14237,1
1784418323.5568,177.65526,2182799567,0.39475,0.15822,1
1784418323.5634,177.66190,2182865841,0.39347,0.15043,1
1784418323.5703,177.66872,2182934102,0.40430,0.16524,1
1784418323.5768,177.67531,2183000012,0.40173,0.15610,1
1784418323.5836,177.68204,2183067267,0.40087,0.15231,1
1784418323.5904,177.68884,2183135344,0.40488,0.16148,1
1784418323.5969,177.69539,2183200727,0.40539,0.17203,1
1784418323.6034,177.70187,2183265594,0.40659,0.17961,1
1784418323.6103,177.70879,2183334747,0.40848,0.18275,1
1784418323.6171,177.71553,2183402215,0.40921,0.17681,1
1784418323.6237,177.72217,2183468655,0.40921,0.17681,1
1784418323.6304,177.72887,2183535608,0.40105,0.18831,1
1784418323.6369,177.73537,2183600566,0.40000,0.18474,1
1784418323.6436,177.74205,2183667412,0.40125,0.19231,1
1784418323.6505,177.74901,2183736935,0.40013,0.20947,1
1784418323.6570,177.75545,2183801377,0.41585,0.19414,1
1784418323.6637,177.76216,2183868453,0.41549,0.19032,1
1784418323.6704,177.76884,2183935303,0.43649,0.17070,1
1784418323.6774,177.77585,2184005447,0.43099,0.15976,1
1784418323.6838,177.78224,2184069393,0.42869,0.13993,1
1784418323.6905,177.78893,2184136212,0.42064,0.11691,1
1784418323.6972,177.79564,2184203376,0.42119,0.08809,1
1784418323.7042,177.80267,2184273610,0.42030,0.08365,1
1784418323.7106,177.80905,2184337469,0.41739,0.10167,1
1784418323.7176,177.81606,2184407536,0.41595,0.11083,1
1784418323.7240,177.82242,2184471026,0.41825,0.12756,1
1784418323.7309,177.82935,2184540364,0.43768,0.14305,1
1784418323.7377,177.83614,2184608340,0.43600,0.15746,1
1784418323.7441,177.84256,2184672524,0.43723,0.16912,1
1784418323.7511,177.84952,2184742090,0.44356,0.17604,1
1784418323.7579,177.85637,2184810530,0.44510,0.18865,1
1784418323.7645,177.86301,2184876907,0.44605,0.19636,1
1784418323.7711,177.86958,2184942671,0.44425,0.19896,1
1784418323.7776,177.87604,2185007239,0.44479,0.19465,1
1784418323.7845,177.88301,2185076945,0.44479,0.19465,1
1784418323.7910,177.88942,2185141067,0.44690,0.19962,1
1784418323.7977,177.89612,2185208111,0.43835,0.19840,1
1784418323.8044,177.90282,2185275046,0.43835,0.19840,1
1784418323.8110,177.90950,2185341917,0.43872,0.19806,1
1784418323.8180,177.91649,2185411819,0.44051,0.19804,1
1784418323.8247,177.92316,2185478450,0.44051,0.19804,1
1784418323.8314,177.92984,2185545304,0.43227,0.19521,1
1784418323.8378,177.93629,2185609871,0.44403,0.19630,1
1784418323.8445,177.94301,2185676934,0.44284,0.18461,1
1784418323.8512,177.94969,2185743795,0.42053,0.16499,1
1784418323.8579,177.95638,2185810677,0.42097,0.15338,1
1784418323.8649,177.96338,2185880732,0.41881,0.13792,1
1784418323.8713,177.96980,2185944864,0.41837,0.13094,1
1784418323.8782,177.97670,2186013943,0.42138,0.12649,1
1784418323.8850,177.98347,2186081666,0.42138,0.12649,1
1784418323.8914,177.98990,2186145870,0.45128,0.11819,1
1784418323.8981,177.99658,2186212798,0.45494,0.11448,1
1784418323.9050,178.00349,2186281881,0.45595,0.12639,1
1784418323.9115,178.00998,2186346753,0.46154,0.14526,1
1784418323.9186,178.01703,2186417199,0.46239,0.15578,1
1784418323.9252,178.02362,2186483096,0.46399,0.17161,1
1784418323.9318,178.03029,2186549827,0.45955,0.19099,1
1784418323.9386,178.03708,2186617751,0.46099,0.18604,1
1784418323.9453,178.04375,2186684316,0.46099,0.18604,1
1784418323.9521,178.05057,2186752593,0.46271,0.18610,1
1784418323.9587,178.05716,2186818513,0.46162,0.18556,1
1784418323.9651,178.06358,2186882821,0.46145,0.18153,1
1784418323.9720,178.07051,2186951949,0.46428,0.17016,1
1784418323.9788,178.07724,2187019317,0.46468,0.15532,1
1784418323.9852,178.08365,2187083392,0.46389,0.14740,1
1784418323.9922,178.09062,2187153163,0.45294,0.16003,1
1784418323.9986,178.09706,2187217506,0.45233,0.17646,1
1784418324.0055,178.10397,2187286685,0.45146,0.16882,1
1784418324.0120,178.11046,2187351494,0.44982,0.15120,1
1784418324.0187,178.11716,2187418512,0.44902,0.14264,1
1784418324.0257,178.12413,2187488143,0.44902,0.14264,1
1784418324.0321,178.13055,2187552439,0.44881,0.15957,1
1784418324.0391,178.13753,2187622120,0.44898,0.16395,1
1784418324.0455,178.14395,2187686361,0.44987,0.17164,1
1784418324.0524,178.15086,2187755543,0.45133,0.17119,1
1784418324.0592,178.15764,2187823237,0.44950,0.17270,1
1784418324.0658,178.16426,2187889479,0.44950,0.17270,1
1784418324.0725,178.17096,2187956464,0.44866,0.17048,1
1784418324.0790,178.17743,2188021170,0.44833,0.16924,1
1784418324.0857,178.18414,2188088334,0.44833,0.16924,1
1784418324.0924,178.19084,2188155313,0.45776,0.16858,1
1784418324.0991,178.19756,2188222530,0.44575,0.17583,1
1784418324.1061,178.20456,2188292489,0.44599,0.17973,1
1784418324.1125,178.21094,2188356315,0.46542,0.18641,1
1784418324.1194,178.21791,2188426094,0.46629,0.19584,1
1784418324.1261,178.22459,2188492890,0.46708,0.20349,1
1784418324.1326,178.23105,2188557355,0.46729,0.21309,1
1784418324.1396,178.23808,2188627670,0.46758,0.21747,1
1784418324.1463,178.24480,2188694869,0.46758,0.21747,1
1784418324.1527,178.25113,2188758153,0.45955,0.19969,1
1784418324.1597,178.25815,2188828455,0.46655,0.20501,1
1784418324.1661,178.26453,2188892201,0.46575,0.19734,1
1784418324.1728,178.27122,2188959220,0.47049,0.17957,1
1784418324.1794,178.27791,2189025984,0.46937,0.17766,1
1784418324.1862,178.28462,2189093141,0.46921,0.17360,1
1784418324.1931,178.29158,2189162702,0.45304,0.16062,1
1784418324.1996,178.29802,2189227113,0.45360,0.15772,1
1784418324.2065,178.30493,2189296162,0.45360,0.15772,1
1784418324.2129,178.31139,2189360763,0.45998,0.14245,1
1784418324.2197,178.31812,2189427993,0.45497,0.16445,1
1784418324.2267,178.32515,2189498439,0.45393,0.15217,1
1784418324.2331,178.33154,2189562276,0.45517,0.14185,1
1784418324.2401,178.33855,2189632332,0.45746,0.12492,1
1784418324.2464,178.34489,2189695882,0.45593,0.11294,1
1784418324.2534,178.35184,2189765295,0.45385,0.11629,1
1784418324.2598,178.35831,2189829948,0.45861,0.12827,1
1784418324.2668,178.36522,2189899028,0.45968,0.14097,1
1784418324.2732,178.37167,2189963624,0.46770,0.14620,1
1784418324.2799,178.37839,2190030800,0.44735,0.15070,1
1784418324.2869,178.38533,2190100165,0.44913,0.16622,1
1784418324.2933,178.39177,2190164665,0.45291,0.19723,1
1784418324.3002,178.39871,2190233977,0.45810,0.20046,1
1784418324.3069,178.40540,2190300856,0.45766,0.19199,1
1784418324.3137,178.41212,2190368107,0.46165,0.15966,1
1784418324.3204,178.41891,2190436066,0.46182,0.12848,1
1784418324.3272,178.42569,2190503749,0.45940,0.10409,1
1784418324.3337,178.43221,2190568929,0.44882,0.09012,1
1784418324.3405,178.43895,2190636419,0.44799,0.08973,1
1784418324.3469,178.44537,2190700696,0.44799,0.08973,1
1784418324.3539,178.45232,2190770074,0.44766,0.08205,1
1784418324.3605,178.45898,2190836754,0.44950,0.07754,1
1784418324.3670,178.46547,2190901620,0.44991,0.08620,1
1784418324.3739,178.47241,2190971029,0.45710,0.09827,1
1784418324.3804,178.47888,2191035674,0.46227,0.11330,1
1784418324.3873,178.48579,2191104886,0.46392,0.13034,1
1784418324.3938,178.49226,2191169594,0.47084,0.15021,1
1784418324.4007,178.49918,2191238620,0.47284,0.14913,1
1784418324.4075,178.50598,2191306651,0.47343,0.15291,1
1784418324.4139,178.51236,2191370550,0.45660,0.16473,1
1784418324.4206,178.51906,2191437428,0.45721,0.16644,1
1784418324.4273,178.52576,2191504515,0.45721,0.16644,1
1784418324.4343,178.53276,2191574500,0.45822,0.17545,1
1784418324.4407,178.53915,2191638381,0.45851,0.17864,1
1784418324.4476,178.54605,2191707452,0.45831,0.17410,1
1784418324.4541,178.55255,2191772413,0.45747,0.16593,1
1784418324.4608,178.55923,2191839216,0.45720,0.15533,1
1784418324.4678,178.56625,2191909373,0.45626,0.14660,1
1784418324.4742,178.57265,2191973412,0.45443,0.14842,1
1784418324.4811,178.57954,2192042418,0.45488,0.11204,1
1784418324.4875,178.58601,2192107121,0.45508,0.11671,1
1784418324.4946,178.59302,2192177069,0.45816,0.11134,1
1784418324.5010,178.59944,2192241320,0.47007,0.12464,1
1784418324.5079,178.60634,2192310335,0.47017,0.12577,1
1784418324.5147,178.61313,2192378255,0.47861,0.12108,1
1784418324.5213,178.61975,2192444454,0.48253,0.12092,1
1784418324.5281,178.62657,2192512623,0.48262,0.12494,1
1784418324.5347,178.63316,2192578511,0.48614,0.14776,1
1784418324.5414,178.63986,2192645574,0.48681,0.17032,1
1784418324.5479,178.64633,2192710178,0.48744,0.17812,1
1784418324.5548,178.65323,2192779204,0.49268,0.17538,1
1784418324.5615,178.65994,2192846273,0.49479,0.16409,1
1784418324.5680,178.66643,2192911190,0.49423,0.15627,1
1784418324.5750,178.67343,2192981223,0.49978,0.16827,1
1784418324.5813,178.67979,2193044923,0.48999,0.16431,1
1784418324.5881,178.68654,2193112373,0.49048,0.16814,1
1784418324.5947,178.69321,2193179021,0.49368,0.16182,1
1784418324.6017,178.70013,2193248314,0.49452,0.16351,1
1784418324.6084,178.70682,2193315146,0.49442,0.15900,1
1784418324.6148,178.71329,2193379799,0.48525,0.14433,1
1784418324.6217,178.72021,2193449081,0.48467,0.13589,1
1784418324.6287,178.72713,2193518238,0.48396,0.12698,1
1784418324.6351,178.73361,2193583020,0.48419,0.12462,1
1784418324.6416,178.74010,2193647827,0.48635,0.12125,1
1784418324.6485,178.74701,2193717063,0.48635,0.12125,1
1784418324.6552,178.75371,2193784019,0.48632,0.12298,1
1784418324.6617,178.76019,2193848830,0.48651,0.12299,1
1784418324.6684,178.76686,2193915589,0.48651,0.12299,1
1784418324.6751,178.77359,2193982790,0.48812,0.12143,1
1784418324.6821,178.78053,2194052223,0.48080,0.12068,1
1784418324.6888,178.78729,2194119815,0.48022,0.11737,1
1784418324.6954,178.79390,2194185837,0.48554,0.12129,1
1784418324.7022,178.80064,2194253325,0.48629,0.11888,1
1784418324.7090,178.80746,2194321573,0.48640,0.12394,1
1784418324.7157,178.81416,2194388535,0.48250,0.14184,1
1784418324.7220,178.82048,2194451723,0.48626,0.14837,1
1784418324.7290,178.82744,2194521335,0.48749,0.16395,1
1784418324.7356,178.83409,2194587811,0.48869,0.17928,1
1784418324.7424,178.84082,2194655179,0.49138,0.18649,1
1784418324.7488,178.84727,2194719609,0.49138,0.18649,1
1784418324.7557,178.85419,2194788731,0.48363,0.18057,1
1784418324.7622,178.86066,2194853422,0.48981,0.17586,1
1784418324.7691,178.86760,2194922871,0.48911,0.16427,1
1784418324.7759,178.87436,2194990491,0.49130,0.15756,1
1784418324.7825,178.88097,2195056578,0.49092,0.15168,1
1784418324.7893,178.88779,2195124849,0.49092,0.15168,1
1784418324.7959,178.89436,2195190604,0.49146,0.13817,1
1784418324.8028,178.90126,2195259478,0.49227,0.16349,1
1784418324.8093,178.90778,2195324678,0.49285,0.17119,1
1784418324.8158,178.91426,2195389482,0.49624,0.14827,1
1784418324.8225,178.92096,2195456516,0.49590,0.15468,1
1784418324.8292,178.92764,2195523290,0.49590,0.15468,1
1784418324.8359,178.93434,2195590291,0.49376,0.15840,1
1784418324.8428,178.94125,2195659428,0.49203,0.15470,1
1784418324.8496,178.94810,2195728010,0.49203,0.15470,1
1784418324.8560,178.95445,2195791392,0.49355,0.15654,1
1784418324.8629,178.96140,2195860844,0.48949,0.15152,1
1784418324.8696,178.96803,2195927282,0.48889,0.14366,1
1784418324.8763,178.97481,2195994927,0.48685,0.15612,1
1784418324.8830,178.98146,2196061456,0.47973,0.14352,1
1784418324.8897,178.98814,2196128396,0.47908,0.13579,1
1784418324.8965,178.99493,2196196238,0.47756,0.13741,1
1784418324.9031,179.00156,2196262453,0.48755,0.13223,1
1784418324.9100,179.00847,2196331648,0.48761,0.13612,1
1784418324.9162,179.01471,2196394008,0.48541,0.14519,1
1784418324.9232,179.02165,2196463436,0.48424,0.14891,1
1784418324.9299,179.02834,2196530265,0.48487,0.15669,1
1784418324.9364,179.03482,2196595139,0.48111,0.16317,1
1784418324.9431,179.04155,2196662378,0.47821,0.16614,1
1784418324.9498,179.04822,2196729030,0.47821,0.16614,1
1784418324.9567,179.05519,2196798848,0.48789,0.15999,1
1784418324.9631,179.06161,2196863013,0.48480,0.16187,1
1784418324.9701,179.06854,2196932358,0.48480,0.16187,1
1784418324.9765,179.07500,2196996852,0.48219,0.15821,1
1784418324.9834,179.08191,2197066050,0.48256,0.16048,1
1784418324.9902,179.08862,2197133111,0.48251,0.15658,1
1784418324.9966,179.09509,2197197859,0.48240,0.15007,1
1784418325.0035,179.10201,2197267007,0.48020,0.14553,1
1784418325.0101,179.10854,2197332325,0.47960,0.14167,1
1784418325.0170,179.11542,2197401064,0.48122,0.14751,1
1784418325.0234,179.12189,2197465843,0.48175,0.15951,1
1784418325.0301,179.12859,2197532736,0.48239,0.16721,1
1784418325.0371,179.13554,2197602313,0.48165,0.17248,1
1784418325.0435,179.14198,2197666794,0.48499,0.17388,1
1784418325.0506,179.14906,2197737556,0.48499,0.17388,1
1784418325.0569,179.15538,2197800672,0.47596,0.17986,1
1784418325.0639,179.16232,2197870140,0.47496,0.18157,1
1784418325.0703,179.16878,2197934748,0.47496,0.18157,1
1784418325.0774,179.17584,2198005267,0.47877,0.16208,1
1784418325.0841,179.18256,2198072437,0.48593,0.16373,1
1784418325.0911,179.18956,2198142483,0.48586,0.15980,1
1784418325.0971,179.19559,2198202819,0.52853,0.14836,1
1784418325.1041,179.20259,2198272754,0.53363,0.13084,1
1784418325.1107,179.20921,2198339003,0.53325,0.12703,1
1784418325.1172,179.21568,2198403684,0.55597,0.12958,1
1784418325.1239,179.22238,2198470663,0.56384,0.14362,1
1784418325.1306,179.22906,2198537568,0.56413,0.14740,1
1784418325.1376,179.23610,2198607876,0.55787,0.14585,1
1784418325.1440,179.24248,2198671646,0.55551,0.14138,1
1784418325.1507,179.24915,2198738297,0.55521,0.13760,1
1784418325.1574,179.25586,2198805526,0.56212,0.14497,1
1784418325.1641,179.26257,2198872633,0.56262,0.15090,1
1784418325.1711,179.26956,2198942458,0.56276,0.16648,1
1784418325.1775,179.27592,2199006232,0.56250,0.17788,1
1784418325.1846,179.28304,2199077270,0.56566,0.18742,1
1784418325.1911,179.28958,2199142800,0.56572,0.19519,1
1784418325.1978,179.29626,2199209511,0.56551,0.19439,1
1784418325.2043,179.30275,2199274461,0.56538,0.19475,1
1784418325.2110,179.30943,2199341313,0.56538,0.19475,1
1784418325.2180,179.31645,2199411380,0.56496,0.19399,1
1784418325.2244,179.32283,2199475266,0.56486,0.19032,1
1784418325.2314,179.32982,2199545039,0.56486,0.19032,1
1784418325.2378,179.33623,2199609246,0.56430,0.19216,1
1784418325.2447,179.34314,2199678366,0.56408,0.19106,1
1784418325.2512,179.34962,2199743141,0.56401,0.18325,1
1784418325.2579,179.35632,2199810194,0.55872,0.18704,1
1784418325.2649,179.36334,2199880397,0.56303,0.17027,1
1784418325.2717,179.37018,2199948698,0.56296,0.16249,1
1784418325.2783,179.37679,2200014761,0.56005,0.17550,1
1784418325.2849,179.38335,2200080412,0.56209,0.17191,1
1784418325.2916,179.39008,2200147675,0.56209,0.17191,1
1784418325.2983,179.39679,2200214811,0.56355,0.16442,1
1784418325.3047,179.40321,2200279090,0.56565,0.15995,1
1784418325.3118,179.41028,2200349705,0.56565,0.15995,1
1784418325.3182,179.41663,2200413099,0.56526,0.16298,1
1784418325.3251,179.42355,2200482398,0.56757,0.15996,1
1784418325.3318,179.43024,2200549261,0.56757,0.15996,1
1784418325.3385,179.43698,2200616680,0.56780,0.15967,1
1784418325.3449,179.44341,2200681017,0.56747,0.15992,1
1784418325.3516,179.45009,2200747855,0.56747,0.15992,1
1784418325.3587,179.45712,2200818152,0.56672,0.15998,1
1784418325.3652,179.46371,2200884044,0.56778,0.16133,1
1784418325.3720,179.47044,2200951280,0.56778,0.16133,1
1784418325.3787,179.47713,2201018203,0.56784,0.16260,1
1784418325.3851,179.48360,2201082944,0.56774,0.16721,1
1784418325.3918,179.49028,2201149740,0.56774,0.16721,1
1784418325.3987,179.49721,2201219063,0.57804,0.17655,1
1784418325.4055,179.50398,2201286751,0.55253,0.17604,1
1784418325.4119,179.51039,2201350768,0.55253,0.17604,1
1784418325.4186,179.51709,2201417859,0.50997,0.14905,1
1784418325.4256,179.52408,2201487761,0.49065,0.17161,1
1784418325.4321,179.53053,2201552201,0.49056,0.16332,1
1784418325.4387,179.53717,2201618647,0.45353,0.14299,1
1784418325.4454,179.54388,2201685706,0.46399,0.13174,1
1784418325.4524,179.55083,2201755140,0.46267,0.12380,1
1784418325.4592,179.55765,2201823418,0.45789,0.12971,1
1784418325.4658,179.56425,2201889468,0.45777,0.14968,1
1784418325.4726,179.57103,2201957160,0.46030,0.17378,1
1784418325.4790,179.57742,2202021140,0.46865,0.18773,1
1784418325.4858,179.58430,2202089998,0.46911,0.19542,1
1784418325.4923,179.59076,2202154440,0.46989,0.20311,1
1784418325.4993,179.59776,2202224614,0.48072,0.19590,1
1784418325.5057,179.60417,2202288663,0.47587,0.20195,1
1784418325.5124,179.61086,2202355526,0.47502,0.19026,1
1784418325.5194,179.61784,2202425375,0.47338,0.19390,1
1784418325.5258,179.62427,2202489658,0.47219,0.16053,1
1784418325.5327,179.63118,2202558695,0.47062,0.14059,1
1784418325.5395,179.63797,2202626571,0.46741,0.13027,1
1784418325.5461,179.64459,2202692843,0.46631,0.13988,1
1784418325.5526,179.65105,2202757386,0.46548,0.13128,1
1784418325.5593,179.65776,2202824592,0.46609,0.10791,1
1784418325.5662,179.66467,2202893611,0.46535,0.10636,1
1784418325.5731,179.67154,2202962308,0.46560,0.11492,1
1784418325.5796,179.67810,2203027960,0.46997,0.15401,1
1784418325.5861,179.68456,2203092392,0.46814,0.15862,1
1784418325.5930,179.69150,2203161851,0.46958,0.17102,1
1784418325.5998,179.69823,2203229171,0.46816,0.16316,1
1784418325.6064,179.70488,2203295767,0.47033,0.14741,1
1784418325.6131,179.71161,2203363069,0.46948,0.13521,1
1784418325.6196,179.71803,2203427292,0.46211,0.12147,1
1784418325.6265,179.72498,2203496683,0.45985,0.10611,1
1784418325.6330,179.73143,2203561227,0.45974,0.10499,1
1784418325.6400,179.73842,2203631165,0.45355,0.11551,1
1784418325.6467,179.74516,2203698466,0.46188,0.12279,1
1784418325.6534,179.75188,2203765634,0.46208,0.12736,1
1784418325.6601,179.75861,2203833006,0.45727,0.14058,1
1784418325.6668,179.76523,2203899196,0.46446,0.13949,1
1784418325.6732,179.77162,2203963142,0.46545,0.15226,1
1784418325.6799,179.77832,2204030170,0.46520,0.16524,1
1784418325.6866,179.78502,2204097104,0.46545,0.19527,1
1784418325.6935,179.79196,2204166588,0.46702,0.21046,1
1784418325.7002,179.79863,2204233233,0.46461,0.21207,1
1784418325.7066,179.80511,2204298094,0.46443,0.21349,1
1784418325.7134,179.81183,2204365160,0.46443,0.21349,1
1784418325.7203,179.81876,2204434412,0.46140,0.20931,1
1784418325.7267,179.82521,2204499016,0.46280,0.20587,1
1784418325.7337,179.83218,2204568819,0.46280,0.20587,1
1784418325.7402,179.83862,2204633209,0.45964,0.20667,1
1784418325.7468,179.84529,2204699873,0.46034,0.20402,1
1784418325.7538,179.85223,2204769260,0.45949,0.19634,1
1784418325.7606,179.85910,2204837915,0.45739,0.19135,1
1784418325.7672,179.86562,2204903016,0.46679,0.18387,1
1784418325.7736,179.87210,2204967897,0.46602,0.17622,1
1784418325.7806,179.87904,2205037292,0.47326,0.17398,1
1784418325.7870,179.88547,2205101619,0.46430,0.17846,1
1784418325.7937,179.89220,2205168840,0.46477,0.17766,1
1784418325.8007,179.89920,2205238889,0.42661,0.16802,1
1784418325.8071,179.90558,2205302771,0.43104,0.15753,1
1784418325.8142,179.91269,2205373879,0.42935,0.14959,1
1784418325.8207,179.91920,2205438949,0.44032,0.15994,1
1784418325.8275,179.92595,2205506418,0.44344,0.17402,1
1784418325.8343,179.93272,2205574208,0.44449,0.18263,1
1784418325.8409,179.93935,2205640369,0.44094,0.19632,1
1784418325.8476,179.94611,2205707945,0.44342,0.17666,1
1784418325.8540,179.95250,2205771901,0.44342,0.17666,1
1784418325.8610,179.95944,2205841298,0.44336,0.15993,1
1784418325.8674,179.96587,2205905627,0.44195,0.16314,1
1784418325.8743,179.97281,2205974936,0.44195,0.16314,1
1784418325.8808,179.97928,2206039628,0.44024,0.15479,1
1784418325.8877,179.98618,2206108733,0.43939,0.15275,1
1784418325.8945,179.99294,2206176322,0.43939,0.15275,1
1784418325.9009,179.99934,2206240337,0.43917,0.16380,1
1784418325.9078,180.00629,2206309721,0.44065,0.16250,1
1784418325.9145,180.01297,2206376662,0.44065,0.16250,1
1784418325.9212,180.01967,2206443657,0.44147,0.16791,1
1784418325.9279,180.02641,2206511038,0.44171,0.17029,1
1784418325.9344,180.03287,2206575534,0.44171,0.17029,1
1784418325.9414,180.03987,2206645548,0.43485,0.18051,1
1784418325.9478,180.04625,2206709443,0.43591,0.15812,1
1784418325.9548,180.05325,2206779388,0.43660,0.16192,1
1784418325.9612,180.05965,2206843418,0.42742,0.16842,1
1784418325.9682,180.06665,2206913411,0.43315,0.16494,1
1784418325.9746,180.07304,2206977293,0.43315,0.16494,1
1784418325.9815,180.07996,2207046468,0.43508,0.16812,1
1784418325.9882,180.08665,2207113512,0.43240,0.16633,1
1784418325.9947,180.09314,2207178336,0.43107,0.15411,1
1784418326.0014,180.09985,2207245428,0.42872,0.13722,1
1784418326.0083,180.10681,2207315092,0.43101,0.11827,1
1784418326.0148,180.11325,2207379418,0.42893,0.10168,1
1784418326.0218,180.12022,2207449145,0.41511,0.09856,1
1784418326.0287,180.12712,2207518068,0.42808,0.09586,1
1784418326.0353,180.13374,2207584323,0.42808,0.09586,1
1784418326.0418,180.14026,2207649503,0.42837,0.09315,1
1784418326.0485,180.14700,2207716911,0.42440,0.09178,1
1784418326.0549,180.15341,2207781082,0.42539,0.09956,1
1784418326.0619,180.16035,2207850477,0.42851,0.10948,1
1784418326.0684,180.16682,2207915123,0.42739,0.11927,1
1784418326.0753,180.17374,2207984202,0.42872,0.13155,1
1784418326.0820,180.18045,2208051483,0.43228,0.13522,1
1784418326.0884,180.18690,2208116028,0.43070,0.14128,1
1784418326.0954,180.19383,2208185173,0.43185,0.15021,1
1784418326.1022,180.20068,2208253754,0.43170,0.16956,1
1784418326.1088,180.20728,2208319736,0.43286,0.17290,1
1784418326.1156,180.21407,2208387568,0.43286,0.17290,1
1784418326.1222,180.22064,2208453280,0.43199,0.16873,1
1784418326.1290,180.22742,2208521039,0.43374,0.16702,1
1784418326.1353,180.23378,2208584751,0.43374,0.16702,1
1784418326.1424,180.24089,2208655857,0.43313,0.16364,1
1784418326.1487,180.24719,2208718818,0.43322,0.16192,1
1784418326.1558,180.25424,2208789404,0.43290,0.15746,1
1784418326.1621,180.26057,2208852707,0.43613,0.14911,1
1784418326.1691,180.26755,2208922426,0.43641,0.13750,1
1784418326.1755,180.27399,2208986843,0.43436,0.12084,1
1784418326.1822,180.28069,2209053744,0.43027,0.12604,1
1784418326.1892,180.28766,2209123442,0.43320,0.11448,1
1784418326.1956,180.29408,2209187792,0.43226,0.10681,1
1784418326.2026,180.30109,2209257710,0.42037,0.11527,1
1784418326.2091,180.30753,2209322206,0.42191,0.12172,1
1784418326.2159,180.31441,2209390993,0.42191,0.12172,1
1784418326.2228,180.32129,2209459781,0.42651,0.11647,1
1784418326.2294,180.32782,2209525166,0.42680,0.12187,1
1784418326.2361,180.33461,2209593054,0.42680,0.12187,1
1784418326.2425,180.34096,2209656538,0.42757,0.12379,1
1784418326.2495,180.34792,2209726136,0.42842,0.12380,1
1784418326.2559,180.35437,2209790586,0.42867,0.12827,1
1784418326.2628,180.36128,2209859721,0.43388,0.12511,1
1784418326.2697,180.36812,2209928055,0.43385,0.11755,1
1784418326.2762,180.37468,2209993676,0.43611,0.13806,1
1784418326.2830,180.38142,2210061120,0.44148,0.14878,1
1784418326.2894,180.38786,2210125560,0.43550,0.16660,1
1784418326.2964,180.39482,2210195113,0.43750,0.18223,1
1784418326.3028,180.40126,2210259564,0.44079,0.19133,1
1784418326.3097,180.40817,2210328624,0.44061,0.19615,1
1784418326.3165,180.41496,2210396611,0.44061,0.19615,1
1784418326.3229,180.42136,2210460408,0.44102,0.20070,1
1784418326.3298,180.42831,2210530088,0.44088,0.20246,1
1784418326.3363,180.43477,2210594620,0.44088,0.20246,1
1784418326.3432,180.44168,2210663766,0.45028,0.20252,1
1784418326.3497,180.44815,2210728400,0.46778,0.19601,1
1784418326.3566,180.45506,2210797483,0.46699,0.18826,1
1784418326.3631,180.46156,2210862468,0.52584,0.16815,1
1784418326.3698,180.46825,2210929356,0.53496,0.16308,1
1784418326.3768,180.47522,2210999127,0.53469,0.15525,1
1784418326.3832,180.48164,2211063377,0.55591,0.14503,1
1784418326.3903,180.48874,2211134367,0.55659,0.14137,1
1784418326.3966,180.49504,2211197350,0.55683,0.14527,1
1784418326.4037,180.50215,2211268391,0.55484,0.14800,1
1784418326.4102,180.50865,2211333497,0.55453,0.14561,1
1784418326.4170,180.51549,2211401847,0.55428,0.14172,1
1784418326.4234,180.52184,2211465326,0.55182,0.15163,1
1784418326.4303,180.52875,2211534425,0.55205,0.16699,1
1784418326.4368,180.53525,2211599316,0.55205,0.16699,1
1784418326.4435,180.54193,2211666251,0.55414,0.16930,1
1784418326.4504,180.54884,2211735313,0.55301,0.14900,1
1784418326.4568,180.55531,2211800105,0.55301,0.14900,1
1784418326.4636,180.56203,2211867125,0.55718,0.16738,1
1784418326.4705,180.56898,2211936734,0.55785,0.16807,1
1784418326.4770,180.57542,2212001078,0.55814,0.15928,1
1784418326.4839,180.58238,2212070709,0.56468,0.14402,1
1784418326.4903,180.58881,2212135031,0.55272,0.12739,1
1784418326.4971,180.59554,2212202232,0.55222,0.11552,1
1784418326.5040,180.60246,2212271586,0.55678,0.11951,1
1784418326.5104,180.60889,2212335747,0.55692,0.14422,1
1784418326.5174,180.61584,2212405290,0.55704,0.15288,1
1784418326.5241,180.62253,2212472220,0.55190,0.15335,1
1784418326.5308,180.62923,2212539148,0.55060,0.15057,1
1784418326.5375,180.63599,2212606717,0.55041,0.15450,1
1784418326.5439,180.64238,2212670748,0.54915,0.15546,1
1784418326.5509,180.64935,2212740412,0.55035,0.16452,1
1784418326.5573,180.65579,2212804857,0.55066,0.17987,1
1784418326.5640,180.66248,2212871595,0.55498,0.18324,1
1784418326.5710,180.66946,2212941558,0.55855,0.19218,1
1784418326.5774,180.67590,2213005896,0.55866,0.19991,1
1784418326.5841,180.68260,2213072865,0.55008,0.19381,1
1784418326.5911,180.68961,2213142930,0.55150,0.19053,1
1784418326.5975,180.69600,2213206969,0.55134,0.18272,1
1784418326.6048,180.70322,2213279143,0.55387,0.16136,1
1784418326.6109,180.70940,2213340809,0.55264,0.15680,1
1784418326.6179,180.71640,2213410892,0.55249,0.14890,1
1784418326.6243,180.72279,2213474810,0.55376,0.14297,1
1784418326.6313,180.72974,2213544210,0.55180,0.14133,1
1784418326.6377,180.73615,2213608414,0.55195,0.14928,1
1784418326.6446,180.74309,2213677716,0.56047,0.15150,1
1784418326.6511,180.74956,2213742503,0.55741,0.15761,1
1784418326.6578,180.75627,2213809628,0.55752,0.16563,1
1784418326.6648,180.76323,2213879175,0.55547,0.18381,1
1784418326.6714,180.76990,2213945864,0.55656,0.17912,1
1784418326.6781,180.77661,2214012972,0.55656,0.17912,1
1784418326.6848,180.78326,2214079603,0.55478,0.16999,1
1784418326.6915,180.78996,2214146586,0.55514,0.16782,1
1784418326.6980,180.79646,2214211484,0.55501,0.15982,1
1784418326.7049,180.80341,2214280902,0.55003,0.15897,1
1784418326.7114,180.80986,2214345496,0.55181,0.15549,1
1784418326.7181,180.81657,2214412697,0.55166,0.14759,1
1784418326.7251,180.82352,2214482071,0.54678,0.14413,1
1784418326.7315,180.82994,2214546252,0.54449,0.14572,1
1784418326.7384,180.83687,2214615590,0.54449,0.14572,1
1784418326.7449,180.84332,2214680132,0.54227,0.14781,1
1784418326.7516,180.85002,2214747200,0.55088,0.14858,1
1784418326.7586,180.85703,2214817193,0.55108,0.14448,1
1784418326.7650,180.86345,2214881392,0.56028,0.13953,1
1784418326.7719,180.87041,2214950982,0.55854,0.12919,1
1784418326.7788,180.87724,2215019365,0.55866,0.11661,1
1784418326.7855,180.88393,2215086249,0.56712,0.10901,1
1784418326.7920,180.89050,2215151947,0.56481,0.09335,1
1784418326.7988,180.89723,2215219184,0.56475,0.08432,1
1784418326.8054,180.90387,2215285588,0.55829,0.10026,1
1784418326.8121,180.91058,2215352793,0.55608,0.09609,1
1784418326.8188,180.91724,2215419338,0.55591,0.10065,1
1784418326.8255,180.92395,2215486353,0.55395,0.11126,1
1784418326.8320,180.93044,2215551205,0.55459,0.11791,1
1784418326.8387,180.93713,2215618223,0.55459,0.13081,1
1784418326.8456,180.94411,2215687983,0.55267,0.13738,1
1784418326.8521,180.95053,2215752190,0.55416,0.14259,1
1784418326.8591,180.95760,2215822867,0.55429,0.15044,1
1784418326.8654,180.96391,2215885975,0.55207,0.14882,1
1784418326.8724,180.97084,2215955389,0.55491,0.14992,1
1784418326.8788,180.97731,2216019944,0.55491,0.14992,1
1784418326.8858,180.98424,2216089332,0.55476,0.16760,1
1784418326.8922,180.99069,2216153872,0.55537,0.16599,1
1784418326.8989,180.99741,2216220979,0.55537,0.16599,1
1784418326.9059,181.00433,2216290231,0.55786,0.16577,1
1784418326.9123,181.01079,2216354799,0.55892,0.16586,1
1784418326.9193,181.01772,2216424005,0.55925,0.15720,1
1784418326.9257,181.02420,2216488844,0.56110,0.13830,1
1784418326.9324,181.03088,2216555684,0.56043,0.11840,1
1784418326.9391,181.03757,2216622632,0.56024,0.10169,1
1784418326.9461,181.04454,2216692275,0.55917,0.09237,1
1784418326.9525,181.05101,2216756985,0.56065,0.08700,1
1784418326.9595,181.05797,2216826633,0.56031,0.09577,1
1784418326.9662,181.06468,2216893738,0.56080,0.11016,1
1784418326.9728,181.07130,2216959964,0.55799,0.16723,1
1784418326.9797,181.07814,2217028279,0.55820,0.18342,1
1784418326.9863,181.08475,2217094322,0.56102,0.19037,1
1784418326.9930,181.09143,2217161278,0.55974,0.18557,1
1784418326.9996,181.09811,2217227981,0.55990,0.18161,1
1784418327.0061,181.10458,2217292746,0.56227,0.17162,1
1784418327.0132,181.11162,2217363141,0.56033,0.15282,1
1784418327.0195,181.11798,2217426685,0.56024,0.14511,1
1784418327.0266,181.12506,2217497586,0.56370,0.13786,1
1784418327.0329,181.13138,2217560647,0.56502,0.13312,1
1784418327.0399,181.13834,2217630219,0.56502,0.13312,1
1784418327.0467,181.14514,2217698310,0.56525,0.13431,1
1784418327.0532,181.15167,2217763635,0.56731,0.12992,1
1784418327.0601,181.15852,2217832123,0.56731,0.12992,1
1784418327.0664,181.16486,2217895424,0.56915,0.12486,1
1784418327.0733,181.17178,2217964688,0.56874,0.12247,1
1784418327.0798,181.17825,2218029429,0.56874,0.12247,1
1784418327.0867,181.18517,2218098580,0.56967,0.13199,1
1784418327.0932,181.19167,2218163639,0.56792,0.13537,1
1784418327.0999,181.19833,2218230263,0.56792,0.13537,1
1784418327.1068,181.20526,2218299531,0.56769,0.12635,1
1784418327.1133,181.21175,2218364416,0.56629,0.12991,1
1784418327.1202,181.21866,2218433562,0.56629,0.12991,1
1784418327.1267,181.22514,2218498298,0.56686,0.12617,1
1784418327.1334,181.23184,2218565338,0.56242,0.12843,1
1784418327.1404,181.23888,2218635658,0.56262,0.12383,1
1784418327.1468,181.24524,2218699269,0.55944,0.11707,1
1784418327.1537,181.25220,2218768849,0.55344,0.10795,1
1784418327.1605,181.25900,2218836941,0.55309,0.11547,1
1784418327.1673,181.26572,2218904117,0.55162,0.14337,1
1784418327.1738,181.27226,2218969604,0.52942,0.17017,1
1784418327.1805,181.27895,2219036408,0.53032,0.17804,1
1784418327.1870,181.28542,2219101093,0.53285,0.15763,1
1784418327.1937,181.29213,2219168237,0.52856,0.13999,1
1784418327.2006,181.29909,2219237787,0.52781,0.13216,1
1784418327.2071,181.30553,2219302154,0.53063,0.13710,1
1784418327.2140,181.31244,2219371254,0.53551,0.16054,1
1784418327.2204,181.31891,2219435996,0.53624,0.17318,1
1784418327.2272,181.32564,2219503291,0.53661,0.17765,1
1784418327.2338,181.33231,2219569981,0.54475,0.14578,1
1784418327.2405,181.33900,2219636939,0.54447,0.12559,1
1784418327.2475,181.34595,2219706414,0.54061,0.11380,1
1784418327.2539,181.35240,2219770949,0.54125,0.10464,1
1784418327.2606,181.35910,2219837926,0.54101,0.09571,1
1784418327.2676,181.36604,2219907294,0.54214,0.09325,1
1784418327.2743,181.37273,2219974184,0.54337,0.09609,1
1784418327.2810,181.37943,2220041155,0.54356,0.10387,1
1784418327.2877,181.38617,2220108667,0.54107,0.10918,1
1784418327.2944,181.39282,2220175082,0.53059,0.11773,1
1784418327.3011,181.39958,2220242734,0.53043,0.12226,1
1784418327.3075,181.40598,2220306666,0.52386,0.13854,1
1784418327.3145,181.41299,2220376886,0.52619,0.14143,1
1784418327.3209,181.41939,2220440722,0.52616,0.14647,1
1784418327.3276,181.42609,2220507848,0.52967,0.15288,1
1784418327.3346,181.43304,2220577372,0.53096,0.15746,1
1784418327.3411,181.43953,2220642140,0.53155,0.17291,1
1784418327.3481,181.44652,2220712151,0.53128,0.19776,1
1784418327.3548,181.45329,2220779842,0.53248,0.20237,1
1784418327.3615,181.45993,2220846212,0.53279,0.21001,1
1784418327.3678,181.46629,2220909829,0.53436,0.20528,1
1784418327.3748,181.47324,2220979302,0.53393,0.20465,1
1784418327.3816,181.48007,2221047662,0.53393,0.20465,1
1784418327.3879,181.48639,2221110747,0.53187,0.20016,1
1784418327.3949,181.49335,2221180405,0.53030,0.21191,1
1784418327.4015,181.50000,2221246843,0.53030,0.21191,1
1784418327.4082,181.50668,2221313737,0.53126,0.21011,1
1784418327.4147,181.51318,2221378715,0.53187,0.21008,1
1784418327.4216,181.52008,2221447690,0.53197,0.20613,1
1784418327.4283,181.52678,2221514742,0.53265,0.19318,1
1784418327.4348,181.53326,2221579591,0.53362,0.18740,1
1784418327.4418,181.54022,2221649114,0.53322,0.18369,1
1784418327.4482,181.54666,2221713567,0.53389,0.19049,1
1784418327.4551,181.55357,2221782639,0.53196,0.19700,1
1784418327.4619,181.56032,2221850122,0.53203,0.19308,1
1784418327.4685,181.56697,2221916694,0.56011,0.18194,1
1784418327.4750,181.57346,2221981434,0.55181,0.16574,1
1784418327.4819,181.58038,2222050769,0.55151,0.15041,1
1784418327.4886,181.58707,2222117583,0.56028,0.14742,1
1784418327.4953,181.59377,2222184495,0.54911,0.14605,1
1784418327.5021,181.60056,2222252468,0.54911,0.14605,1
1784418327.5085,181.60695,2222316416,0.55134,0.14665,1
1784418327.5152,181.61363,2222383157,0.55030,0.15091,1
1784418327.5219,181.62035,2222450348,0.55030,0.15091,1
1784418327.5288,181.62724,2222519410,0.56391,0.15486,1
1784418327.5353,181.63374,2222584399,0.55301,0.15287,1
1784418327.5423,181.64073,2222654213,0.55301,0.15287,1
1784418327.5490,181.64743,2222721289,0.56020,0.14775,1
1784418327.5554,181.65385,2222785396,0.55543,0.15171,1
1784418327.5624,181.66087,2222855652,0.55527,0.15560,1
1784418327.5688,181.66724,2222919233,0.55181,0.16727,1
1784418327.5757,181.67419,2222988791,0.55036,0.17526,1
1784418327.5822,181.68062,2223053130,0.55084,0.18654,1
1784418327.5891,181.68755,2223122349,0.54650,0.19510,1
1784418327.5956,181.69403,2223187177,0.54590,0.19428,1
1784418327.6022,181.70071,2223254112,0.54577,0.19817,1
1784418327.6092,181.70769,2223323749,0.55210,0.20190,1
1784418327.6156,181.71411,2223388059,0.55078,0.20582,1
1784418327.6226,181.72107,2223457545,0.55094,0.21341,1
1784418327.6291,181.72754,2223522349,0.55037,0.22149,1
1784418327.6361,181.73454,2223592352,0.54787,0.22513,1
1784418327.6425,181.74092,2223656132,0.54787,0.22513,1
1784418327.6494,181.74789,2223725837,0.55306,0.20735,1
1784418327.6558,181.75430,2223789974,0.55107,0.21151,1
1784418327.6628,181.76122,2223859111,0.55107,0.21151,1
1784418327.6695,181.76801,2223927002,0.54224,0.21598,1
1784418327.6759,181.77438,2223990688,0.54471,0.21625,1
1784418327.6829,181.78139,2224060814,0.54471,0.21625,1
1784418327.6894,181.78783,2224125107,0.54687,0.22347,1
1784418327.6963,181.79474,2224194239,0.55128,0.22311,1
1784418327.7027,181.80121,2224258950,0.55128,0.22311,1
1784418327.7094,181.80789,2224325857,0.55199,0.22202,1
1784418327.7163,181.81480,2224394937,0.55510,0.22459,1
1784418327.7228,181.82129,2224459821,0.55546,0.21618,1
1784418327.7298,181.82826,2224529570,0.55587,0.20519,1
1784418327.7366,181.83502,2224597119,0.55915,0.19310,1
1784418327.7432,181.84171,2224663926,0.55883,0.16968,1
1784418327.7496,181.84807,2224727654,0.55997,0.13551,1
1784418327.7563,181.85478,2224794762,0.56048,0.12935,1
1784418327.7633,181.86176,2224864519,0.56040,0.12176,1
1784418327.7697,181.86816,2224928505,0.56151,0.12407,1
1784418327.7767,181.87515,2224998446,0.56072,0.11951,1
1784418327.7831,181.88159,2225062794,0.56072,0.11951,1
1784418327.7901,181.88853,2225132209,0.56091,0.12010,1
1784418327.7965,181.89496,2225196549,0.56020,0.12263,1
1784418327.8034,181.90189,2225265759,0.56020,0.12263,1
1784418327.8102,181.90871,2225334018,0.55681,0.10845,1
1784418327.8168,181.91528,2225399777,0.55648,0.14332,1
1784418327.8233,181.92177,2225464555,0.55631,0.14764,1
1784418327.8302,181.92870,2225533792,0.54677,0.17787,1
1784418327.8370,181.93544,2225601309,0.55625,0.18320,1
1784418327.8434,181.94186,2225665565,0.55638,0.19152,1
1784418327.8503,181.94881,2225734966,0.55631,0.20874,1
1784418327.8571,181.95561,2225802983,0.55846,0.20397,1
1784418327.8638,181.96222,2225869082,0.55846,0.20397,1
1784418327.8702,181.96867,2225933584,0.55686,0.20628,1
1784418327.8771,181.97557,2226002642,0.55713,0.20910,1
1784418327.8836,181.98204,2226067285,0.55713,0.20910,1
1784418327.8905,181.98897,2226136543,0.55925,0.20344,1
1784418327.8972,181.99570,2226203915,0.55883,0.20385,1
1784418327.9037,182.00215,2226268427,0.55883,0.20385,1
1784418327.9106,182.00905,2226337449,0.56119,0.20112,1
1784418327.9171,182.01555,2226402415,0.56509,0.20051,1
1784418327.9241,182.02255,2226472363,0.56509,0.20051,1
1784418327.9307,182.02916,2226538545,0.55381,0.19675,1
1784418327.9372,182.03563,2226603248,0.54255,0.18970,1
1784418327.9441,182.04260,2226672971,0.54255,0.18970,1
1784418327.9510,182.04942,2226741166,0.54852,0.18339,1
1784418327.9576,182.05605,2226807350,0.54924,0.18145,1
1784418327.9639,182.06241,2226870942,0.54910,0.18520,1
1784418327.9709,182.06937,2226940540,0.54108,0.20723,1
1784418327.9774,182.07582,2227005151,0.55382,0.21574,1
1784418327.9843,182.08275,2227074363,0.55395,0.22301,1
1784418327.9915,182.08997,2227146643,0.55840,0.21903,1
1784418327.9977,182.09613,2227208203,0.54754,0.23481,1
1784418328.0044,182.10283,2227275174,0.54746,0.22289,1
1784418328.0111,182.10956,2227342426,0.52752,0.22733,1
1784418328.0175,182.11601,2227407030,0.52507,0.19483,1
1784418328.0245,182.12292,2227476171,0.52436,0.17945,1
1784418328.0313,182.12973,2227544285,0.51626,0.17865,1
1784418328.0379,182.13632,2227610192,0.51846,0.18283,1
1784418328.0446,182.14311,2227678036,0.51888,0.19097,1
1784418328.0510,182.14951,2227742039,0.52095,0.20303,1
1784418328.0580,182.15643,2227811257,0.52081,0.21051,1
1784418328.0647,182.16312,2227878036,0.52159,0.22571,1
1784418328.0714,182.16985,2227945373,0.52253,0.24100,1
1784418328.0778,182.17630,2228009878,0.52811,0.23517,1
1784418328.0847,182.18321,2228079041,0.52834,0.24595,1
1784418328.0915,182.19000,2228146889,0.52994,0.25900,1
1784418328.0981,182.19659,2228212917,0.53032,0.26796,1
1784418328.1049,182.20340,2228280899,0.53064,0.27503,1
1784418328.1115,182.21001,2228346967,0.53553,0.26309,1
1784418328.1184,182.21687,2228415573,0.53414,0.27050,1
1784418328.1247,182.22321,2228478997,0.53414,0.27050,1
1784418328.1317,182.23013,2228548256,0.53541,0.27193,1
1784418328.1381,182.23659,2228612801,0.53559,0.27363,1
1784418328.1448,182.24327,2228679606,0.53559,0.27363,1
1784418328.1517,182.25020,2228748881,0.53635,0.27333,1
1784418328.1586,182.25705,2228817459,0.54060,0.28106,1
1784418328.1652,182.26364,2228883282,0.54060,0.28106,1
1784418328.1716,182.27007,2228947561,0.53993,0.27599,1
1784418328.1783,182.27678,2229014688,0.54226,0.27554,1
1784418328.1850,182.28345,2229081442,0.54204,0.25246,1
1784418328.1917,182.29015,2229148362,0.56259,0.17126,1
1784418328.1987,182.29713,2229218326,0.57473,0.12097,1
1784418328.2051,182.30359,2229282783,0.57427,0.10527,1
1784418328.2121,182.31053,2229352171,0.58186,0.13472,1
1784418328.2185,182.31694,2229416357,0.57548,0.17046,1
1784418328.2254,182.32387,2229485622,0.57541,0.19499,1
1784418328.2319,182.33037,2229550536,0.57400,0.19874,1
1784418328.2386,182.33707,2229617549,0.57553,0.19854,1
1784418328.2456,182.34406,2229687392,0.57553,0.19854,1
1784418328.2522,182.35066,2229753513,0.57867,0.19738,1
1784418328.2590,182.35744,2229821280,0.58178,0.19665,1
1784418328.2656,182.36406,2229887488,0.58202,0.20025,1
1784418328.2723,182.37076,2229954494,0.58556,0.19418,1
1784418328.2788,182.37724,2230019305,0.58552,0.19465,1
1784418328.2857,182.38416,2230088462,0.58552,0.19465,1
1784418328.2924,182.39091,2230156066,0.58840,0.18590,1
1784418328.2992,182.39764,2230223312,0.58780,0.18793,1
1784418328.3059,182.40434,2230290270,0.58780,0.18793,1
1784418328.3123,182.41074,2230354292,0.59314,0.18178,1
1784418328.3192,182.41766,2230423473,0.58454,0.18096,1
1784418328.3257,182.42412,2230488119,0.58426,0.18491,1
1784418328.3324,182.43083,2230555211,0.58681,0.18916,1
1784418328.3394,182.43782,2230625064,0.58818,0.19514,1
1784418328.3457,182.44421,2230689076,0.58807,0.20283,1
1784418328.3527,182.45119,2230758753,0.58872,0.20550,1
1784418328.3591,182.45760,2230822915,0.59204,0.20315,1
1784418328.3661,182.46455,2230892458,0.59204,0.20315,1
1784418328.3728,182.47128,2230959779,0.59101,0.19926,1
1784418328.3795,182.47795,2231026387,0.59434,0.22020,1
1784418328.3862,182.48466,2231093620,0.59434,0.22020,1
1784418328.3931,182.49152,2231162082,0.59754,0.20760,1
1784418328.3996,182.49805,2231227368,0.59716,0.20744,1
1784418328.4061,182.50452,2231292063,0.59716,0.20744,1
1784418328.4130,182.51143,2231361249,0.59726,0.21067,1
1784418328.4198,182.51822,2231429029,0.59799,0.20686,1
1784418328.4261,182.52460,2231492937,0.59799,0.20686,1
1784418328.4331,182.53154,2231562312,0.59886,0.20512,1
1784418328.4395,182.53799,2231626790,0.59218,0.19532,1
1784418328.4465,182.54494,2231696326,0.59233,0.18754,1
1784418328.4529,182.55139,2231760873,0.60031,0.17267,1
1784418328.4596,182.55809,2231827773,0.60142,0.16791,1
1784418328.4666,182.56505,2231897426,0.60163,0.16010,1
1784418328.4730,182.57150,2231962003,0.60877,0.16178,1
1784418328.4800,182.57846,2232031545,0.60813,0.16062,1
1784418328.4864,182.58488,2232095802,0.60788,0.16843,1
1784418328.4934,182.59190,2232166000,0.60248,0.17888,1
1784418328.5002,182.59868,2232233732,0.60271,0.18855,1
1784418328.5068,182.60529,2232299795,0.60249,0.19632,1
1784418328.5132,182.61168,2232363686,0.59710,0.20461,1
1784418328.5201,182.61859,2232432885,0.59503,0.20616,1
1784418328.5266,182.62508,2232497608,0.59520,0.19847,1
1784418328.5335,182.63199,2232566819,0.60180,0.19100,1
1784418328.5403,182.63872,2232634022,0.59981,0.17768,1
1784418328.5467,182.64517,2232698610,0.60080,0.16149,1
1784418328.5537,182.65213,2232768253,0.60767,0.14959,1
1784418328.5601,182.65857,2232832536,0.60663,0.13428,1
1784418328.5668,182.66527,2232899628,0.60712,0.11780,1
1784418328.5738,182.67223,2232969209,0.61235,0.11521,1
1784418328.5802,182.67867,2233033619,0.61145,0.09066,1
1784418328.5871,182.68559,2233102838,0.61075,0.09941,1
1784418328.5936,182.69203,2233167286,0.60326,0.12534,1
1784418328.6006,182.69905,2233237428,0.60378,0.14724,1
1784418328.6072,182.70567,2233303645,0.60308,0.17151,1
1784418328.6140,182.71242,2233371057,0.60131,0.18603,1
1784418328.6204,182.71886,2233435477,0.60216,0.19161,1
1784418328.6273,182.72577,2233504669,0.60195,0.19936,1
1784418328.6338,182.73225,2233569516,0.60001,0.20154,1
1784418328.6407,182.73917,2233638508,0.60324,0.20808,1
1784418328.6475,182.74596,2233706399,0.60324,0.20808,1
1784418328.6539,182.75235,2233770388,0.60141,0.20884,1
1784418328.6609,182.75934,2233840334,0.60266,0.21063,1
1784418328.6673,182.76573,2233904247,0.60266,0.21063,1
1784418328.6743,182.77272,2233974162,0.60408,0.20700,1
1784418328.6811,182.77954,2234042255,0.60565,0.20784,1
1784418328.6877,182.78616,2234108607,0.60565,0.20784,1
1784418328.6941,182.79256,2234172408,0.60767,0.20812,1
1784418328.7010,182.79945,2234241413,0.60746,0.20317,1
1784418328.7075,182.80594,2234306224,0.60804,0.19144,1
1784418328.7142,182.81264,2234373254,0.60871,0.18150,1
1784418328.7212,182.81966,2234443520,0.60876,0.16271,1
1784418328.7276,182.82602,2234507174,0.60965,0.14271,1
1784418328.7345,182.83299,2234576828,0.61212,0.12710,1
1784418328.7410,182.83942,2234641094,0.61070,0.11704,1
1784418328.7479,182.84633,2234710273,0.61128,0.09936,1
1784418328.7543,182.85281,2234775048,0.61264,0.08721,1
1784418328.7611,182.85953,2234842255,0.60285,0.07673,1
1784418328.7680,182.86647,2234911557,0.60307,0.06789,1
1784418328.7744,182.87289,2234975923,0.61523,0.06697,1
1784418328.7814,182.87987,2235045637,0.61786,0.06598,1
1784418328.7878,182.88631,2235109946,0.61786,0.06598,1
1784418328.7948,182.89322,2235179111,0.61748,0.06372,1
1784418328.8016,182.90007,2235247584,0.61647,0.06702,1
1784418328.8082,182.90662,2235313133,0.61647,0.06702,1
1784418328.8150,182.91348,2235381808,0.60726,0.06338,1
1784418328.8213,182.91980,2235444872,0.60751,0.06440,1
1784418328.8283,182.92677,2235514566,0.60711,0.06904,1
1784418328.8347,182.93318,2235578706,0.61085,0.09559,1
1784418328.8416,182.94011,2235647998,0.59927,0.10407,1
1784418328.8485,182.94696,2235716482,0.59871,0.11671,1
1784418328.8552,182.95363,2235783193,0.58919,0.12773,1
1784418328.8617,182.96021,2235848964,0.59123,0.13307,1
1784418328.8686,182.96704,2235917305,0.59096,0.14947,1
1784418328.8749,182.97340,2235981004,0.59560,0.16149,1
1784418328.8818,182.98030,2236049952,0.59774,0.16640,1
1784418328.8887,182.98712,2236118067,0.59753,0.17519,1
1784418328.8951,182.99352,2236182008,0.60060,0.16339,1
1784418328.9019,183.00041,2236251027,0.60553,0.16715,1
1784418328.9084,183.00687,2236315644,0.60530,0.17491,1
1784418328.9154,183.01382,2236385085,0.59733,0.18178,1
1784418328.9218,183.02026,2236449606,0.60223,0.18404,1
1784418328.9285,183.02698,2236516706,0.60233,0.18781,1
1784418328.9356,183.03406,2236587438,0.62520,0.17264,1
1784418328.9419,183.04036,2236650488,0.62308,0.16462,1
1784418328.9488,183.04729,2236719706,0.62381,0.14886,1
1784418328.9553,183.05377,2236784576,0.61316,0.14160,1
1784418328.9622,183.06070,2236853890,0.61459,0.13392,1
1784418328.9687,183.06717,2236918552,0.61488,0.12608,1
1784418328.9754,183.07387,2236985520,0.61674,0.14053,1
1784418328.9821,183.08054,2237052270,0.61920,0.13796,1
1784418328.9890,183.08751,2237122008,0.61920,0.13796,1
1784418328.9957,183.09416,2237188592,0.61634,0.15080,1
1784418329.0025,183.10100,2237256828,0.61693,0.13711,1
1784418329.0089,183.10735,2237320342,0.61728,0.12825,1
1784418329.0159,183.11432,2237390106,0.62820,0.12770,1
1784418329.0223,183.12073,2237454249,0.61602,0.11970,1
1784418329.0292,183.12770,2237523994,0.61595,0.11496,1
1784418329.0357,183.13417,2237588568,0.61659,0.09402,1
1784418329.0427,183.14116,2237658529,0.61534,0.11112,1
1784418329.0491,183.14757,2237722516,0.61546,0.11499,1
1784418329.0560,183.15450,2237791930,0.62456,0.11512,1
1784418329.0629,183.16133,2237860213,0.62542,0.09506,1
1784418329.0695,183.16800,2237926835,0.62624,0.08249,1
1784418329.0759,183.17433,2237990268,0.62426,0.07093,1
1784418329.0828,183.18130,2238059885,0.62851,0.06959,1
1784418329.0893,183.18773,2238124267,0.62892,0.06065,1
1784418329.0962,183.19464,2238193318,0.62361,0.06126,1
1784418329.1026,183.20111,2238258021,0.62271,0.05923,1
1784418329.1094,183.20782,2238325176,0.62271,0.05923,1
1784418329.1163,183.21474,2238394301,0.62293,0.06426,1
1784418329.1230,183.22144,2238461257,0.62278,0.06356,1
1784418329.1297,183.22813,2238528296,0.62278,0.06356,1
1784418329.1365,183.23492,2238596094,0.62935,0.06772,1
1784418329.1431,183.24155,2238662377,0.62819,0.06588,1
1784418329.1499,183.24834,2238730320,0.62778,0.07474,1
1784418329.1565,183.25493,2238796255,0.62831,0.08291,1
1784418329.1633,183.26172,2238864089,0.62731,0.08847,1
1784418329.1696,183.26811,2238927962,0.62690,0.09737,1
1784418329.1766,183.27504,2238997293,0.62494,0.09796,1
1784418329.1830,183.28151,2239062058,0.62526,0.09429,1
1784418329.1900,183.28851,2239132007,0.62486,0.09893,1
1784418329.1964,183.29489,2239195893,0.62343,0.10850,1
1784418329.2034,183.30182,2239265031,0.62331,0.11492,1
1784418329.2098,183.30830,2239329948,0.62332,0.11922,1
1784418329.2165,183.31499,2239396811,0.62690,0.11471,1
1784418329.2235,183.32198,2239466633,0.62622,0.10621,1
1784418329.2301,183.32861,2239533006,0.62664,0.09727,1
1784418329.2370,183.33543,2239601204,0.61707,0.09242,1
1784418329.2436,183.34203,2239667101,0.62132,0.09286,1
1784418329.2504,183.34886,2239735489,0.62087,0.09751,1
1784418329.2570,183.35547,2239801607,0.62251,0.09958,1
1784418329.2637,183.36217,2239868559,0.61371,0.11081,1
1784418329.2701,183.36859,2239932877,0.61305,0.12387,1
1784418329.2771,183.37555,2240002329,0.60534,0.13715,1
1784418329.2837,183.38219,2240068817,0.60729,0.13837,1
1784418329.2906,183.38907,2240137607,0.60705,0.14627,1
1784418329.2969,183.39539,2240200793,0.61193,0.16773,1
1784418329.3036,183.40208,2240267795,0.61272,0.16566,1
1784418329.3106,183.40909,2240337764,0.61272,0.16566,1
1784418329.3170,183.41551,2240401963,0.61642,0.16533,1
1784418329.3240,183.42242,2240471222,0.61812,0.16648,1
1784418329.3304,183.42886,2240535600,0.61812,0.16648,1
1784418329.3375,183.43593,2240606160,0.60907,0.16879,1
1784418329.3438,183.44226,2240669590,0.61129,0.16374,1
1784418329.3508,183.44926,2240739583,0.61101,0.17153,1
1784418329.3572,183.45567,2240803627,0.61292,0.18625,1
1784418329.3641,183.46257,2240872649,0.61220,0.19261,1
1784418329.3706,183.46906,2240937503,0.61226,0.19643,1
1784418329.3773,183.47577,2241004582,0.61575,0.19150,1
1784418329.3843,183.48274,2241074270,0.61447,0.16579,1
1784418329.3907,183.48915,2241138399,0.61477,0.15793,1
1784418329.3976,183.49606,2241207580,0.61796,0.16239,1
1784418329.4041,183.50255,2241272425,0.61749,0.15762,1
1784418329.4108,183.50923,2241339270,0.61781,0.14978,1
1784418329.4177,183.51620,2241408949,0.61859,0.14337,1
1784418329.4246,183.52310,2241477992,0.61884,0.13855,1
1784418329.4311,183.52960,2241542877,0.61879,0.13476,1
1784418329.4380,183.53644,2241611326,0.61479,0.15111,1
1784418329.4446,183.54311,2241677963,0.61698,0.15993,1
1784418329.4510,183.54951,2241742079,0.61635,0.17538,1
1784418329.4579,183.55637,2241810566,0.61404,0.19269,1
1784418329.4644,183.56282,2241875124,0.61067,0.20036,1
1784418329.4713,183.56975,2241944344,0.61039,0.20804,1
1784418329.4778,183.57623,2242009244,0.60963,0.21440,1
1784418329.4847,183.58315,2242078293,0.60848,0.21106,1
1784418329.4915,183.58994,2242146217,0.60848,0.21106,1
1784418329.4978,183.59630,2242209944,0.60602,0.21711,1
1784418329.5048,183.60326,2242279486,0.61495,0.21826,1
1784418329.5116,183.61011,2242348035,0.61495,0.21826,1
1784418329.5180,183.61642,2242411148,0.61356,0.22046,1
1784418329.5246,183.62309,2242477908,0.61174,0.22248,1
1784418329.5316,183.63004,2242547225,0.61203,0.21492,1
1784418329.5383,183.63681,2242614944,0.61052,0.19453,1
1784418329.5450,183.64342,2242681140,0.60771,0.20589,1
1784418329.5517,183.65021,2242748913,0.60796,0.19838,1
1784418329.5582,183.65662,2242813025,0.61011,0.17870,1
1784418329.5651,183.66354,2242882307,0.60890,0.20071,1
1784418329.5715,183.67000,2242946918,0.60890,0.20071,1
1784418329.5784,183.67691,2243016052,0.60879,0.18067,1
1784418329.5851,183.68361,2243083018,0.60977,0.18227,1
1784418329.5916,183.69009,2243147921,0.60977,0.18227,1
1784418329.5983,183.69681,2243214926,0.61051,0.18057,1
1784418329.6053,183.70378,2243284729,0.61068,0.18193,1
1784418329.6117,183.71021,2243349023,0.61041,0.18957,1
1784418329.6187,183.71721,2243419039,0.61660,0.19134,1
1784418329.6254,183.72382,2243485013,0.61467,0.20160,1
1784418329.6322,183.73064,2243553275,0.61436,0.20926,1
1784418329.6385,183.73700,2243616902,0.60842,0.20720,1
1784418329.6455,183.74397,2243686656,0.60722,0.20678,1
1784418329.6521,183.75061,2243753066,0.60722,0.20678,1
1784418329.6586,183.75706,2243817627,0.60857,0.20479,1
1784418329.6655,183.76401,2243887020,0.60953,0.20234,1
1784418329.6720,183.77049,2243951891,0.60953,0.20234,1
1784418329.6790,183.77744,2244021223,0.61223,0.21944,1
1784418329.6854,183.78386,2244085429,0.61215,0.21462,1
1784418329.6921,183.79060,2244152877,0.61215,0.21462,1
1784418329.6991,183.79753,2244222258,0.61330,0.21520,1
1784418329.7055,183.80397,2244286624,0.61275,0.21369,1
1784418329.7125,183.81094,2244356326,0.61275,0.21369,1
1784418329.7189,183.81737,2244420607,0.61296,0.21058,1
1784418329.7258,183.82428,2244489765,0.61442,0.20590,1
1784418329.7323,183.83075,2244554333,0.61442,0.20590,1
1784418329.7390,183.83749,2244621912,0.61430,0.20185,1
1784418329.7460,183.84442,2244691103,0.61423,0.20330,1
1784418329.7524,183.85086,2244755502,0.61423,0.20330,1
1784418329.7593,183.85777,2244824595,0.61345,0.19519,1
1784418329.7658,183.86423,2244889231,0.61319,0.19179,1
1784418329.7725,183.87094,2244956255,0.61319,0.19179,1
1784418329.7796,183.87802,2245027157,0.61057,0.22181,1
1784418329.7859,183.88435,2245090407,0.62150,0.21796,1
1784418329.7928,183.89127,2245159499,0.62150,0.21796,1
1784418329.7993,183.89775,2245224420,0.61950,0.20908,1
1784418329.8062,183.90469,2245293791,0.61895,0.21052,1
1784418329.8130,183.91145,2245361507,0.61895,0.21052,1
1784418329.8194,183.91785,2245425402,0.61749,0.20664,1
1784418329.8264,183.92484,2245495302,0.61781,0.22321,1
1784418329.8330,183.93149,2245561813,0.61781,0.22321,1
1784418329.8398,183.93825,2245629340,0.61800,0.22129,1
1784418329.8462,183.94463,2245693235,0.61671,0.21909,1
1784418329.8531,183.95155,2245762495,0.61671,0.21909,1
1784418329.8596,183.95802,2245827125,0.60879,0.21669,1
1784418329.8663,183.96474,2245894229,0.60940,0.21476,1
1784418329.8730,183.97142,2245961103,0.60940,0.21476,1
1784418329.8797,183.97812,2246028096,0.61147,0.21776,1
1784418329.8866,183.98508,2246097756,0.61044,0.21802,1
1784418329.8931,183.99152,2246162116,0.61044,0.21802,1
1784418329.9000,183.99850,2246231952,0.61379,0.21053,1
1784418329.9064,184.00490,2246295913,0.61623,0.21585,1
1784418329.9134,184.01183,2246365217,0.61623,0.21585,1
1784418329.9198,184.01831,2246430040,0.61676,0.21807,1
1784418329.9268,184.02522,2246499141,0.61844,0.22562,1
1784418329.9335,184.03201,2246567116,0.61916,0.21413,1
1784418329.9402,184.03864,2246633224,0.62107,0.18543,1
1784418329.9469,184.04541,2246701024,0.61250,0.17872,1
1784418329.9534,184.05182,2246765067,0.61306,0.16358,1
1784418329.9603,184.05873,2246834218,0.61655,0.12745,1
1784418329.9667,184.06519,2246898769,0.61797,0.12696,1
1784418329.9737,184.07219,2246968808,0.61841,0.12236,1
1784418329.9801,184.07860,2247032952,0.62150,0.12682,1
1784418329.9870,184.08551,2247102070,0.62178,0.11868,1
1784418329.9939,184.09233,2247170273,0.62207,0.10554,1
1784418330.0005,184.09894,2247236359,0.62587,0.11473,1
1784418330.0073,184.10573,2247304259,0.61458,0.11283,1
1784418330.0139,184.11237,2247370503,0.61426,0.12156,1
1784418330.0206,184.11902,2247437056,0.61610,0.14258,1
1784418330.0272,184.12570,2247503886,0.61536,0.13873,1
1784418330.0337,184.13220,2247568915,0.61503,0.14749,1
1784418330.0406,184.13910,2247637859,0.61755,0.16640,1
1784418330.0474,184.14586,2247705476,0.61689,0.14156,1
1784418330.0538,184.15228,2247769734,0.61689,0.14156,1
1784418330.0609,184.15939,2247840799,0.61601,0.14632,1
1784418330.0677,184.16615,2247908469,0.61448,0.16202,1
1784418330.0742,184.17265,2247973459,0.61448,0.16202,1
1784418330.0806,184.17906,2248037557,0.61483,0.14075,1
1784418330.0875,184.18599,2248106809,0.61470,0.15887,1
1784418330.0942,184.19269,2248173725,0.61503,0.15021,1
1784418330.1010,184.19943,2248241198,0.62132,0.13330,1
1784418330.1077,184.20612,2248308039,0.62064,0.12156,1
1784418330.1141,184.21257,2248372603,0.62025,0.12546,1
1784418330.1210,184.21948,2248441727,0.61590,0.13949,1
1784418330.1275,184.22597,2248506565,0.61680,0.14897,1
1784418330.1346,184.23302,2248577013,0.61613,0.16556,1
1784418330.1409,184.23936,2248640581,0.61468,0.16634,1
1784418330.1478,184.24626,2248709555,0.61314,0.16550,1
1784418330.1546,184.25304,2248777342,0.61314,0.16550,1
1784418330.1610,184.25946,2248841448,0.62320,0.16175,1
1784418330.1680,184.26642,2248911158,0.62261,0.17615,1
1784418330.1744,184.27284,2248975370,0.62261,0.17615,1
1784418330.1813,184.27980,2249044889,0.61979,0.18824,1
1784418330.1880,184.28650,2249111977,0.61892,0.18518,1
1784418330.1948,184.29326,2249179422,0.61892,0.18518,1
1784418330.2015,184.29997,2249246659,0.62077,0.19686,1
1784418330.2079,184.30635,2249310360,0.61939,0.19650,1
1784418330.2148,184.31331,2249379981,0.62019,0.18809,1
1784418330.2213,184.31975,2249444324,0.62654,0.16906,1
1784418330.2282,184.32664,2249513403,0.61813,0.15382,1
1784418330.2347,184.33315,2249578309,0.61870,0.13353,1
1784418330.2414,184.33984,2249645338,0.61396,0.12369,1
1784418330.2484,184.34685,2249715312,0.61490,0.12552,1
1784418330.2550,184.35344,2249781350,0.61490,0.12552,1
1784418330.2614,184.35991,2249845987,0.61157,0.12631,1
1784418330.2682,184.36664,2249913220,0.61263,0.12731,1
1784418330.2751,184.37358,2249982737,0.61206,0.14350,1
1784418330.2819,184.38040,2250050889,0.61527,0.16262,1
1784418330.2885,184.38695,2250116323,0.61567,0.17812,1
1784418330.2953,184.39377,2250184560,0.61462,0.19818,1
1784418330.3019,184.40033,2250250204,0.62156,0.20582,1
1784418330.3086,184.40709,2250317732,0.62123,0.21137,1
1784418330.3153,184.41373,2250384143,0.62087,0.21893,1
1784418330.3220,184.42049,2250451819,0.62485,0.22456,1
1784418330.3284,184.42691,2250516041,0.62587,0.22557,1
1784418330.3353,184.43381,2250585059,0.62587,0.22557,1
1784418330.3421,184.44061,2250653034,0.61847,0.22822,1
1784418330.3488,184.44722,2250719046,0.60822,0.21071,1
1784418330.3555,184.45401,2250786935,0.60848,0.20306,1
1784418330.3619,184.46040,2250850926,0.62018,0.19891,1
1784418330.3689,184.46736,2250920470,0.61214,0.19167,1
1784418330.3755,184.47401,2250987083,0.61282,0.18006,1
1784418330.3823,184.48080,2251054922,0.62058,0.17509,1
1784418330.3888,184.48723,2251119142,0.61138,0.16598,1
1784418330.3957,184.49413,2251188238,0.61100,0.16996,1
1784418330.4021,184.50060,2251252883,0.62151,0.18678,1
1784418330.4091,184.50752,2251322088,0.62005,0.20128,1
1784418330.4155,184.51398,2251386659,0.61935,0.21644,1
1784418330.4224,184.52089,2251455854,0.61615,0.22469,1
1784418330.4291,184.52760,2251522974,0.61557,0.22527,1
1784418330.4359,184.53432,2251590093,0.61557,0.22527,1
1784418330.4425,184.54100,2251656882,0.62456,0.21233,1
1784418330.4490,184.54749,2251721823,0.62454,0.21441,1
1784418330.4557,184.55418,2251788685,0.62497,0.21050,1
1784418330.4624,184.56087,2251855643,0.62369,0.20591,1
1784418330.4691,184.56758,2251922706,0.62190,0.20082,1
1784418330.4760,184.57451,2251991970,0.62226,0.19324,1
1784418330.4825,184.58096,2252056472,0.61615,0.19525,1
1784418330.4894,184.58791,2252125959,0.61589,0.18136,1
1784418330.4959,184.59436,2252190488,0.61589,0.18136,1
1784418330.5026,184.60104,2252257365,0.61468,0.17836,1
1784418330.5096,184.60803,2252327198,0.61333,0.19531,1
1784418330.5160,184.61447,2252391578,0.61333,0.19531,1
1784418330.5229,184.62137,2252460571,0.61366,0.17825,1
1784418330.5294,184.62785,2252525453,0.61523,0.18134,1
1784418330.5361,184.63454,2252592238,0.61523,0.18134,1
1784418330.5430,184.64148,2252661764,0.61412,0.18324,1
1784418330.5497,184.64816,2252728537,0.61371,0.18331,1
1784418330.5564,184.65486,2252795547,0.61371,0.18331,1
1784418330.5632,184.66167,2252863567,0.61495,0.18272,1
1784418330.5699,184.66832,2252930046,0.61654,0.19067,1
1784418330.5766,184.67505,2252997438,0.61654,0.19067,1
1784418330.5830,184.68146,2253061466,0.61768,0.16974,1
1784418330.5899,184.68839,2253130791,0.61867,0.16818,1
1784418330.5964,184.69484,2253195287,0.61826,0.17216,1
1784418330.6034,184.70190,2253266024,0.61248,0.17868,1
1784418330.6100,184.70845,2253331440,0.61425,0.18733,1
1784418330.6167,184.71515,2253398364,0.61363,0.19860,1
1784418330.6231,184.72160,2253462994,0.61371,0.20832,1
1784418330.6301,184.72855,2253532420,0.61539,0.20976,1
1784418330.6368,184.73524,2253599306,0.61575,0.20533,1
1784418330.6432,184.74171,2253664052,0.61794,0.21144,1
1784418330.6502,184.74869,2253733754,0.61950,0.18029,1
1784418330.6567,184.75514,2253798295,0.62015,0.16561,1
1784418330.6636,184.76204,2253867289,0.62658,0.17956,1
1784418330.6703,184.76880,2253934954,0.62796,0.19162,1
1784418330.6767,184.77521,2253999048,0.62886,0.17910,1
1784418330.6838,184.78223,2254069175,0.63366,0.15361,1
1784418330.6902,184.78862,2254133049,0.63621,0.15905,1
1784418330.6971,184.79553,2254202266,0.63621,0.15905,1
1784418330.7036,184.80203,2254267180,0.63539,0.17013,1
1784418330.7103,184.80872,2254334068,0.63628,0.18040,1
1784418330.7169,184.81540,2254400929,0.63532,0.19653,1
1784418330.7236,184.82208,2254467740,0.63581,0.19571,1
1784418330.7306,184.82907,2254537670,0.63740,0.18537,1
1784418330.7370,184.83551,2254602060,0.63740,0.18537,1
1784418330.7440,184.84242,2254671063,0.63767,0.17921,1
1784418330.7504,184.84891,2254736031,0.63827,0.18060,1
1784418330.7574,184.85585,2254805419,0.63778,0.18457,1
1784418330.7641,184.86259,2254872924,0.63761,0.18676,1
1784418330.7708,184.86922,2254939102,0.63833,0.19731,1
1784418330.7776,184.87602,2255007178,0.63785,0.20499,1
1784418330.7839,184.88240,2255070843,0.63917,0.20524,1
1784418330.7909,184.88936,2255140561,0.64010,0.20555,1
1784418330.7973,184.89577,2255204645,0.64010,0.20555,1
1784418330.8042,184.90269,2255273846,0.62958,0.20129,1
1784418330.8107,184.90919,2255338830,0.63099,0.20279,1
1784418330.8174,184.91589,2255405797,0.63099,0.20279,1
1784418330.8243,184.92281,2255474930,0.63186,0.20492,1
1784418330.8308,184.92926,2255539455,0.63321,0.20434,1
1784418330.8375,184.93597,2255606621,0.63321,0.20434,1
1784418330.8445,184.94292,2255676006,0.63270,0.20752,1
1784418330.8509,184.94940,2255740878,0.63283,0.21170,1
1784418330.8580,184.95648,2255811800,0.63283,0.21170,1
1784418330.8643,184.96277,2255874669,0.63390,0.21402,1
1784418330.8713,184.96973,2255944218,0.63247,0.21589,1
1784418330.8777,184.97615,2256008491,0.63207,0.21935,1
1784418330.8844,184.98286,2256075566,0.63567,0.23318,1
1784418330.8914,184.98987,2256145591,0.63542,0.24927,1
1784418330.8978,184.99626,2256209520,0.63499,0.25587,1
1784418330.9047,185.00320,2256278918,0.63168,0.23042,1
1784418330.9114,185.00987,2256345685,0.63109,0.23685,1
1784418330.9181,185.01657,2256412610,0.63149,0.23336,1
1784418330.9246,185.02306,2256477533,0.63131,0.22968,1
1784418330.9313,185.02977,2256544594,0.62955,0.21626,1
1784418330.9382,185.03668,2256613798,0.62993,0.20946,1
1784418330.9451,185.04356,2256682545,0.63944,0.21236,1
1784418330.9518,185.05029,2256749776,0.63802,0.21483,1
1784418330.9583,185.05678,2256814649,0.63802,0.21483,1
1784418330.9650,185.06349,2256881884,0.63833,0.22004,1
1784418330.9715,185.06993,2256946258,0.63815,0.21941,1
1784418330.9784,185.07684,2257015416,0.63864,0.21182,1
1784418330.9849,185.08333,2257080209,0.63542,0.20283,1
1784418330.9916,185.09003,2257147150,0.63662,0.19352,1
1784418330.9985,185.09700,2257216838,0.63709,0.18591,1
1784418331.0050,185.10342,2257281136,0.63278,0.18424,1
1784418331.0119,185.11034,2257350343,0.63480,0.18608,1
1784418331.0184,185.11684,2257415236,0.63529,0.18222,1
1784418331.0251,185.12354,2257482220,0.63184,0.17178,1
1784418331.0320,185.13048,2257551659,0.63332,0.16026,1
1784418331.0387,185.13715,2257618303,0.63374,0.15260,1
1784418331.0455,185.14401,2257687022,0.64205,0.14528,1
1784418331.0519,185.15033,2257750177,0.64216,0.14459,1
1784418331.0589,185.15736,2257820484,0.64216,0.14459,1
1784418331.0654,185.16391,2257886035,0.64041,0.15489,1
1784418331.0722,185.17062,2257953176,0.62697,0.17069,1
1784418331.0786,185.17711,2258018068,0.62740,0.16213,1
1784418331.0856,185.18402,2258087116,0.64263,0.15580,1
1784418331.0923,185.19073,2258154324,0.63166,0.14459,1
1784418331.0987,185.19719,2258218871,0.63212,0.13602,1
1784418331.1057,185.20413,2258288261,0.63472,0.12527,1
1784418331.1124,185.21082,2258355053,0.63545,0.12571,1
1784418331.1191,185.21756,2258422488,0.63545,0.12571,1
1784418331.1255,185.22400,2258486977,0.63522,0.13851,1
1784418331.1325,185.23099,2258556849,0.63795,0.11354,1
1784418331.1392,185.23763,2258623129,0.63746,0.12230,1
1784418331.1458,185.24431,2258690026,0.63916,0.14662,1
1784418331.1527,185.25113,2258758138,0.63873,0.15383,1
1784418331.1590,185.25749,2258821833,0.63776,0.17003,1
1784418331.1660,185.26448,2258891741,0.63943,0.17327,1
1784418331.1724,185.27089,2258955745,0.64017,0.17813,1
1784418331.1791,185.27759,2259022797,0.63965,0.18209,1
1784418331.1858,185.28426,2259089534,0.63972,0.18220,1
1784418331.1927,185.29120,2259158901,0.63956,0.17579,1
1784418331.1994,185.29790,2259225830,0.63956,0.17579,1
1784418331.2059,185.30437,2259290613,0.64130,0.17476,1
1784418331.2126,185.31108,2259357714,0.64206,0.19622,1
1784418331.2193,185.31776,2259424613,0.64206,0.19622,1
1784418331.2260,185.32448,2259491700,0.64011,0.19229,1
1784418331.2329,185.33139,2259560859,0.63907,0.19072,1
1784418331.2394,185.33788,2259625614,0.63907,0.19072,1
1784418331.2463,185.34479,2259694790,0.62721,0.17360,1
1784418331.2531,185.35153,2259762245,0.62855,0.17647,1
1784418331.2597,185.35818,2259828748,0.62855,0.17647,1
1784418331.2665,185.36499,2259896794,0.62929,0.18293,1
1784418331.2729,185.37135,2259960465,0.62643,0.18566,1
1784418331.2796,185.37807,2260027579,0.62643,0.18566,1
1784418331.2863,185.38477,2260094498,0.62618,0.18647,1
1784418331.2930,185.39148,2260161744,0.62486,0.18897,1
1784418331.2999,185.39839,2260230752,0.62532,0.18510,1
1784418331.3064,185.40485,2260295361,0.62394,0.16125,1
1784418331.3133,185.41176,2260364536,0.63075,0.15588,1
1784418331.3198,185.41824,2260429371,0.63161,0.13939,1
1784418331.3267,185.42516,2260498542,0.63058,0.13185,1
1784418331.3336,185.43208,2260567730,0.63073,0.12639,1
1784418331.3401,185.43861,2260633090,0.63118,0.11766,1
1784418331.3469,185.44533,2260700196,0.63877,0.11659,1
1784418331.3533,185.45175,2260764393,0.63569,0.11412,1
1784418331.3602,185.45866,2260833484,0.63521,0.12288,1
1784418331.3670,185.46550,2260901973,0.64150,0.12896,1
1784418331.3734,185.47183,2260965302,0.63784,0.14597,1
1784418331.3803,185.47879,2261034890,0.63688,0.16230,1
1784418331.3868,185.48523,2261099205,0.63577,0.17682,1
1784418331.3937,185.49219,2261168764,0.63194,0.17342,1
1784418331.4005,185.49899,2261236868,0.63107,0.18502,1
1784418331.4069,185.50533,2261300198,0.63001,0.19446,1
1784418331.4138,185.51228,2261369695,0.62757,0.20778,1
1784418331.4203,185.51872,2261434162,0.62677,0.21882,1
1784418331.4272,185.52570,2261503870,0.62415,0.21854,1
1784418331.4337,185.53212,2261568107,0.63439,0.22210,1
1784418331.4406,185.53905,2261637356,0.63397,0.22890,1
1784418331.4474,185.54582,2261705091,0.62617,0.23609,1
1784418331.4538,185.55222,2261769103,0.62478,0.23789,1
1784418331.4607,185.55914,2261838334,0.62516,0.23446,1
1784418331.4671,185.56561,2261903045,0.62879,0.22199,1
1784418331.4741,185.57253,2261972170,0.63005,0.21408,1
1784418331.4805,185.57899,2262036897,0.63043,0.20727,1
1784418331.4872,185.58571,2262103951,0.63145,0.21702,1
1784418331.4942,185.59268,2262173661,0.63299,0.21726,1
1784418331.5006,185.59911,2262238009,0.63299,0.21726,1
1784418331.5076,185.60605,2262307328,0.63274,0.21173,1
1784418331.5143,185.61272,2262374103,0.63273,0.21132,1
1784418331.5210,185.61945,2262441294,0.63273,0.21132,1
1784418331.5275,185.62592,2262506096,0.63579,0.20981,1
1784418331.5341,185.63260,2262572888,0.63510,0.21021,1
1784418331.5411,185.63954,2262642328,0.63556,0.20626,1
1784418331.5475,185.64598,2262706707,0.63646,0.19677,1
1784418331.5544,185.65291,2262776005,0.63789,0.18502,1
1784418331.5609,185.65936,2262840591,0.63836,0.17731,1
1784418331.5676,185.66608,2262907699,0.62746,0.17312,1
1784418331.5746,185.67310,2262977823,0.63963,0.19043,1
1784418331.5810,185.67949,2263041743,0.63963,0.19043,1
1784418331.5879,185.68640,2263110859,0.64042,0.17164,1
1784418331.5944,185.69287,2263175661,0.63136,0.16703,1
1784418331.6011,185.69957,2263242682,0.63136,0.16703,1
1784418331.6078,185.70625,2263309432,0.62227,0.17014,1
1784418331.6145,185.71297,2263376522,0.62357,0.16940,1
1784418331.6215,185.71992,2263446206,0.62394,0.16166,1
1784418331.6279,185.72635,2263510363,0.63083,0.16588,1
1784418331.6348,185.73328,2263579717,0.63299,0.15937,1
1784418331.6413,185.73975,2263644411,0.63343,0.14701,1
1784418331.6480,185.74648,2263711648,0.63773,0.15778,1
1784418331.6549,185.75337,2263780673,0.62985,0.15274,1
1784418331.6614,185.75986,2263845524,0.62946,0.16032,1
1784418331.6681,185.76654,2263912381,0.62270,0.16817,1
1784418331.6750,185.77348,2263981758,0.62490,0.17353,1
1784418331.6815,185.77995,2264046495,0.62490,0.17832,1
1784418331.6885,185.78694,2264116308,0.63197,0.16021,1
1784418331.6949,185.79335,2264180424,0.63332,0.14962,1
1784418331.7018,185.80026,2264249570,0.63286,0.15361,1
1784418331.7087,185.80714,2264318286,0.63520,0.18449,1
1784418331.7150,185.81348,2264381751,0.63702,0.19764,1
1784418331.7220,185.82042,2264451063,0.63656,0.20902,1
1784418331.7284,185.82686,2264515457,0.64401,0.21501,1
1784418331.7351,185.83354,2264582302,0.62656,0.20544,1
1784418331.7418,185.84023,2264649093,0.62734,0.19035,1
1784418331.7485,185.84694,2264716250,0.63256,0.17654,1
1784418331.7555,185.85400,2264787006,0.63264,0.16991,1
1784418331.7619,185.86032,2264850150,0.63260,0.16622,1
1784418331.7688,185.86728,2264919633,0.63727,0.15216,1
1784418331.7753,185.87373,2264984185,0.63865,0.16600,1
1784418331.7822,185.88066,2265053553,0.63872,0.16490,1
1784418331.7887,185.88713,2265118163,0.63760,0.14957,1
1784418331.7956,185.89406,2265187486,0.63991,0.14344,1
1784418331.8020,185.90051,2265252036,0.63991,0.14344,1
1784418331.8088,185.90723,2265319246,0.63813,0.15896,1
1784418331.8159,185.91437,2265390652,0.63584,0.16714,1
1784418331.8224,185.92084,2265455301,0.63532,0.17593,1
1784418331.8291,185.92755,2265522478,0.63254,0.18279,1
1784418331.8358,185.93423,2265589287,0.63169,0.16653,1
1784418331.8425,185.94092,2265656141,0.63217,0.15766,1
1784418331.8490,185.94742,2265721023,0.62768,0.15992,1
1784418331.8556,185.95410,2265787896,0.62709,0.15590,1
1784418331.8625,185.96101,2265857089,0.62752,0.15193,1
1784418331.8693,185.96780,2265925019,0.62649,0.15156,1
1784418331.8757,185.97421,2265988985,0.62474,0.15075,1
1784418331.8827,185.98119,2266058791,0.62433,0.15951,1
1784418331.8895,185.98798,2266126748,0.63984,0.16341,1
1784418331.8962,185.99469,2266193747,0.63825,0.17009,1
1784418331.9028,186.00122,2266259151,0.63831,0.17319,1
1784418331.9095,186.00795,2266326399,0.63232,0.16528,1
1784418331.9159,186.01440,2266390893,0.63056,0.15445,1
1784418331.9226,186.02107,2266457613,0.63007,0.15428,1
1784418331.9296,186.02806,2266527448,0.62267,0.18286,1
1784418331.9360,186.03448,2266591696,0.62968,0.19086,1
1784418331.9429,186.04140,2266660920,0.62921,0.19957,1
1784418331.9494,186.04788,2266725765,0.62473,0.19633,1
1784418331.9563,186.05479,2266794859,0.62865,0.19531,1
1784418331.9631,186.06158,2266862786,0.62951,0.18381,1
1784418331.9697,186.06819,2266928817,0.58908,0.18601,1
1784418331.9765,186.07498,2266996771,0.56075,0.17655,1
1784418331.9832,186.08171,2267063952,0.56075,0.17655,1
1784418331.9896,186.08806,2267127469,0.49053,0.17614,1
1784418331.9965,186.09499,2267196734,0.44958,0.20624,1
1784418332.0032,186.10168,2267263781,0.44958,0.20624,1
1784418332.0097,186.10817,2267328562,0.34907,0.22800,1
1784418332.0164,186.11485,2267395482,0.32806,0.24483,1
1784418332.0231,186.12154,2267462329,0.32806,0.24483,1
1784418332.0301,186.12856,2267532476,0.29323,0.27854,1
1784418332.0367,186.13518,2267598640,0.28736,0.28544,1
1784418332.0434,186.14189,2267665820,0.29128,0.29803,1
1784418332.0499,186.14836,2267730473,0.30332,0.28785,1
1784418332.0568,186.15529,2267799839,0.29074,0.31043,1
1784418332.0633,186.16176,2267864505,0.29341,0.31971,1
1784418332.0702,186.16869,2267933770,0.30152,0.32408,1
1784418332.0771,186.17552,2268002137,0.30559,0.32866,1
1784418332.0836,186.18210,2268067893,0.30298,0.31931,1
1784418332.0905,186.18893,2268136279,0.30422,0.29566,1
1784418332.0970,186.19550,2268201836,0.28906,0.27677,1
1784418332.1035,186.20195,2268266353,0.28516,0.26402,1
1784418332.1104,186.20886,2268335471,0.28171,0.26023,1
1784418332.1172,186.21565,2268403402,0.27950,0.26625,1
1784418332.1236,186.22205,2268467309,0.28163,0.27309,1
1784418332.1306,186.22902,2268537035,0.28441,0.27264,1
1784418332.1369,186.23541,2268601091,0.28776,0.26611,1
1784418332.1439,186.24236,2268670389,0.28776,0.26611,1
1784418332.1504,186.24884,2268735287,0.29083,0.27099,1
1784418332.1573,186.25574,2268804347,0.28328,0.26703,1
1784418332.1637,186.26221,2268868974,0.28595,0.27657,1
1784418332.1705,186.26894,2268936220,0.29194,0.29469,1
1784418332.1776,186.27608,2269007705,0.29957,0.31245,1
1784418332.1839,186.28233,2269070181,0.30353,0.32527,1
1784418332.1908,186.28926,2269139501,0.30398,0.33688,1
1784418332.1973,186.29572,2269204044,0.30407,0.33852,1
1784418332.2042,186.30266,2269273470,0.30327,0.33516,1
1784418332.2106,186.30910,2269337956,0.30378,0.31857,1
1784418332.2173,186.31580,2269404933,0.30756,0.30809,1
1784418332.2243,186.32274,2269474347,0.30372,0.29522,1
1784418332.2307,186.32921,2269538973,0.30321,0.30065,1
1784418332.2377,186.33612,2269608098,0.30135,0.29439,1
1784418332.2441,186.34261,2269673011,0.29673,0.27784,1
1784418332.2508,186.34930,2269739920,0.29650,0.24675,1
1784418332.2578,186.35631,2269810046,0.28292,0.23658,1
1784418332.2643,186.36272,2269874101,0.28061,0.22880,1
1784418332.2712,186.36971,2269943922,0.28350,0.23048,1
1784418332.2779,186.37634,2270010269,0.28813,0.23852,1
1784418332.2846,186.38307,2270077649,0.29012,0.24533,1
1784418332.2910,186.38948,2270141746,0.28901,0.24897,1
1784418332.2977,186.39619,2270208853,0.28957,0.24877,1
1784418332.3047,186.40315,2270278382,0.28957,0.24877,1
1784418332.3111,186.40959,2270342773,0.28900,0.24897,1
1784418332.3181,186.41655,2270412391,0.29002,0.24626,1
1784418332.3245,186.42300,2270476893,0.29002,0.24626,1
1784418332.3315,186.42992,2270546121,0.28959,0.24574,1
1784418332.3379,186.43639,2270610748,0.28939,0.24916,1
1784418332.3446,186.44308,2270677759,0.28939,0.24916,1
1784418332.3513,186.44977,2270744569,0.28480,0.24896,1
1784418332.3580,186.45647,2270811617,0.28516,0.25004,1
1784418332.3650,186.46349,2270881835,0.28516,0.25004,1
1784418332.3714,186.46985,2270945443,0.28564,0.25165,1
1784418332.3783,186.47679,2271014754,0.28840,0.23786,1
1784418332.3851,186.48355,2271082405,0.28840,0.23786,1
1784418332.3915,186.48996,2271146435,0.28707,0.24595,1
1784418332.3985,186.49696,2271216619,0.27770,0.24613,1
1784418332.4049,186.50336,2271280504,0.27770,0.24613,1
1784418332.4118,186.51031,2271350096,0.27314,0.25179,1
1784418332.4183,186.51677,2271414594,0.27282,0.25701,1
1784418332.4252,186.52367,2271483620,0.27282,0.25701,1
1784418332.4317,186.53015,2271548378,0.27437,0.25220,1
1784418332.4384,186.53685,2271615378,0.27684,0.25200,1
1784418332.4454,186.54387,2271685602,0.27771,0.25591,1
1784418332.4518,186.55026,2271749528,0.28250,0.26315,1
1784418332.4589,186.55736,2271820413,0.28564,0.27250,1
1784418332.4654,186.56387,2271885626,0.28801,0.28021,1
1784418332.4722,186.57062,2271953124,0.29469,0.28017,1
1784418332.4786,186.57706,2272017495,0.29450,0.27823,1
1784418332.4853,186.58374,2272084383,0.29630,0.28423,1
1784418332.4922,186.59070,2272153911,0.28862,0.28759,1
1784418332.4987,186.59717,2272218574,0.29324,0.28493,1
1784418332.5056,186.60410,2272287914,0.29509,0.29102,1
1784418332.5121,186.61052,2272352075,0.29505,0.29373,1
1784418332.5190,186.61748,2272421642,0.28837,0.28357,1
1784418332.5255,186.62393,2272486173,0.28916,0.28708,1
1784418332.5324,186.63086,2272555579,0.29241,0.29341,1
1784418332.5392,186.63763,2272623257,0.29548,0.31483,1
1784418332.5455,186.64401,2272687073,0.29573,0.31564,1
1784418332.5525,186.65096,2272756507,0.29605,0.30004,1
1784418332.5590,186.65746,2272821531,0.29441,0.31031,1
1784418332.5659,186.66434,2272890268,0.29040,0.29749,1
1784418332.5724,186.67082,2272955106,0.28677,0.27285,1
1784418332.5791,186.67752,2273022133,0.28628,0.26800,1
1784418332.5858,186.68422,2273089107,0.28416,0.26106,1
1784418332.5927,186.69113,2273158230,0.28542,0.26577,1
1784418332.5996,186.69803,2273227181,0.28260,0.26747,1
1784418332.6061,186.70453,2273292147,0.28260,0.26747,1
1784418332.6128,186.71127,2273359655,0.28133,0.26732,1
1784418332.6193,186.71773,2273424129,0.28267,0.26589,1
1784418332.6262,186.72462,2273493116,0.28267,0.26589,1
1784418332.6329,186.73138,2273560749,0.28434,0.26515,1
1784418332.6396,186.73802,2273627141,0.28120,0.26611,1
1784418332.6464,186.74490,2273695931,0.28120,0.26611,1
1784418332.6528,186.75122,2273759160,0.27681,0.26519,1
1784418332.6598,186.75829,2273829827,0.26647,0.26163,1
1784418332.6664,186.76488,2273895699,0.26787,0.26509,1
1784418332.6731,186.77161,2273962991,0.27490,0.25675,1
1784418332.6797,186.77820,2274028961,0.27546,0.25750,1
1784418332.6866,186.78508,2274097749,0.27452,0.25353,1
1784418332.6929,186.79140,2274160885,0.27352,0.26110,1
1784418332.6998,186.79829,2274229892,0.26966,0.24991,1
1784418332.7063,186.80479,2274294895,0.26810,0.24607,1
1784418332.7130,186.81146,2274361601,0.26626,0.27058,1
1784418332.7199,186.81841,2274430923,0.26783,0.27733,1
1784418332.7264,186.82489,2274495843,0.26941,0.28117,1
1784418332.7335,186.83192,2274566179,0.26783,0.27741,1
1784418332.7398,186.83827,2274629650,0.26355,0.26586,1
1784418332.7468,186.84525,2274699422,0.26102,0.25816,1
1784418332.7534,186.85188,2274765793,0.25473,0.25740,1
1784418332.7602,186.85864,2274833412,0.25290,0.26166,1
1784418332.7666,186.86507,2274897580,0.25290,0.26166,1
1784418332.7735,186.87198,2274966736,0.24883,0.23132,1
1784418332.7800,186.87848,2275031750,0.25034,0.23573,1
1784418332.7867,186.88515,2275098385,0.25034,0.23573,1
1784418332.7936,186.89211,2275167946,0.24677,0.23941,1
1784418332.8001,186.89854,2275232428,0.24666,0.24516,1
1784418332.8070,186.90547,2275301688,0.24767,0.24905,1
1784418332.8139,186.91238,2275370826,0.25967,0.26020,1
1784418332.8204,186.91890,2275435906,0.26820,0.26032,1
1784418332.8273,186.92575,2275504383,0.27071,0.26814,1
1784418332.8338,186.93230,2275569893,0.27074,0.27504,1
1784418332.8407,186.93915,2275638337,0.27182,0.25489,1
1784418332.8472,186.94571,2275703996,0.27182,0.25489,1
1784418332.8537,186.95216,2275768506,0.27208,0.26027,1
1784418332.8606,186.95911,2275838043,0.27074,0.25978,1
1784418332.8673,186.96576,2275904471,0.27157,0.26326,1
1784418332.8740,186.97249,2275971734,0.27274,0.26535,1
1784418332.8807,186.97916,2276038501,0.27491,0.29256,1
1784418332.8875,186.98593,2276106209,0.27714,0.29938,1
1784418332.8939,186.99234,2276170368,0.27310,0.31414,1
1784418332.9008,186.99925,2276239387,0.27256,0.31174,1
1784418332.9073,187.00574,2276304314,0.27256,0.31174,1
1784418332.9140,187.01245,2276371487,0.27379,0.30696,1
1784418332.9209,187.01935,2276440448,0.27299,0.30650,1
1784418332.9274,187.02583,2276505270,0.27213,0.30310,1
1784418332.9343,187.03276,2276574541,0.26863,0.29048,1
1784418332.9407,187.03920,2276638929,0.26659,0.27890,1
1784418332.9474,187.04591,2276705995,0.26718,0.28154,1
1784418332.9545,187.05296,2276776598,0.26779,0.28871,1
1784418332.9611,187.05954,2276842314,0.27070,0.31926,1
1784418332.9678,187.06625,2276909466,0.27302,0.32600,1
1784418332.9743,187.07272,2276974105,0.27188,0.31755,1
1784418332.9810,187.07945,2277041449,0.27015,0.31065,1
1784418332.9879,187.08640,2277110797,0.26810,0.30465,1
1784418332.9952,187.09363,2277183178,0.26830,0.31631,1
1784418333.0013,187.09978,2277244652,0.26752,0.31897,1
1784418333.0077,187.10620,2277308975,0.26752,0.31897,1
1784418333.0147,187.11313,2277378199,0.27147,0.31177,1
1784418333.0215,187.11993,2277446250,0.27356,0.30982,1
1784418333.0281,187.12656,2277512483,0.27356,0.30982,1
1784418333.0348,187.13327,2277579645,0.27721,0.31106,1
1784418333.0413,187.13972,2277644198,0.27911,0.31190,1
1784418333.0482,187.14662,2277713149,0.27829,0.30850,1
1784418333.0549,187.15337,2277780601,0.27754,0.29671,1
1784418333.0613,187.15981,2277844918,0.26617,0.29388,1
1784418333.0684,187.16685,2277915386,0.26389,0.28713,1
1784418333.0747,187.17319,2277978749,0.26359,0.27949,1
1784418333.0817,187.18013,2278048162,0.26557,0.28027,1
1784418333.0881,187.18658,2278112763,0.26557,0.28027,1
1784418333.0951,187.19354,2278182404,0.26620,0.27493,1
1784418333.1015,187.19997,2278246629,0.26711,0.28099,1
1784418333.1085,187.20694,2278316284,0.26711,0.28099,1
1784418333.1149,187.21338,2278380715,0.26704,0.27885,1
1784418333.1216,187.22008,2278447740,0.26903,0.27608,1
1784418333.1286,187.22710,2278517943,0.26903,0.27608,1
1784418333.1352,187.23369,2278583843,0.26698,0.27689,1
1784418333.1417,187.24016,2278648422,0.26788,0.28168,1
1784418333.1486,187.24709,2278717711,0.26788,0.28168,1
1784418333.1555,187.25394,2278786348,0.26025,0.28042,1
1784418333.1621,187.26053,2278852207,0.27103,0.28270,1
1784418333.1687,187.26720,2278918871,0.27103,0.28270,1
1784418333.1754,187.27388,2278985684,0.26713,0.28650,1
1784418333.1821,187.28058,2279052634,0.26656,0.28566,1
1784418333.1886,187.28705,2279117423,0.26656,0.28566,1
1784418333.1953,187.29376,2279184477,0.26816,0.29052,1
1784418333.2022,187.30070,2279253967,0.27570,0.29402,1
1784418333.2092,187.30762,2279323023,0.27570,0.29402,1
1784418333.2157,187.31421,2279389031,0.27276,0.29763,1
1784418333.2223,187.32079,2279454769,0.27046,0.29914,1
1784418333.2290,187.32748,2279521824,0.26905,0.29587,1
1784418333.2355,187.33394,2279586290,0.26654,0.29874,1
1784418333.2424,187.34087,2279655584,0.26488,0.29796,1
1784418333.2491,187.34760,2279722903,0.26713,0.30457,1
1784418333.2558,187.35425,2279789428,0.26685,0.30477,1
1784418333.2626,187.36102,2279857104,0.27959,0.31300,1
1784418333.2690,187.36746,2279921477,0.28292,0.32225,1
1784418333.2759,187.37434,2279990401,0.28958,0.31077,1
1784418333.2824,187.38083,2280055170,0.28673,0.30489,1
1784418333.2891,187.38754,2280122310,0.28455,0.29808,1
1784418333.2961,187.39455,2280192315,0.27794,0.28884,1
1784418333.3025,187.40094,2280256259,0.27512,0.28420,1
1784418333.3094,187.40785,2280325411,0.27226,0.27426,1
1784418333.3159,187.41432,2280390123,0.26576,0.26354,1
1784418333.3228,187.42123,2280459302,0.26353,0.25705,1
1784418333.3292,187.42770,2280523983,0.26101,0.24928,1
1784418333.3362,187.43463,2280593252,0.25561,0.26840,1
1784418333.3430,187.44147,2280661534,0.25549,0.26824,1
1784418333.3494,187.44783,2280725207,0.25549,0.26824,1
1784418333.3564,187.45482,2280795061,0.25503,0.26314,1
1784418333.3627,187.46121,2280859102,0.25443,0.25963,1
1784418333.3694,187.46791,2280925982,0.25443,0.25963,1
1784418333.3761,187.47461,2280992935,0.25642,0.25972,1
1784418333.3831,187.48157,2281062646,0.26596,0.25215,1
1784418333.3899,187.48840,2281130991,0.26596,0.25215,1
1784418333.3965,187.49501,2281197091,0.25552,0.24700,1
1784418333.4034,187.50185,2281265303,0.25818,0.24877,1
1784418333.4100,187.50850,2281331951,0.25818,0.24877,1
1784418333.4164,187.51482,2281395101,0.25993,0.24599,1
1784418333.4233,187.52176,2281464479,0.25968,0.24329,1
1784418333.4297,187.52820,2281528828,0.26061,0.24717,1
1784418333.4367,187.53513,2281598173,0.26576,0.26999,1
1784418333.4431,187.54160,2281662934,0.26844,0.27853,1
1784418333.4498,187.54829,2281729888,0.27096,0.28619,1
1784418333.4568,187.55522,2281799161,0.27326,0.28880,1
1784418333.4632,187.56168,2281863740,0.27436,0.28686,1
1784418333.4702,187.56863,2281933326,0.27436,0.28686,1
1784418333.4766,187.57509,2281997794,0.27483,0.28768,1
1784418333.4833,187.58179,2282064773,0.27395,0.28600,1
1784418333.4903,187.58875,2282134420,0.27473,0.28942,1
1784418333.4967,187.59517,2282198634,0.27891,0.29329,1
1784418333.5036,187.60210,2282267805,0.28066,0.30155,1
1784418333.5101,187.60858,2282332774,0.28286,0.30829,1
1784418333.5168,187.61528,2282399732,0.28370,0.31392,1
1784418333.5238,187.62222,2282469118,0.28174,0.30898,1
1784418333.5302,187.62866,2282533596,0.28094,0.30555,1
1784418333.5371,187.63557,2282602714,0.27879,0.29864,1
1784418333.5436,187.64207,2282667687,0.27357,0.29166,1
1784418333.5503,187.64876,2282734476,0.27134,0.28489,1
1784418333.5573,187.65575,2282804447,0.27061,0.27821,1
1784418333.5637,187.66217,2282868626,0.26987,0.27113,1
1784418333.5707,187.66914,2282938315,0.26987,0.27113,1
1784418333.5771,187.67557,2283002546,0.27116,0.26716,1
1784418333.5840,187.68251,2283071970,0.26924,0.29049,1
1784418333.5908,187.68930,2283139920,0.26924,0.29049,1
1784418333.5975,187.69595,2283206490,0.27120,0.28300,1
1784418333.6042,187.70267,2283273620,0.27439,0.28048,1
1784418333.6106,187.70908,2283337652,0.27439,0.28048,1
1784418333.6176,187.71605,2283407356,0.27529,0.28353,1
1784418333.6240,187.72246,2283471561,0.27264,0.28156,1
1784418333.6310,187.72946,2283541570,0.27264,0.28156,1
1784418333.6374,187.73586,2283605511,0.27773,0.28290,1
1784418333.6443,187.74277,2283674637,0.27783,0.28384,1
1784418333.6508,187.74922,2283739162,0.27861,0.28720,1
1784418333.6577,187.75615,2283808395,0.27123,0.29195,1
1784418333.6642,187.76263,2283873255,0.27463,0.29909,1
1784418333.6709,187.76932,2283940136,0.27687,0.30585,1
1784418333.6778,187.77629,2284009884,0.28942,0.29353,1
1784418333.6843,187.78273,2284074202,0.29160,0.29764,1
1784418333.6912,187.78970,2284143945,0.29084,0.29418,1
1784418333.6979,187.79634,2284210311,0.27774,0.29738,1
1784418333.7046,187.80309,2284277760,0.27361,0.30097,1
1784418333.7113,187.80975,2284344372,0.27138,0.29428,1
1784418333.7180,187.81645,2284411412,0.28969,0.29192,1
1784418333.7245,187.82292,2284476133,0.32223,0.29501,1
1784418333.7314,187.82983,2284545293,0.32288,0.29840,1
1784418333.7381,187.83655,2284612328,0.33819,0.28900,1
1784418333.7446,187.84303,2284677167,0.34481,0.29918,1
1784418333.7515,187.84996,2284746530,0.34594,0.30246,1
1784418333.7579,187.85640,2284810977,0.34542,0.28992,1
1784418333.7649,187.86339,2284880846,0.34381,0.28579,1
1784418333.7716,187.87003,2284947153,0.34361,0.28499,1
1784418333.7783,187.87674,2285014366,0.34937,0.29193,1
1784418333.7851,187.88358,2285082714,0.35010,0.29563,1
1784418333.7918,187.89029,2285149825,0.35158,0.30164,1
1784418333.7984,187.89682,2285215140,0.34203,0.30471,1
1784418333.8052,187.90364,2285283256,0.34225,0.30376,1
1784418333.8115,187.90999,2285346835,0.34225,0.30376,1
1784418333.8185,187.91692,2285416041,0.34310,0.30449,1
1784418333.8249,187.92340,2285480871,0.34212,0.30254,1
1784418333.8318,187.93031,2285550001,0.34058,0.29654,1
1784418333.8386,187.93706,2285617420,0.33943,0.28814,1
1784418333.8450,187.94348,2285681747,0.33677,0.27970,1
1784418333.8517,187.95020,2285748813,0.33523,0.27366,1
1784418333.8587,187.95721,2285819064,0.34545,0.26946,1
1784418333.8651,187.96359,2285882792,0.34095,0.26797,1
1784418333.8721,187.97057,2285952554,0.34095,0.26797,1
1784418333.8785,187.97699,2286016833,0.33709,0.28275,1
1784418333.8852,187.98369,2286083766,0.33934,0.27750,1
1784418333.8919,187.99036,2286150496,0.33934,0.27750,1
1784418333.8988,187.99730,2286219853,0.33624,0.29057,1
1784418333.9056,188.00403,2286287223,0.33440,0.29619,1
1784418333.9120,188.01047,2286351583,0.33440,0.29619,1
1784418333.9190,188.01744,2286421296,0.33536,0.29473,1
1784418333.9254,188.02386,2286485601,0.33447,0.29050,1
1784418333.9321,188.03056,2286552549,0.33447,0.29050,1
1784418333.9391,188.03755,2286622423,0.33638,0.28534,1
1784418333.9455,188.04398,2286686650,0.33870,0.28771,1
1784418333.9524,188.05087,2286755643,0.33870,0.28771,1
1784418333.9592,188.05766,2286823474,0.33128,0.28755,1
1784418333.9658,188.06429,2286889731,0.33123,0.28178,1
1784418333.9726,188.07111,2286957905,0.33123,0.28178,1
1784418333.9792,188.07770,2287023832,0.33354,0.29989,1
1784418333.9862,188.08464,2287093340,0.33551,0.28306,1
1784418333.9927,188.09120,2287158876,0.33377,0.27629,1
1784418333.9991,188.09755,2287222333,0.33775,0.26222,1
1784418334.0060,188.10448,2287291728,0.33934,0.25237,1
1784418334.0125,188.11092,2287356147,0.33934,0.25237,1
1784418334.0194,188.11786,2287425485,0.33414,0.27078,1
1784418334.0262,188.12466,2287493610,0.32822,0.27481,1
1784418334.0326,188.13103,2287557148,0.33000,0.28159,1
1784418334.0395,188.13797,2287626580,0.33391,0.27960,1
1784418334.0460,188.14445,2287691501,0.32631,0.27969,1
1784418334.0530,188.15146,2287761432,0.32631,0.27969,1
1784418334.0594,188.15784,2287825282,0.32880,0.28057,1
1784418334.0663,188.16475,2287894347,0.33145,0.28372,1
1784418334.0728,188.17122,2287959169,0.33206,0.28707,1
1784418334.0797,188.17815,2288028392,0.33626,0.29630,1
1784418334.0864,188.18491,2288095999,0.33873,0.30200,1
1784418334.0928,188.19131,2288160119,0.34049,0.30875,1
1784418334.0996,188.19803,2288227141,0.32204,0.31594,1
1784418334.1063,188.20473,2288294167,0.33278,0.30366,1
1784418334.1132,188.21162,2288363216,0.33278,0.30366,1
1784418334.1199,188.21838,2288430746,0.33409,0.30702,1
1784418334.1264,188.22484,2288495351,0.33213,0.31160,1
1784418334.1333,188.23172,2288564153,0.33147,0.30816,1
1784418334.1397,188.23820,2288628997,0.33696,0.30302,1
1784418334.1467,188.24515,2288698384,0.33124,0.30051,1
1784418334.1535,188.25197,2288766613,0.32873,0.28991,1
1784418334.1602,188.25862,2288833149,0.32105,0.27622,1
1784418334.1668,188.26523,2288899248,0.31827,0.27478,1
1784418334.1736,188.27209,2288967908,0.31618,0.26715,1
1784418334.1800,188.27843,2289031216,0.30990,0.26422,1
1784418334.1868,188.28531,2289100015,0.30929,0.26446,1
1784418334.1933,188.29181,2289165023,0.30818,0.26168,1
1784418334.2000,188.29849,2289231873,0.31179,0.26461,1
1784418334.2070,188.30545,2289301414,0.31995,0.26338,1
1784418334.2134,188.31189,2289365844,0.32199,0.27100,1
1784418334.2204,188.31888,2289435672,0.32411,0.28291,1
1784418334.2268,188.32529,2289499810,0.32378,0.28130,1
1784418334.2335,188.33199,2289566747,0.32623,0.29139,1
1784418334.2404,188.33890,2289635876,0.32233,0.28894,1
1784418334.2469,188.34537,2289700513,0.33219,0.29491,1
1784418334.2538,188.35229,2289769840,0.33331,0.29831,1
1784418334.2606,188.35904,2289837338,0.33916,0.29456,1
1784418334.2671,188.36552,2289902104,0.33621,0.28632,1
1784418334.2739,188.37239,2289970819,0.33445,0.27949,1
1784418334.2804,188.37888,2290035684,0.33475,0.28071,1
1784418334.2871,188.38559,2290102749,0.32867,0.27593,1
1784418334.2940,188.39250,2290171966,0.32616,0.26519,1
1784418334.3005,188.39896,2290236453,0.31842,0.25346,1
1784418334.3075,188.40593,2290306270,0.31599,0.24186,1
1784418334.3141,188.41258,2290372737,0.31216,0.22735,1
1784418334.3208,188.41928,2290439661,0.30750,0.22162,1
1784418334.3273,188.42577,2290504580,0.30959,0.21578,1
1784418334.3340,188.43246,2290571599,0.30959,0.21578,1
1784418334.3410,188.43947,2290641592,0.30830,0.22073,1
1784418334.3478,188.44624,2290709363,0.30933,0.21416,1
1784418334.3545,188.45299,2290776752,0.31006,0.21809,1
1784418334.3611,188.45953,2290842172,0.31276,0.22648,1
1784418334.3677,188.46619,2290908747,0.31181,0.23473,1
1784418334.3746,188.47305,2290977381,0.31388,0.24254,1
1784418334.3811,188.47961,2291043081,0.31970,0.24402,1
1784418334.3876,188.48605,2291107390,0.31984,0.23799,1
1784418334.3943,188.49275,2291174451,0.31913,0.23404,1
1784418334.4012,188.49971,2291243972,0.32065,0.24944,1
1784418334.4079,188.50638,2291310700,0.31837,0.23759,1
1784418334.4146,188.51308,2291377714,0.31882,0.24058,1
1784418334.4211,188.51953,2291442164,0.32243,0.24946,1
1784418334.4278,188.52625,2291509359,0.32660,0.25880,1
1784418334.4348,188.53325,2291579403,0.33038,0.27340,1
1784418334.4415,188.53992,2291646086,0.33487,0.27781,1
1784418334.4479,188.54633,2291710244,0.33435,0.27614,1
1784418334.4546,188.55304,2291777275,0.33435,0.27614,1
1784418334.4615,188.55998,2291846805,0.33539,0.27242,1
1784418334.4680,188.56645,2291911377,0.33339,0.29340,1
1784418334.4750,188.57344,2291981372,0.33339,0.29340,1
1784418334.4814,188.57982,2292045134,0.33279,0.29379,1
1784418334.4883,188.58676,2292114553,0.33437,0.28744,1
1784418334.4948,188.59322,2292179146,0.33437,0.28744,1
1784418334.5017,188.60014,2292248401,0.33481,0.29262,1
1784418334.5085,188.60695,2292316361,0.33566,0.28776,1
1784418334.5151,188.61353,2292382177,0.33566,0.28776,1
1784418334.5218,188.62029,2292449809,0.33519,0.28513,1
1784418334.5283,188.62672,2292514108,0.33166,0.29193,1
1784418334.5353,188.63377,2292584612,0.32989,0.28524,1
1784418334.5417,188.64014,2292648251,0.32477,0.25647,1
1784418334.5488,188.64725,2292719313,0.31869,0.27278,1
1784418334.5551,188.65352,2292782172,0.31615,0.26220,1
1784418334.5620,188.66049,2292851871,0.31245,0.23896,1
1784418334.5684,188.66689,2292915827,0.30816,0.23231,1
1784418334.5754,188.67383,2292985165,0.30790,0.23134,1
1784418334.5820,188.68051,2293052026,0.30602,0.23474,1
1784418334.5885,188.68700,2293116905,0.31819,0.24338,1
1784418334.5956,188.69402,2293187138,0.31819,0.24338,1
1784418334.6019,188.70039,2293250882,0.31649,0.23426,1
1784418334.6089,188.70741,2293320986,0.31266,0.22901,1
1784418334.6153,188.71379,2293384859,0.31266,0.22901,1
1784418334.6223,188.72072,2293454137,0.31738,0.23645,1
1784418334.6287,188.72719,2293518841,0.31661,0.24234,1
1784418334.6356,188.73410,2293587854,0.31841,0.24912,1
1784418334.6424,188.74091,2293655972,0.31831,0.24761,1
1784418334.6490,188.74751,2293721986,0.31825,0.24725,1
1784418334.6555,188.75398,2293786704,0.31825,0.24725,1
1784418334.6622,188.76068,2293853710,0.31822,0.24485,1
1784418334.6691,188.76759,2293922869,0.31907,0.24526,1
1784418334.6758,188.77428,2293989674,0.31907,0.24526,1
1784418334.6823,188.78078,2294054659,0.31923,0.24749,1
1784418334.6893,188.78772,2294124173,0.31595,0.23726,1
1784418334.6957,188.79417,2294188609,0.31414,0.23038,1
1784418334.7026,188.80107,2294257680,0.32136,0.22485,1
1784418334.7091,188.80757,2294322606,0.31768,0.22264,1
1784418334.7158,188.81427,2294389562,0.31768,0.22264,1
1784418334.7229,188.82133,2294460199,0.31943,0.23530,1
1784418334.7295,188.82796,2294526451,0.32238,0.24060,1
1784418334.7363,188.83472,2294594066,0.32413,0.24740,1
1784418334.7426,188.84106,2294657596,0.32438,0.25279,1
1784418334.7495,188.84799,2294726874,0.32128,0.25328,1
1784418334.7563,188.85475,2294794484,0.32199,0.25720,1
1784418334.7627,188.86116,2294858520,0.32603,0.23231,1
1784418334.7697,188.86815,2294928421,0.33826,0.24095,1
1784418334.7761,188.87454,2294992389,0.34081,0.25252,1
1784418334.7830,188.88148,2295061749,0.33928,0.26839,1
1784418334.7895,188.88795,2295126419,0.34373,0.27394,1
1784418334.7964,188.89491,2295195992,0.34310,0.27040,1
1784418334.8029,188.90132,2295260058,0.33751,0.26680,1
1784418334.8098,188.90825,2295329391,0.33047,0.25418,1
1784418334.8166,188.91504,2295397352,0.32698,0.24035,1
1784418334.8230,188.92145,2295461395,0.32943,0.23818,1
1784418334.8299,188.92836,2295530435,0.32671,0.23279,1
1784418334.8364,188.93484,2295595291,0.32671,0.23279,1
1784418334.8433,188.94174,2295664303,0.32649,0.23444,1
1784418334.8498,188.94823,2295729253,0.32555,0.23296,1
1784418334.8565,188.95494,2295796314,0.32555,0.23296,1
1784418334.8635,188.96194,2295866425,0.32605,0.23594,1
1784418334.8701,188.96854,2295932242,0.32735,0.22998,1
1784418334.8766,188.97502,2295997114,0.32909,0.23695,1
1784418334.8835,188.98193,2296066268,0.32877,0.26910,1
1784418334.8902,188.98869,2296133833,0.33147,0.25009,1
1784418334.8969,188.99533,2296200241,0.33147,0.25009,1
1784418334.9036,189.00211,2296268014,0.33063,0.24464,1
1784418334.9100,189.00851,2296332056,0.32942,0.23981,1
1784418334.9171,189.01558,2296402745,0.32769,0.23286,1
1784418334.9237,189.02216,2296468413,0.32936,0.23895,1
1784418334.9304,189.02890,2296535977,0.33206,0.23881,1
1784418334.9368,189.03531,2296599978,0.33306,0.24172,1
1784418334.9438,189.04222,2296669135,0.33581,0.25170,1
1784418334.9502,189.04869,2296733781,0.32867,0.23834,1
1784418334.9570,189.05544,2296801273,0.32909,0.24135,1
1784418334.9639,189.06238,2296870642,0.32205,0.25290,1
1784418334.9703,189.06879,2296934794,0.32781,0.26094,1
1784418334.9773,189.07573,2297004226,0.32983,0.26876,1
1784418334.9837,189.08217,2297068648,0.37364,0.26558,1
1784418334.9904,189.08888,2297135782,0.36674,0.26652,1
1784418334.9975,189.09592,2297206128,0.36574,0.26309,1
1784418335.0038,189.10229,2297269805,0.36254,0.26820,1
1784418335.0108,189.10927,2297339649,0.36347,0.27118,1
1784418335.0174,189.11589,2297405878,0.36500,0.27802,1
1784418335.0241,189.12259,2297472826,0.37174,0.28692,1
1784418335.0308,189.12930,2297539873,0.37632,0.29767,1
1784418335.0375,189.13599,2297606799,0.37781,0.30450,1
1784418335.0440,189.14246,2297671446,0.37996,0.30491,1
1784418335.0507,189.14915,2297738430,0.37276,0.30626,1
1784418335.0576,189.15608,2297807732,0.37276,0.30626,1
1784418335.0645,189.16292,2297876025,0.37414,0.31502,1
1784418335.0710,189.16949,2297941813,0.37672,0.29377,1
1784418335.0775,189.17595,2298006408,0.37622,0.29023,1
1784418335.0842,189.18266,2298073616,0.37595,0.28937,1
1784418335.0912,189.18962,2298143194,0.37475,0.28801,1
1784418335.0978,189.19627,2298209716,0.37270,0.27718,1
1784418335.1047,189.20316,2298278446,0.37351,0.27248,1
1784418335.1115,189.20993,2298346223,0.37261,0.26471,1
1784418335.1181,189.21658,2298412741,0.37097,0.25698,1
1784418335.1244,189.22285,2298475523,0.37016,0.25530,1
1784418335.1316,189.23003,2298547230,0.37133,0.25738,1
1784418335.1378,189.23627,2298609507,0.37133,0.25738,1
1784418335.1448,189.24323,2298679151,0.37069,0.25767,1
1784418335.1516,189.25006,2298747466,0.37375,0.23854,1
1784418335.1581,189.25659,2298812766,0.37427,0.24265,1
1784418335.1646,189.26303,2298877205,0.37555,0.25151,1
1784418335.1715,189.27000,2298947009,0.37748,0.26300,1
1784418335.1780,189.27644,2299011358,0.37909,0.27082,1
1784418335.1849,189.28336,2299080409,0.37958,0.27083,1
1784418335.1914,189.28983,2299145231,0.37911,0.27608,1
1784418335.1983,189.29675,2299214439,0.37911,0.27608,1
1784418335.2048,189.30324,2299279277,0.37768,0.27241,1
1784418335.2117,189.31015,2299348360,0.37793,0.27611,1
1784418335.2184,189.31689,2299415808,0.37793,0.27611,1
1784418335.2249,189.32335,2299480358,0.37527,0.29715,1
1784418335.2318,189.33026,2299549520,0.37652,0.27488,1
1784418335.2385,189.33694,2299616295,0.37652,0.27488,1
1784418335.2450,189.34344,2299681304,0.37375,0.27797,1
1784418335.2519,189.35040,2299751012,0.37043,0.29959,1
1784418335.2583,189.35681,2299815072,0.37043,0.29959,1
1784418335.2653,189.36375,2299884427,0.36890,0.26134,1
1784418335.2717,189.37021,2299949038,0.36406,0.29924,1
1784418335.2788,189.37726,2300019497,0.36406,0.29924,1
1784418335.2852,189.38364,2300083239,0.37425,0.26280,1
1784418335.2922,189.39062,2300153203,0.37356,0.26422,1
1784418335.2988,189.39726,2300219549,0.37356,0.26422,1
1784418335.3056,189.40405,2300287460,0.37272,0.26193,1
1784418335.3120,189.41045,2300351358,0.37263,0.26371,1
1784418335.3190,189.41747,2300421528,0.37263,0.26371,1
1784418335.3253,189.42380,2300484954,0.37320,0.26360,1
1784418335.3324,189.43082,2300555075,0.37519,0.26443,1
1784418335.3387,189.43721,2300619051,0.37519,0.26443,1
1784418335.3458,189.44424,2300689405,0.37236,0.29806,1
1784418335.3521,189.45061,2300752910,0.37411,0.29762,1
1784418335.3590,189.45750,2300822005,0.37456,0.30103,1
1784418335.3655,189.46400,2300886962,0.37694,0.28818,1
1784418335.3722,189.47069,2300953829,0.36805,0.31226,1
1784418335.3792,189.47771,2301023947,0.36906,0.31550,1
1784418335.3856,189.48407,2301087547,0.37045,0.29320,1
1784418335.3926,189.49106,2301157494,0.37019,0.30445,1
1784418335.3990,189.49748,2301221791,0.36920,0.30120,1
1784418335.4060,189.50444,2301291280,0.36834,0.30800,1
1784418335.4126,189.51109,2301357902,0.37983,0.30510,1
1784418335.4191,189.51759,2301422813,0.38084,0.30837,1
1784418335.4261,189.52458,2301492686,0.37833,0.31075,1
1784418335.4325,189.53096,2301556578,0.37447,0.30253,1
1784418335.4394,189.53790,2301625952,0.37298,0.29583,1
1784418335.4459,189.54436,2301690412,0.37122,0.29309,1
1784418335.4529,189.55138,2301760638,0.37213,0.29717,1
1784418335.4593,189.55775,2301824515,0.37213,0.29717,1
1784418335.4663,189.56473,2301894128,0.37127,0.30285,1
1784418335.4729,189.57140,2301960847,0.36711,0.26130,1
1784418335.4797,189.57814,2302028274,0.36561,0.25435,1
1784418335.4865,189.58493,2302096288,0.36570,0.25362,1
1784418335.4931,189.59154,2302162230,0.36504,0.25579,1
1784418335.4995,189.59798,2302226743,0.36355,0.24896,1
1784418335.5062,189.60466,2302293487,0.36373,0.25105,1
1784418335.5132,189.61165,2302363354,0.36686,0.24975,1
1784418335.5196,189.61804,2302427336,0.36686,0.24975,1
1784418335.5265,189.62498,2302496764,0.36620,0.24822,1
1784418335.5330,189.63147,2302561550,0.36427,0.24958,1
1784418335.5399,189.63837,2302630533,0.36575,0.25640,1
1784418335.5467,189.64517,2302698686,0.36897,0.26355,1
1784418335.5533,189.65176,2302764585,0.36985,0.24937,1
1784418335.5601,189.65855,2302832419,0.37133,0.25636,1
1784418335.5667,189.66516,2302898503,0.37400,0.26030,1
1784418335.5736,189.67209,2302967732,0.36014,0.25735,1
1784418335.5801,189.67856,2303032543,0.35858,0.25037,1
1784418335.5866,189.68504,2303097363,0.36363,0.24474,1
1784418335.5933,189.69174,2303164295,0.36228,0.25590,1
1784418335.6002,189.69870,2303233958,0.36078,0.24907,1
1784418335.6067,189.70514,2303298324,0.36680,0.24983,1
1784418335.6137,189.71216,2303368552,0.35561,0.24450,1
1784418335.6201,189.71854,2303432288,0.35561,0.24450,1
1784418335.6270,189.72546,2303501523,0.34652,0.24419,1
1784418335.6335,189.73192,2303566053,0.34945,0.23740,1
1784418335.6404,189.73891,2303635982,0.35103,0.24432,1
1784418335.6469,189.74533,2303700151,0.35371,0.25716,1
1784418335.6538,189.75223,2303769197,0.35800,0.25784,1
1784418335.6606,189.75908,2303837715,0.35956,0.26476,1
1784418335.6672,189.76564,2303903355,0.36106,0.27899,1
1784418335.6740,189.77245,2303971298,0.35166,0.26841,1
1784418335.6807,189.77914,2304038329,0.35224,0.27196,1
1784418335.6871,189.78552,2304102158,0.35762,0.28007,1
1784418335.6941,189.79256,2304172439,0.35984,0.29042,1
1784418335.7004,189.79890,2304235964,0.36087,0.29376,1
1784418335.7075,189.80598,2304306705,0.36133,0.28200,1
1784418335.7139,189.81232,2304370055,0.36077,0.27365,1
1784418335.7208,189.81926,2304439563,0.35920,0.26671,1
1784418335.7274,189.82591,2304506032,0.35887,0.26902,1
1784418335.7342,189.83263,2304573232,0.35915,0.26832,1
1784418335.7406,189.83908,2304637728,0.35915,0.26832,1
1784418335.7475,189.84601,2304706940,0.36066,0.26991,1
1784418335.7540,189.85249,2304771784,0.36224,0.27009,1
1784418335.7607,189.85919,2304838804,0.36070,0.26321,1
1784418335.7677,189.86612,2304908087,0.35990,0.24829,1
1784418335.7744,189.87283,2304975177,0.35783,0.24396,1
1784418335.7811,189.87953,2305042277,0.35630,0.23704,1
1784418335.7875,189.88599,2305106799,0.35682,0.23096,1
1784418335.7942,189.89268,2305173736,0.35636,0.24727,1
1784418335.8009,189.89937,2305240591,0.35690,0.25080,1
1784418335.8076,189.90608,2305307682,0.37205,0.26160,1
1784418335.8150,189.91350,2305381908,0.38378,0.25658,1
1784418335.8212,189.91969,2305443785,0.38610,0.26678,1
1784418335.8277,189.92616,2305508466,0.37977,0.28761,1
1784418335.8344,189.93288,2305575609,0.38039,0.28488,1
1784418335.8415,189.94000,2305646961,0.37897,0.27809,1
1784418335.8481,189.94653,2305712189,0.37527,0.26359,1
1784418335.8549,189.95334,2305780315,0.38234,0.25078,1
1784418335.8615,189.95992,2305846111,0.38046,0.23989,1
1784418335.8683,189.96674,2305914300,0.37525,0.23121,1
1784418335.8748,189.97330,2305979825,0.36965,0.23987,1
1784418335.8816,189.98009,2306047752,0.36804,0.23216,1
1784418335.8880,189.98645,2306111457,0.36466,0.22040,1
1784418335.8950,189.99345,2306181519,0.36441,0.22336,1
1784418335.9014,189.99985,2306245409,0.36583,0.23014,1
1784418335.9083,190.00676,2306314556,0.36789,0.23777,1
1784418335.9150,190.01350,2306381967,0.36591,0.24695,1
1784418335.9215,190.01994,2306446336,0.36736,0.25371,1
1784418335.9284,190.02689,2306515758,0.36659,0.25252,1
1784418335.9349,190.03334,2306580302,0.36809,0.25115,1
1784418335.9418,190.04028,2306649723,0.36809,0.25115,1
1784418335.9486,190.04706,2306717428,0.36978,0.24767,1
1784418335.9550,190.05344,2306781212,0.36734,0.25087,1
1784418335.9619,190.06036,2306850609,0.36734,0.25087,1
1784418335.9686,190.06705,2306917414,0.37333,0.24139,1
1784418335.9753,190.07375,2306984348,0.37687,0.23903,1
1784418335.9818,190.08023,2307049154,0.37550,0.23215,1
1784418335.9887,190.08714,2307118366,0.37419,0.22175,1
1784418335.9955,190.09392,2307186016,0.37379,0.20873,1
1784418336.0019,190.10033,2307250126,0.37295,0.20578,1
1784418336.0088,190.10724,2307319274,0.37095,0.22630,1
1784418336.0153,190.11372,2307384216,0.38342,0.23340,1
1784418336.0222,190.12064,2307453224,0.38664,0.25162,1
1784418336.0289,190.12741,2307521034,0.39077,0.27945,1
1784418336.0356,190.13406,2307587499,0.39571,0.29271,1
1784418336.0424,190.14087,2307655677,0.39835,0.30629,1
1784418336.0490,190.14746,2307721544,0.40412,0.31228,1
1784418336.0558,190.15428,2307789663,0.40592,0.30838,1
1784418336.0622,190.16064,2307853286,0.40424,0.29804,1
1784418336.0691,190.16754,2307922281,0.39848,0.27462,1
1784418336.0756,190.17403,2307987138,0.39660,0.26451,1
1784418336.0825,190.18097,2308056587,0.39260,0.24299,1
1784418336.0892,190.18762,2308123058,0.39058,0.23111,1
1784418336.0956,190.19411,2308187940,0.39135,0.22562,1
1784418336.1026,190.20110,2308257811,0.39260,0.23245,1
1784418336.1090,190.20750,2308321909,0.38602,0.24674,1
1784418336.1160,190.21446,2308391481,0.38952,0.26559,1
1784418336.1224,190.22090,2308455927,0.39235,0.28017,1
1784418336.1295,190.22801,2308527099,0.39294,0.28585,1
1784418336.1358,190.23428,2308589776,0.39046,0.28766,1
1784418336.1428,190.24127,2308659610,0.39046,0.28766,1
1784418336.1492,190.24770,2308723859,0.39002,0.28466,1
1784418336.1562,190.25465,2308793501,0.38818,0.28699,1
1784418336.1626,190.26109,2308857841,0.38683,0.28025,1
1784418336.1693,190.26779,2308924841,0.38292,0.27888,1
1784418336.1762,190.27469,2308993871,0.38112,0.27442,1
1784418336.1830,190.28143,2309061282,0.37774,0.25617,1
1784418336.1894,190.28789,2309125742,0.39433,0.22045,1
1784418336.1963,190.29478,2309194781,0.38936,0.21058,1
1784418336.2028,190.30128,2309259726,0.38918,0.20960,1
1784418336.2095,190.30797,2309326553,0.38762,0.22243,1
1784418336.2165,190.31494,2309396263,0.39738,0.23686,1
1784418336.2229,190.32138,2309460782,0.40075,0.25908,1
1784418336.2298,190.32831,2309529927,0.39929,0.25432,1
1784418336.2367,190.33517,2309598621,0.39763,0.27202,1
1784418336.2433,190.34175,2309664446,0.40039,0.28684,1
1784418336.2497,190.34819,2309728816,0.40068,0.30941,1
1784418336.2567,190.35512,2309798163,0.39755,0.30579,1
1784418336.2631,190.36156,2309862467,0.39714,0.30233,1
1784418336.2700,190.36848,2309931785,0.39220,0.29630,1
1784418336.2765,190.37497,2309996547,0.39141,0.28966,1
1784418336.2832,190.38167,2310063521,0.39006,0.28285,1
1784418336.2901,190.38858,2310132664,0.38795,0.29496,1
1784418336.2966,190.39503,2310197334,0.38687,0.29398,1
1784418336.3035,190.40196,2310266561,0.38687,0.29398,1
1784418336.3103,190.40878,2310334715,0.38500,0.29212,1
1784418336.3169,190.41536,2310400529,0.39566,0.28947,1
1784418336.3237,190.42212,2310468101,0.39436,0.28274,1
1784418336.3301,190.42856,2310532518,0.38370,0.26924,1
1784418336.3371,190.43552,2310602069,0.39086,0.27036,1
1784418336.3435,190.44194,2310666274,0.39086,0.27036,1
1784418336.3504,190.44887,2310735582,0.39301,0.26859,1
1784418336.3569,190.45534,2310800307,0.39684,0.27508,1
1784418336.3636,190.46204,2310867272,0.39813,0.28187,1
1784418336.3706,190.46904,2310937250,0.38494,0.29187,1
1784418336.3770,190.47543,2311001228,0.38868,0.29277,1
1784418336.3840,190.48242,2311071199,0.38868,0.29277,1
1784418336.3904,190.48883,2311135206,0.39000,0.29012,1
1784418336.3972,190.49571,2311204055,0.39017,0.29263,1
1784418336.4038,190.50223,2311269174,0.39017,0.29263,1
1784418336.4107,190.50919,2311338836,0.39012,0.28624,1
1784418336.4174,190.51591,2311406119,0.39167,0.28625,1
1784418336.4241,190.52254,2311472263,0.39167,0.28625,1
1784418336.4310,190.52945,2311541361,0.39290,0.27938,1
1784418336.4375,190.53593,2311606275,0.39168,0.27617,1
1784418336.4443,190.54274,2311674272,0.39168,0.27617,1
1784418336.4506,190.54910,2311737942,0.39604,0.27400,1
1784418336.4576,190.55603,2311807225,0.39711,0.27049,1
1784418336.4640,190.56248,2311871830,0.39711,0.27049,1
1784418336.4707,190.56920,2311938882,0.39623,0.26413,1
1784418336.4777,190.57617,2312008620,0.39919,0.26516,1
1784418336.4841,190.58258,2312072784,0.39955,0.26871,1
1784418336.4911,190.58957,2312142618,0.40039,0.27066,1
1784418336.4975,190.59601,2312206965,0.40189,0.29242,1
1784418336.5042,190.60271,2312273923,0.40318,0.29926,1
1784418336.5112,190.60965,2312343424,0.40402,0.29674,1
1784418336.5176,190.61609,2312407735,0.40735,0.31222,1
1784418336.5246,190.62305,2312477373,0.40735,0.31222,1
1784418336.5310,190.62950,2312541883,0.40564,0.31876,1
1784418336.5379,190.63641,2312611122,0.40625,0.31222,1
1784418336.5444,190.64288,2312675679,0.40589,0.30869,1
1784418336.5511,190.64958,2312742695,0.39646,0.29952,1
1784418336.5580,190.65651,2312812015,0.39522,0.29316,1
1784418336.5645,190.66296,2312876525,0.39341,0.28234,1
1784418336.5714,190.66989,2312945776,0.39223,0.26744,1
1784418336.5779,190.67636,2313010479,0.38953,0.26199,1
1784418336.5846,190.68307,2313077678,0.38851,0.25828,1
1784418336.5916,190.69003,2313147301,0.40143,0.26088,1
1784418336.5980,190.69649,2313211739,0.39731,0.27715,1
1784418336.6051,190.70354,2313282303,0.39876,0.28485,1
1784418336.6114,190.70988,2313345723,0.39844,0.29440,1
1784418336.6184,190.71690,2313415950,0.39771,0.28276,1
1784418336.6251,190.72354,2313482320,0.39771,0.28276,1
1784418336.6319,190.73038,2313550749,0.39802,0.25601,1
1784418336.6382,190.73666,2313613557,0.39481,0.26417,1
1784418336.6452,190.74365,2313683362,0.39481,0.26417,1
1784418336.6516,190.75008,2313747603,0.39171,0.27024,1
1784418336.6585,190.75699,2313816821,0.38630,0.27511,1
1784418336.6650,190.76346,2313881453,0.38630,0.27511,1
1784418336.6719,190.77037,2313950673,0.39526,0.28005,1
1784418336.6787,190.77716,2314018481,0.39177,0.27941,1
1784418336.6851,190.78355,2314082405,0.39044,0.27261,1
1784418336.6921,190.79053,2314152142,0.39253,0.27411,1
1784418336.6985,190.79694,2314216223,0.38766,0.27441,1
1784418336.7054,190.80389,2314285890,0.38633,0.26772,1
1784418336.7119,190.81033,2314350219,0.40149,0.26923,1
1784418336.7186,190.81705,2314417329,0.39901,0.26982,1
1784418336.7255,190.82397,2314486632,0.40025,0.27650,1
1784418336.7320,190.83044,2314551314,0.39096,0.28124,1
1784418336.7389,190.83736,2314620427,0.39397,0.28686,1
1784418336.7454,190.84383,2314685194,0.39397,0.28686,1
1784418336.7521,190.85054,2314752250,0.38979,0.27507,1
1784418336.7590,190.85750,2314821904,0.37793,0.27531,1
1784418336.7655,190.86394,2314886243,0.37793,0.27531,1
1784418336.7724,190.87083,2314955249,0.36507,0.27377,1
1784418336.7788,190.87730,2315019984,0.37470,0.28126,1
1784418336.7856,190.88402,2315087090,0.37614,0.28800,1
1784418336.7925,190.89101,2315156944,0.36836,0.28222,1
1784418336.7992,190.89763,2315223250,0.36765,0.28020,1
1784418336.8060,190.90446,2315291586,0.36562,0.26938,1
1784418336.8126,190.91104,2315357303,0.35479,0.24921,1
1784418336.8193,190.91780,2315424958,0.37152,0.23184,1
1784418336.8258,190.92426,2315489508,0.36907,0.22121,1
1784418336.8327,190.93120,2315558953,0.37802,0.24168,1
1784418336.8395,190.93799,2315626852,0.37249,0.24814,1
1784418336.8461,190.94452,2315692147,0.37549,0.26259,1
1784418336.8529,190.95134,2315760284,0.32837,0.26558,1
1784418336.8595,190.95792,2315826036,0.33156,0.26769,1
1784418336.8660,190.96443,2315891287,0.33156,0.26769,1
1784418336.8726,190.97110,2315957899,0.33697,0.26020,1
1784418336.8795,190.97801,2316027096,0.32690,0.25068,1
1784418336.8860,190.98450,2316091937,0.32514,0.24382,1
1784418336.8927,190.99120,2316158920,0.32765,0.23627,1
1784418336.8998,190.99823,2316229213,0.33141,0.25465,1
1784418336.9066,191.00502,2316297161,0.33312,0.26143,1
1784418336.9128,191.01129,2316359872,0.32900,0.27539,1
1784418336.9197,191.01819,2316428870,0.33419,0.28064,1
1784418336.9265,191.02498,2316496654,0.33593,0.28738,1
1784418336.9329,191.03137,2316560666,0.34410,0.30137,1
1784418336.9400,191.03845,2316631402,0.34679,0.29729,1
1784418336.9463,191.04478,2316694793,0.34379,0.28646,1
1784418336.9530,191.05145,2316761512,0.32672,0.27593,1
1784418336.9597,191.05815,2316828495,0.32621,0.26251,1
1784418336.9666,191.06511,2316898042,0.32491,0.25511,1
1784418336.9731,191.07158,2316962724,0.33313,0.26385,1
1784418336.9801,191.07854,2317032322,0.32628,0.25208,1
1784418336.9869,191.08536,2317100472,0.32692,0.25599,1
1784418336.9935,191.09193,2317166258,0.33109,0.25828,1
1784418337.0003,191.09875,2317234532,0.33545,0.26026,1
1784418337.0069,191.10533,2317300259,0.33910,0.27484,1
1784418337.0135,191.11201,2317366998,0.34505,0.28626,1
1784418337.0200,191.11845,2317431412,0.34423,0.27401,1
1784418337.0270,191.12546,2317501499,0.34423,0.27401,1
1784418337.0334,191.13185,2317565488,0.33504,0.28084,1
1784418337.0405,191.13893,2317636178,0.33606,0.28061,1
1784418337.0468,191.14523,2317699278,0.33606,0.28061,1
1784418337.0537,191.15221,2317769028,0.33542,0.28731,1
1784418337.0602,191.15865,2317833406,0.33558,0.29289,1
1784418337.0671,191.16556,2317902503,0.33558,0.29289,1
1784418337.0736,191.17206,2317967450,0.33221,0.28224,1
1784418337.0803,191.17876,2318034416,0.33070,0.28615,1
1784418337.0872,191.18571,2318104111,0.33070,0.28615,1
1784418337.0937,191.19215,2318168433,0.33809,0.28423,1
1784418337.1007,191.19913,2318238203,0.33884,0.27062,1
1784418337.1071,191.20554,2318302234,0.33820,0.26660,1
1784418337.1140,191.21249,2318371916,0.33413,0.26361,1
1784418337.1208,191.21924,2318439344,0.33103,0.25313,1
1784418337.1274,191.22585,2318505377,0.32906,0.24530,1
1784418337.1342,191.23262,2318573182,0.32391,0.24311,1
1784418337.1405,191.23901,2318636983,0.31877,0.24969,1
1784418337.1475,191.24599,2318706785,0.31698,0.24291,1
1784418337.1540,191.25244,2318771378,0.32494,0.23869,1
1784418337.1607,191.25912,2318838155,0.32425,0.23088,1
1784418337.1676,191.26608,2318907719,0.32383,0.23158,1
1784418337.1743,191.27274,2318974317,0.33433,0.25115,1
1784418337.1811,191.27960,2319042923,0.32510,0.26866,1
1784418337.1877,191.28619,2319108804,0.32889,0.28304,1
1784418337.1945,191.29292,2319176066,0.34008,0.29205,1
1784418337.2009,191.29935,2319240324,0.34201,0.29097,1
1784418337.2078,191.30626,2319309566,0.34201,0.29097,1
1784418337.2142,191.31271,2319374048,0.34261,0.29313,1
1784418337.2210,191.31946,2319441486,0.34359,0.29596,1
1784418337.2280,191.32646,2319511492,0.34166,0.28834,1
1784418337.2343,191.33279,2319574862,0.33957,0.27791,1
1784418337.2413,191.33974,2319644309,0.33605,0.26685,1
1784418337.2477,191.34621,2319709033,0.33605,0.26685,1
1784418337.2544,191.35291,2319775918,0.32912,0.27347,1
1784418337.2616,191.36002,2319847135,0.33154,0.28499,1
1784418337.2681,191.36653,2319912296,0.33354,0.29264,1
1784418337.2745,191.37299,2319976708,0.33236,0.28606,1
1784418337.2815,191.37993,2320046263,0.33735,0.28456,1
1784418337.2880,191.38644,2320111391,0.33735,0.28456,1
1784418337.2949,191.39337,2320180557,0.33606,0.27865,1
1784418337.3016,191.40009,2320247832,0.33696,0.27722,1
1784418337.3082,191.40669,2320313883,0.33565,0.26977,1
1784418337.3147,191.41318,2320378652,0.33392,0.25284,1
1784418337.3214,191.41988,2320445667,0.33024,0.23624,1
1784418337.3285,191.42700,2320516951,0.32660,0.22157,1
1784418337.3348,191.43327,2320579648,0.31500,0.21301,1
1784418337.3418,191.44025,2320649333,0.32709,0.21319,1
1784418337.3484,191.44688,2320715774,0.32709,0.21319,1
1784418337.3552,191.45363,2320783263,0.31635,0.22545,1
1784418337.3616,191.46008,2320847668,0.31683,0.23904,1
1784418337.3685,191.46701,2320917022,0.31925,0.24954,1
1784418337.3753,191.47379,2320984815,0.35289,0.24888,1
1784418337.3819,191.48041,2321051026,0.37093,0.27842,1
1784418337.3887,191.48718,2321118772,0.37258,0.28604,1
1784418337.3951,191.49356,2321182553,0.37566,0.26983,1
1784418337.4020,191.50049,2321251841,0.38553,0.26453,1
1784418337.4085,191.50694,2321316371,0.38553,0.26453,1
1784418337.4154,191.51387,2321385583,0.38789,0.27520,1
1784418337.4219,191.52034,2321450309,0.38979,0.27792,1
1784418337.4286,191.52705,2321517474,0.39112,0.28469,1
1784418337.4355,191.53400,2321586815,0.39268,0.28699,1
1784418337.4420,191.54045,2321651381,0.39219,0.28318,1
1784418337.4490,191.54744,2321721274,0.39219,0.28318,1
1784418337.4554,191.55386,2321785491,0.39350,0.28756,1
1784418337.4623,191.56076,2321854552,0.39128,0.28521,1
1784418337.4688,191.56726,2321919484,0.39128,0.28521,1
1784418337.4757,191.57416,2321988429,0.39061,0.28950,1
1784418337.4822,191.58064,2322053309,0.39468,0.29234,1
1784418337.4889,191.58734,2322120286,0.39468,0.29234,1
1784418337.4958,191.59425,2322189515,0.42103,0.27596,1
1784418337.5023,191.60074,2322254286,0.45803,0.25635,1
1784418337.5090,191.60744,2322321296,0.45817,0.25996,1
1784418337.5160,191.61444,2322391269,0.45846,0.27629,1
1784418337.5224,191.62082,2322455106,0.45990,0.28507,1
1784418337.5293,191.62775,2322524435,0.45990,0.28507,1
1784418337.5358,191.63422,2322589141,0.45655,0.28260,1
1784418337.5424,191.64091,2322656063,0.44891,0.27594,1
1784418337.5495,191.64793,2322726207,0.44695,0.26115,1
1784418337.5559,191.65433,2322790257,0.44939,0.25333,1
1784418337.5628,191.66129,2322859793,0.43998,0.24613,1
1784418337.5693,191.66774,2322924276,0.43973,0.24262,1
1784418337.5762,191.67468,2322993758,0.42955,0.24738,1
1784418337.5826,191.68109,2323057894,0.43340,0.24691,1
1784418337.5896,191.68803,2323127274,0.43354,0.24790,1
1784418337.5960,191.69450,2323192000,0.43714,0.25249,1
1784418337.6027,191.70120,2323258875,0.43765,0.23640,1
1784418337.6097,191.70815,2323328316,0.43860,0.24334,1
1784418337.6165,191.71501,2323397036,0.43931,0.25852,1
1784418337.6232,191.72165,2323463433,0.44296,0.26936,1
1784418337.6295,191.72800,2323526886,0.44391,0.27621,1
1784418337.6364,191.73491,2323596032,0.44479,0.26160,1
1784418337.6430,191.74144,2323661348,0.44648,0.26733,1
1784418337.6499,191.74837,2323730523,0.44648,0.26733,1
1784418337.6563,191.75478,2323794721,0.44928,0.27087,1
1784418337.6630,191.76147,2323861632,0.44663,0.27105,1
1784418337.6700,191.76845,2323931425,0.44663,0.27105,1
1784418337.6764,191.77490,2323995910,0.44816,0.27532,1
1784418337.6835,191.78197,2324066553,0.44779,0.27171,1
1784418337.6898,191.78828,2324129771,0.44779,0.27171,1
1784418337.6967,191.79521,2324199093,0.44660,0.27775,1
1784418337.7032,191.80171,2324264019,0.44154,0.27628,1
1784418337.7101,191.80859,2324332918,0.44154,0.27628,1
1784418337.7166,191.81508,2324397708,0.44173,0.27567,1
1784418337.7233,191.82178,2324464740,0.44192,0.27456,1
1784418337.7304,191.82883,2324535130,0.44096,0.26770,1
1784418337.7367,191.83517,2324598680,0.44479,0.25628,1
1784418337.7436,191.84210,2324667991,0.43895,0.26698,1
1784418337.7505,191.84895,2324736460,0.43922,0.27035,1
1784418337.7572,191.85562,2324803199,0.44930,0.27752,1
1784418337.7639,191.86237,2324870566,0.44961,0.28729,1
1784418337.7705,191.86894,2324936316,0.45052,0.29413,1
1784418337.7769,191.87541,2325001056,0.44970,0.28182,1
1784418337.7839,191.88232,2325070167,0.45816,0.27241,1
1784418337.7903,191.88876,2325134530,0.45731,0.26547,1
1784418337.7972,191.89566,2325203588,0.46281,0.26210,1
1784418337.8037,191.90215,2325268397,0.46280,0.26047,1
1784418337.8106,191.90906,2325337561,0.46361,0.26744,1
1784418337.8173,191.91577,2325404591,0.46557,0.27458,1
1784418337.8238,191.92226,2325469520,0.46532,0.27949,1
1784418337.8307,191.92917,2325538595,0.46613,0.28649,1
1784418337.8375,191.93596,2325606500,0.46371,0.28789,1
1784418337.8439,191.94237,2325670529,0.46561,0.28784,1
1784418337.8506,191.94904,2325737210,0.46561,0.28784,1
1784418337.8573,191.95575,2325804420,0.46560,0.30339,1
1784418337.8642,191.96271,2325873964,0.46555,0.30426,1
1784418337.8707,191.96913,2325938246,0.46555,0.30426,1
1784418337.8776,191.97606,2326007571,0.46869,0.30427,1
1784418337.8840,191.98251,2326072113,0.47068,0.30262,1
1784418337.8908,191.98923,2326139252,0.47068,0.30262,1
1784418337.8977,191.99620,2326208932,0.46142,0.30851,1
1784418337.9044,192.00284,2326275320,0.46303,0.30697,1
1784418337.9111,192.00954,2326342347,0.46219,0.30015,1
1784418337.9176,192.01602,2326407192,0.44285,0.28151,1
1784418337.9243,192.02274,2326474242,0.44278,0.27676,1
1784418337.9312,192.02968,2326543769,0.44181,0.26986,1
1784418337.9379,192.03635,2326610355,0.44727,0.26842,1
1784418337.9448,192.04324,2326679363,0.44766,0.27703,1
1784418337.9513,192.04974,2326744365,0.44744,0.27364,1
1784418337.9580,192.05644,2326811294,0.44902,0.26815,1
1784418337.9644,192.06291,2326876002,0.44858,0.26449,1
1784418337.9715,192.06996,2326946474,0.44769,0.25769,1
1784418337.9778,192.07629,2327009792,0.44405,0.24010,1
1784418337.9845,192.08301,2327076988,0.44484,0.22543,1
1784418337.9915,192.09001,2327146998,0.44484,0.22543,1
1784418337.9988,192.09723,2327219178,0.44603,0.23313,1
1784418338.0049,192.10332,2327280102,0.44914,0.23501,1
1784418338.0113,192.10980,2327344882,0.45002,0.24197,1
1784418338.0182,192.11671,2327414044,0.43746,0.25490,1
1784418338.0247,192.12320,2327478879,0.43512,0.26461,1
1784418338.0316,192.13011,2327548003,0.43612,0.27149,1
1784418338.0384,192.13686,2327615399,0.44311,0.28356,1
1784418338.0448,192.14328,2327679756,0.44133,0.28502,1
1784418338.0518,192.15024,2327749314,0.44108,0.28104,1
1784418338.0584,192.15691,2327815982,0.44005,0.27293,1
1784418338.0651,192.16360,2327882904,0.43922,0.25390,1
1784418338.0720,192.17043,2327951191,0.43838,0.25010,1
1784418338.0783,192.17679,2328014852,0.44163,0.22834,1
1784418338.0853,192.18378,2328084643,0.44220,0.23985,1
1784418338.0917,192.19019,2328148691,0.44328,0.24790,1
1784418338.0987,192.19717,2328218726,0.44416,0.25746,1
1784418338.1055,192.20399,2328286911,0.44821,0.26232,1
1784418338.1121,192.21060,2328352866,0.44821,0.26232,1
1784418338.1185,192.21700,2328416842,0.45057,0.26676,1
1784418338.1255,192.22397,2328486550,0.45391,0.26512,1
1784418338.1323,192.23074,2328554345,0.45283,0.25416,1
1784418338.1389,192.23735,2328620384,0.44137,0.24911,1
1784418338.1453,192.24376,2328684512,0.44409,0.23875,1
1784418338.1522,192.25069,2328753796,0.44325,0.23489,1
1784418338.1587,192.25716,2328818511,0.44182,0.24640,1
1784418338.1654,192.26387,2328885650,0.43763,0.26200,1
1784418338.1725,192.27098,2328956787,0.43991,0.27998,1
1784418338.1788,192.27727,2329019621,0.43850,0.28321,1
1784418338.1858,192.28423,2329089110,0.44205,0.29386,1
1784418338.1922,192.29066,2329153587,0.44278,0.29723,1
1784418338.1991,192.29758,2329222669,0.44785,0.28223,1
1784418338.2056,192.30405,2329287447,0.45055,0.27604,1
1784418338.2125,192.31096,2329356515,0.44873,0.26218,1
1784418338.2190,192.31744,2329421394,0.44225,0.26154,1
1784418338.2257,192.32416,2329488478,0.44673,0.25736,1
1784418338.2327,192.33112,2329557997,0.44480,0.24273,1
1784418338.2391,192.33754,2329622234,0.43379,0.23788,1
1784418338.2461,192.34453,2329692159,0.43576,0.23304,1
1784418338.2525,192.35092,2329756062,0.43591,0.23652,1
1784418338.2592,192.35764,2329823288,0.43132,0.25814,1
1784418338.2661,192.36458,2329892733,0.43498,0.26970,1
1784418338.2726,192.37103,2329957266,0.43710,0.28417,1
1784418338.2795,192.37796,2330026582,0.43604,0.29143,1
1784418338.2863,192.38480,2330094911,0.43786,0.28877,1
1784418338.2929,192.39134,2330160339,0.43885,0.29552,1
1784418338.2994,192.39783,2330225199,0.44032,0.30299,1
1784418338.3063,192.40480,2330294849,0.43868,0.30514,1
1784418338.3131,192.41153,2330362231,0.43970,0.31192,1
1784418338.3197,192.41815,2330428367,0.43784,0.31048,1
1784418338.3265,192.42499,2330496729,0.44890,0.30643,1
1784418338.3329,192.43134,2330560276,0.44795,0.29961,1
1784418338.3399,192.43834,2330630247,0.44486,0.29832,1
1784418338.3463,192.44472,2330694048,0.44240,0.28535,1
1784418338.3532,192.45169,2330763860,0.44033,0.27073,1
1784418338.3599,192.45833,2330830149,0.44767,0.26692,1
1784418338.3666,192.46503,2330897107,0.44695,0.25472,1
1784418338.3730,192.47151,2330961997,0.44679,0.25119,1
1784418338.3797,192.47820,2331028795,0.44232,0.25497,1
1784418338.3867,192.48515,2331098451,0.44060,0.25835,1
1784418338.3933,192.49181,2331165034,0.44053,0.25529,1
1784418338.4001,192.49854,2331232258,0.44816,0.24483,1
1784418338.4065,192.50500,2331296905,0.44596,0.24008,1
1784418338.4135,192.51193,2331366200,0.44606,0.24313,1
1784418338.4202,192.51871,2331433934,0.44451,0.26002,1
1784418338.4266,192.52510,2331497863,0.44572,0.25549,1
1784418338.4335,192.53200,2331566912,0.44767,0.27019,1
1784418338.4402,192.53871,2331633952,0.43852,0.27779,1
1784418338.4470,192.54544,2331701313,0.43895,0.26628,1
1784418338.4534,192.55186,2331765624,0.43920,0.26975,1
1784418338.4605,192.55899,2331836874,0.44249,0.27830,1
1784418338.4668,192.56528,2331899666,0.45467,0.29238,1
1784418338.4737,192.57219,2331968823,0.45446,0.28895,1
1784418338.4805,192.57895,2332036376,0.48847,0.27721,1
1784418338.4870,192.58542,2332101162,0.48718,0.26535,1
1784418338.4940,192.59245,2332171478,0.48656,0.25849,1
1784418338.5006,192.59906,2332237470,0.49790,0.24678,1
1784418338.5074,192.60587,2332305510,0.49376,0.26831,1
1784418338.5141,192.61261,2332373082,0.49435,0.27859,1
1784418338.5208,192.61925,2332439441,0.49366,0.27442,1
1784418338.5271,192.62560,2332502811,0.49420,0.28028,1
1784418338.5341,192.63255,2332572377,0.49479,0.28724,1
1784418338.5405,192.63898,2332636724,0.49473,0.30710,1
1784418338.5475,192.64592,2332706184,0.49287,0.29317,1
1784418338.5541,192.65257,2332772612,0.49226,0.28623,1
1784418338.5608,192.65927,2332839594,0.50077,0.28030,1
1784418338.5673,192.66577,2332904582,0.49943,0.25870,1
1784418338.5740,192.67244,2332971250,0.49889,0.25165,1
1784418338.5810,192.67943,2333041246,0.49534,0.25768,1
1784418338.5874,192.68587,2333105597,0.49441,0.26569,1
1784418338.5944,192.69290,2333175994,0.49436,0.26211,1
1784418338.6008,192.69925,2333239456,0.49141,0.26588,1
1784418338.6077,192.70619,2333308755,0.48937,0.26266,1
1784418338.6142,192.71265,2333373311,0.48808,0.24803,1
1784418338.6211,192.71957,2333442592,0.48615,0.24952,1
1784418338.6279,192.72635,2333510379,0.48487,0.24123,1
1784418338.6345,192.73297,2333576668,0.48418,0.23353,1
1784418338.6410,192.73944,2333641301,0.48304,0.22744,1
1784418338.6477,192.74612,2333708185,0.48579,0.22719,1
1784418338.6546,192.75307,2333777580,0.48647,0.23494,1
1784418338.6611,192.75954,2333842241,0.48504,0.24668,1
1784418338.6680,192.76646,2333911594,0.48672,0.25447,1
1784418338.6745,192.77293,2333976255,0.48741,0.26218,1
1784418338.6814,192.77985,2334045417,0.48749,0.26377,1
1784418338.6882,192.78670,2334113887,0.48716,0.26462,1
1784418338.6946,192.79305,2334177353,0.48716,0.26462,1
1784418338.7016,192.80002,2334247084,0.48635,0.26123,1
1784418338.7082,192.80666,2334313416,0.48793,0.26030,1
1784418338.7149,192.81334,2334380319,0.48802,0.26372,1
1784418338.7213,192.81981,2334445048,0.48597,0.26913,1
1784418338.7281,192.82652,2334512082,0.48683,0.27516,1
1784418338.7350,192.83348,2334581688,0.48726,0.27460,1
1784418338.7414,192.83990,2334645905,0.49471,0.27601,1
1784418338.7484,192.84683,2334715205,0.49142,0.26043,1
1784418338.7551,192.85352,2334782093,0.49088,0.25673,1
1784418338.7615,192.86000,2334846877,0.48750,0.26134,1
1784418338.7685,192.86694,2334916285,0.48558,0.27518,1
1784418338.7750,192.87343,2334981237,0.48677,0.28562,1
1784418338.7819,192.88033,2335050238,0.49600,0.27437,1
1784418338.7887,192.88713,2335118210,0.49401,0.26837,1
1784418338.7950,192.89351,2335181936,0.49336,0.26064,1
1784418338.8021,192.90053,2335252226,0.50229,0.24811,1
1784418338.8086,192.90710,2335317976,0.50199,0.25183,1
1784418338.8154,192.91391,2335386075,0.50198,0.25584,1
1784418338.8218,192.92030,2335449913,0.49875,0.26179,1
1784418338.8288,192.92728,2335519675,0.50160,0.28261,1
1784418338.8352,192.93369,2335583731,0.50220,0.29368,1
1784418338.8421,192.94060,2335652877,0.50303,0.29593,1
1784418338.8486,192.94708,2335717810,0.50058,0.30204,1
1784418338.8555,192.95399,2335786850,0.50112,0.30883,1
1784418338.8623,192.96075,2335854414,0.50398,0.30533,1
1784418338.8690,192.96744,2335921225,0.50574,0.30461,1
1784418338.8757,192.97415,2335988445,0.50575,0.30112,1
1784418338.8823,192.98079,2336054831,0.49745,0.29036,1
1784418338.8892,192.98766,2336123445,0.49909,0.27672,1
1784418338.8958,192.99422,2336189067,0.49799,0.26285,1
1784418338.9025,193.00096,2336256511,0.49055,0.24671,1
1784418338.9091,193.00761,2336323041,0.49147,0.23344,1
1784418338.9158,193.01428,2336389705,0.49089,0.22641,1
1784418338.9223,193.02077,2336454552,0.48540,0.26051,1
1784418338.9290,193.02747,2336521571,0.48727,0.25852,1
1784418338.9359,193.03441,2336591072,0.48657,0.25078,1
1784418338.9424,193.04086,2336655490,0.48842,0.24410,1
1784418338.9496,193.04802,2336727172,0.47640,0.23392,1
1784418338.9558,193.05423,2336789239,0.47573,0.22959,1
1784418338.9628,193.06123,2336859252,0.48297,0.23755,1
1784418338.9692,193.06766,2336923449,0.48193,0.23932,1
1784418338.9759,193.07440,2336990931,0.48392,0.26074,1
1784418338.9826,193.08105,2337057400,0.48675,0.28235,1
1784418338.9893,193.08774,2337124298,0.49282,0.30174,1
1784418338.9962,193.09468,2337193712,0.49411,0.31620,1
1784418339.0027,193.10114,2337258282,0.49392,0.29638,1
1784418339.0096,193.10808,2337327661,0.49443,0.29868,1
1784418339.0163,193.11476,2337394480,0.49443,0.29868,1
1784418339.0230,193.12151,2337461902,0.49205,0.29736,1
1784418339.0295,193.12793,2337526260,0.49155,0.31704,1
1784418339.0364,193.13489,2337595788,0.49093,0.31030,1
1784418339.0431,193.14154,2337662329,0.48899,0.30519,1
1784418339.0498,193.14825,2337729500,0.49693,0.29820,1
1784418339.0563,193.15472,2337794091,0.49565,0.28037,1
1784418339.0632,193.16164,2337863288,0.49108,0.26322,1
1784418339.0700,193.16850,2337931934,0.48728,0.24596,1
1784418339.0766,193.17509,2337997825,0.48669,0.23919,1
1784418339.0835,193.18196,2338066523,0.48386,0.25220,1
1784418339.0903,193.18878,2338134787,0.49325,0.25363,1
1784418339.0967,193.19516,2338198524,0.49389,0.26135,1
1784418339.1035,193.20193,2338266286,0.47830,0.26272,1
1784418339.1098,193.20830,2338329943,0.49037,0.26768,1
1784418339.1168,193.21524,2338399351,0.49037,0.26768,1
1784418339.1232,193.22171,2338463985,0.49822,0.26201,1
1784418339.1302,193.22862,2338533099,0.49473,0.25979,1
1784418339.1369,193.23541,2338601053,0.49528,0.26656,1
1784418339.1436,193.24202,2338667127,0.49311,0.27725,1
1784418339.1503,193.24873,2338734303,0.49311,0.26466,1
1784418339.1567,193.25520,2338798935,0.49369,0.27155,1
1784418339.1634,193.26190,2338865879,0.50118,0.28775,1
1784418339.1704,193.26891,2338935968,0.50218,0.28710,1
1784418339.1768,193.27528,2338999788,0.50218,0.28710,1
1784418339.1838,193.28226,2339069511,0.49924,0.28536,1
1784418339.1902,193.28867,2339133609,0.49684,0.28627,1
1784418339.1973,193.29576,2339204449,0.49684,0.28627,1
1784418339.2038,193.30231,2339269978,0.49748,0.28346,1
1784418339.2106,193.30907,2339337589,0.49903,0.28188,1
1784418339.2170,193.31549,2339401804,0.49903,0.28188,1
1784418339.2240,193.32243,2339471292,0.49946,0.27992,1
1784418339.2307,193.32919,2339538901,0.49760,0.27884,1
1784418339.2375,193.33598,2339606759,0.49762,0.28230,1
1784418339.2438,193.34229,2339669779,0.49880,0.29107,1
1784418339.2505,193.34898,2339736756,0.49799,0.29852,1
1784418339.2575,193.35600,2339806891,0.49852,0.30188,1
1784418339.2643,193.36281,2339874925,0.50180,0.29368,1
1784418339.2710,193.36951,2339941930,0.49953,0.28589,1
1784418339.2775,193.37599,2340006902,0.49900,0.28251,1
1784418339.2843,193.38274,2340074208,0.49701,0.28039,1
1784418339.2907,193.38914,2340138344,0.50134,0.29057,1
1784418339.2976,193.39607,2340207686,0.50187,0.29397,1
1784418339.3044,193.40289,2340275881,0.50331,0.28942,1
1784418339.3110,193.40950,2340341968,0.50260,0.27588,1
1784418339.3175,193.41595,2340406516,0.50207,0.27248,1
1784418339.3242,193.42265,2340473500,0.49138,0.29785,1
1784418339.3311,193.42961,2340543041,0.49274,0.29801,1
1784418339.3376,193.43604,2340607289,0.49334,0.30483,1
1784418339.3445,193.44301,2340677006,0.50419,0.30707,1
1784418339.3510,193.44945,2340741463,0.49361,0.30222,1
1784418339.3579,193.45638,2340810628,0.49353,0.29865,1
1784418339.3647,193.46318,2340878677,0.49494,0.28966,1
1784418339.3715,193.46996,2340946498,0.50606,0.27947,1
1784418339.3780,193.47649,2341011754,0.50555,0.27255,1
1784418339.3848,193.48328,2341079728,0.49576,0.26478,1
1784418339.3914,193.48985,2341145464,0.49655,0.28339,1
1784418339.3981,193.49657,2341212577,0.49655,0.28339,1
1784418339.4046,193.50304,2341277289,0.48762,0.27703,1
1784418339.4113,193.50974,2341344329,0.48836,0.27923,1
1784418339.4182,193.51668,2341413639,0.48761,0.26843,1
1784418339.4247,193.52312,2341478157,0.47960,0.22799,1
1784418339.4316,193.53011,2341547917,0.48146,0.21361,1
1784418339.4381,193.53653,2341612271,0.48010,0.19856,1
1784418339.4450,193.54347,2341681650,0.48437,0.18530,1
1784418339.4517,193.55019,2341748807,0.48543,0.18879,1
1784418339.4586,193.55711,2341818036,0.48550,0.19297,1
1784418339.4651,193.56355,2341882465,0.47397,0.23387,1
1784418339.4716,193.57002,2341947147,0.46810,0.22275,1
1784418339.4785,193.57698,2342016654,0.46878,0.22667,1
1784418339.4850,193.58342,2342081175,0.46747,0.23128,1
1784418339.4917,193.59012,2342148023,0.46514,0.22089,1
1784418339.4986,193.59709,2342217786,0.46429,0.21299,1
1784418339.5051,193.60353,2342282159,0.46592,0.19667,1
1784418339.5120,193.61044,2342351417,0.46513,0.19881,1
1784418339.5184,193.61688,2342415791,0.46513,0.19881,1
1784418339.5254,193.62384,2342485369,0.46560,0.20575,1
1784418339.5318,193.63029,2342549866,0.46619,0.21154,1
1784418339.5387,193.63721,2342619028,0.46634,0.21559,1
1784418339.5455,193.64398,2342686686,0.46536,0.22694,1
1784418339.5520,193.65042,2342751120,0.46759,0.23684,1
1784418339.5587,193.65712,2342818063,0.46759,0.23684,1
1784418339.5653,193.66380,2342884938,0.46828,0.23954,1
1784418339.5724,193.67090,2342955923,0.46525,0.23647,1
1784418339.5787,193.67720,2343018906,0.46509,0.23245,1
1784418339.5857,193.68414,2343088294,0.46491,0.23477,1
1784418339.5925,193.69096,2343156582,0.46396,0.23535,1
1784418339.5991,193.69754,2343222352,0.46396,0.23535,1
1784418339.6055,193.70398,2343286736,0.47208,0.21261,1
1784418339.6124,193.71089,2343355857,0.47936,0.21634,1
1784418339.6192,193.71764,2343423334,0.48010,0.22719,1
1784418339.6258,193.72429,2343489801,0.48274,0.24656,1
1784418339.6326,193.73103,2343557289,0.47973,0.26097,1
1784418339.6392,193.73769,2343623791,0.48116,0.27560,1
1784418339.6461,193.74454,2343692240,0.48074,0.27378,1
1784418339.6524,193.75089,2343755830,0.48739,0.27556,1
1784418339.6594,193.75790,2343825884,0.48744,0.27904,1
1784418339.6658,193.76428,2343889676,0.46298,0.29081,1
1784418339.6727,193.77118,2343958746,0.44967,0.29537,1
1784418339.6792,193.77766,2344023544,0.44826,0.28011,1
1784418339.6860,193.78442,2344091074,0.44660,0.27092,1
1784418339.6929,193.79134,2344160266,0.44183,0.24210,1
1784418339.6993,193.79776,2344224493,0.43923,0.22487,1
1784418339.7062,193.80467,2344293654,0.43617,0.25137,1
1784418339.7129,193.81140,2344360918,0.44648,0.26627,1
1784418339.7196,193.81807,2344427675,0.44959,0.29119,1
1784418339.7261,193.82454,2344492376,0.44343,0.29671,1
1784418339.7330,193.83148,2344561663,0.45775,0.30698,1
1784418339.7398,193.83827,2344629616,0.45947,0.32035,1
1784418339.7462,193.84464,2344693319,0.45889,0.32629,1
1784418339.7531,193.85156,2344762588,0.44959,0.31924,1
1784418339.7596,193.85805,2344827385,0.44865,0.31252,1
1784418339.7663,193.86473,2344894294,0.44846,0.30283,1
1784418339.7730,193.87143,2344961278,0.45098,0.29113,1
1784418339.7797,193.87814,2345028390,0.44988,0.28090,1
1784418339.7864,193.88484,2345095276,0.44756,0.27241,1
1784418339.7931,193.89153,2345162190,0.44740,0.26632,1
1784418339.7998,193.89822,2345229162,0.44650,0.25953,1
1784418339.8067,193.90514,2345298331,0.44861,0.24979,1
1784418339.8132,193.91168,2345363685,0.45007,0.24544,1
1784418339.8201,193.91859,2345432914,0.45007,0.24544,1
1784418339.8268,193.92525,2345499396,0.45198,0.24405,1
1784418339.8335,193.93195,2345566343,0.45499,0.23617,1
1784418339.8403,193.93878,2345634787,0.45481,0.23214,1
1784418339.8467,193.94514,2345698373,0.45661,0.22404,1
1784418339.8536,193.95210,2345767954,0.45928,0.21779,1
1784418339.8600,193.95851,2345832005,0.45853,0.21387,1
1784418339.8670,193.96548,2345901700,0.45980,0.21689,1
1784418339.8734,193.97191,2345966067,0.46283,0.22784,1
1784418339.8804,193.97882,2346035154,0.46370,0.23575,1
1784418339.8871,193.98557,2346102582,0.45319,0.23913,1
1784418339.8935,193.99200,2346167031,0.45325,0.24099,1
1784418339.9005,193.99896,2346236571,0.45338,0.24447,1
1784418339.9070,194.00543,2346301220,0.45636,0.25348,1
1784418339.9137,194.01212,2346368038,0.46325,0.25873,1
1784418339.9206,194.01903,2346437126,0.46473,0.26907,1
1784418339.9270,194.02551,2346501969,0.51545,0.25316,1
1784418339.9340,194.03247,2346571608,0.54640,0.24550,1
1784418339.9404,194.03889,2346635819,0.54620,0.23836,1
1784418339.9473,194.04581,2346704984,0.57948,0.24608,1
1784418339.9538,194.05228,2346769651,0.58159,0.24567,1
1784418339.9605,194.05899,2346836742,0.58198,0.23473,1
1784418339.9675,194.06595,2346906423,0.57973,0.22598,1
1784418339.9740,194.07242,2346971028,0.58284,0.21621,1
1784418339.9808,194.07930,2347039875,0.58291,0.20825,1
1784418339.9873,194.08578,2347104766,0.58476,0.20698,1
1784418339.9942,194.09270,2347173954,0.58448,0.20542,1
1784418340.0010,194.09950,2347241986,0.58448,0.20542,1
1784418340.0076,194.10609,2347307874,0.60157,0.21073,1
1784418340.0144,194.11290,2347375881,0.60105,0.21417,1
1784418340.0208,194.11929,2347439882,0.60069,0.21817,1
1784418340.0278,194.12628,2347509662,0.59983,0.22306,1
1784418340.0342,194.13271,2347573928,0.59953,0.21729,1
1784418340.0412,194.13963,2347643267,0.59914,0.23236,1
1784418340.0476,194.14607,2347707660,0.59818,0.24618,1
1784418340.0545,194.15298,2347776683,0.59971,0.25361,1
1784418340.0612,194.15971,2347843981,0.59919,0.26425,1
1784418340.0677,194.16615,2347908421,0.59918,0.27334,1
1784418340.0746,194.17310,2347977939,0.60026,0.28292,1
1784418340.0816,194.18004,2348047358,0.60040,0.28627,1
1784418340.0880,194.18649,2348111855,0.59931,0.28494,1
1784418340.0947,194.19319,2348178762,0.59938,0.27216,1
1784418340.1015,194.19992,2348246082,0.59996,0.26105,1
1784418340.1079,194.20641,2348311001,0.60057,0.25444,1
1784418340.1146,194.21306,2348377440,0.60511,0.24199,1
1784418340.1216,194.22002,2348447023,0.60537,0.23400,1
1784418340.1280,194.22646,2348511501,0.60212,0.23197,1
1784418340.1350,194.23349,2348581743,0.60484,0.22826,1
1784418340.1414,194.23985,2348645494,0.60484,0.22826,1
1784418340.1485,194.24696,2348716569,0.60401,0.22656,1
1784418340.1548,194.25325,2348779469,0.60230,0.22595,1
1784418340.1618,194.26025,2348849419,0.60230,0.22595,1
1784418340.1682,194.26663,2348913180,0.60243,0.21677,1
1784418340.1751,194.27354,2348982379,0.60136,0.21582,1
1784418340.1816,194.28004,2349047302,0.60098,0.21999,1
1784418340.1885,194.28699,2349116840,0.60157,0.24780,1
1784418340.1950,194.29344,2349181292,0.59136,0.25039,1
1784418340.2020,194.30042,2349251026,0.59121,0.25837,1
1784418340.2087,194.30714,2349318339,0.59990,0.26317,1
1784418340.2155,194.31398,2349386781,0.60051,0.26080,1
1784418340.2221,194.32060,2349452899,0.60051,0.26080,1
1784418340.2285,194.32695,2349516373,0.59736,0.26275,1
1784418340.2354,194.33391,2349585989,0.59524,0.26024,1
1784418340.2418,194.34030,2349649853,0.59508,0.25681,1
1784418340.2488,194.34723,2349719274,0.58994,0.26051,1
1784418340.2552,194.35371,2349784062,0.58703,0.23895,1
1784418340.2622,194.36063,2349853244,0.58734,0.23524,1
1784418340.2686,194.36710,2349917879,0.59002,0.24681,1
1784418340.2753,194.37381,2349985037,0.58646,0.24493,1
1784418340.2823,194.38074,2350054230,0.58667,0.22996,1
1784418340.2887,194.38721,2350118982,0.60038,0.21516,1
1784418340.2955,194.39392,2350186077,0.59433,0.21185,1
1784418340.3024,194.40088,2350255683,0.59389,0.22240,1
1784418340.3088,194.40730,2350319879,0.58943,0.23578,1
1784418340.3158,194.41431,2350390022,0.59785,0.25633,1
1784418340.3222,194.42070,2350453885,0.59745,0.27145,1
1784418340.3292,194.42766,2350523433,0.59383,0.28708,1
1784418340.3356,194.43410,2350587853,0.59199,0.27696,1
1784418340.3425,194.44101,2350656933,0.59280,0.26255,1
1784418340.3490,194.44748,2350721770,0.58788,0.24190,1
1784418340.3557,194.45416,2350788579,0.58663,0.22840,1
1784418340.3626,194.46111,2350857892,0.58649,0.21751,1
1784418340.3695,194.46799,2350926784,0.58108,0.21258,1
1784418340.3761,194.47458,2350992753,0.57774,0.22095,1
1784418340.3825,194.48099,2351056784,0.57742,0.23950,1
1784418340.3894,194.48790,2351125943,0.56512,0.25782,1
1784418340.3961,194.49460,2351192892,0.56412,0.27612,1
1784418340.4030,194.50143,2351261313,0.56425,0.29003,1
1784418340.4095,194.50801,2351326977,0.56140,0.28896,1
1784418340.4160,194.51450,2351391936,0.56278,0.28674,1
1784418340.4230,194.52145,2351461394,0.56270,0.27972,1
1784418340.4294,194.52786,2351525572,0.57469,0.27095,1
1784418340.4365,194.53493,2351596193,0.57340,0.26657,1
1784418340.4430,194.54147,2351661698,0.57366,0.25601,1
1784418340.4498,194.54826,2351729579,0.56909,0.25450,1
1784418340.4562,194.55466,2351793446,0.56906,0.24465,1
1784418340.4631,194.56161,2351863115,0.56903,0.23767,1
1784418340.4696,194.56807,2351927576,0.56447,0.23907,1
1784418340.4763,194.57477,2351994544,0.56323,0.23932,1
1784418340.4830,194.58147,2352061573,0.56348,0.23533,1
1784418340.4897,194.58817,2352128530,0.55974,0.21252,1
1784418340.4966,194.59508,2352197715,0.56056,0.20594,1
1784418340.5033,194.60178,2352264740,0.56020,0.20203,1
1784418340.5100,194.60851,2352332038,0.56161,0.21506,1
1784418340.5165,194.61494,2352396290,0.55553,0.22023,1
1784418340.5234,194.62187,2352465575,0.55553,0.22023,1
1784418340.5299,194.62834,2352530329,0.55521,0.21836,1
1784418340.5366,194.63504,2352597385,0.56427,0.21153,1
1784418340.5436,194.64203,2352667229,0.56420,0.20356,1
1784418340.5500,194.64844,2352731268,0.56329,0.20698,1
1784418340.5567,194.65514,2352798312,0.56469,0.20577,1
1784418340.5634,194.66183,2352865276,0.56469,0.20577,1
1784418340.5703,194.66879,2352934853,0.56702,0.20173,1
1784418340.5771,194.67557,2353002583,0.56396,0.20605,1
1784418340.5837,194.68214,2353068370,0.56396,0.20605,1
1784418340.5904,194.68889,2353135821,0.55554,0.20724,1
1784418340.5971,194.69556,2353202417,0.55725,0.20724,1
1784418340.6038,194.70229,2353269710,0.55725,0.20724,1
1784418340.6103,194.70872,2353334119,0.55779,0.20848,1
1784418340.6172,194.71564,2353403245,0.56213,0.19356,1
1784418340.6236,194.72211,2353467992,0.56247,0.19748,1
1784418340.6304,194.72882,2353535055,0.56489,0.19327,1
1784418340.6376,194.73604,2353607254,0.56917,0.18937,1
1784418340.6438,194.74222,2353669021,0.56889,0.19354,1
1784418340.6507,194.74918,2353738636,0.56406,0.21465,1
1784418340.6574,194.75583,2353805163,0.56699,0.21329,1
1784418340.6640,194.76251,2353872109,0.56688,0.23192,1
1784418340.6705,194.76900,2353936921,0.57158,0.24724,1
1784418340.6772,194.77570,2354003867,0.57372,0.25774,1
1784418340.6842,194.78265,2354073501,0.57394,0.26840,1
1784418340.6906,194.78909,2354137912,0.58066,0.28193,1
1784418340.6973,194.79579,2354204784,0.58286,0.27575,1
1784418340.7043,194.80273,2354274254,0.58293,0.26879,1
1784418340.7107,194.80919,2354338847,0.56668,0.25633,1
1784418340.7177,194.81613,2354408157,0.56591,0.25883,1
1784418340.7245,194.82298,2354476746,0.56586,0.25182,1
1784418340.7311,194.82957,2354542639,0.56279,0.24651,1
1784418340.7375,194.83600,2354606822,0.56308,0.23878,1
1784418340.7445,194.84300,2354677000,0.56301,0.23177,1
1784418340.7509,194.84940,2354740912,0.55759,0.24258,1
1784418340.7579,194.85640,2354810864,0.56279,0.24469,1
1784418340.7643,194.86279,2354874837,0.56270,0.23680,1
1784418340.7712,194.86969,2354943848,0.55446,0.22480,1
1784418340.7781,194.87654,2355012301,0.55358,0.21366,1
1784418340.7847,194.88318,2355078636,0.55343,0.20572,1
1784418340.7916,194.89003,2355147140,0.55688,0.19033,1
1784418340.7981,194.89656,2355212582,0.54614,0.19115,1
1784418340.8045,194.90297,2355276625,0.54635,0.19922,1
1784418340.8114,194.90990,2355345913,0.55010,0.21521,1
1784418340.8179,194.91640,2355410944,0.54988,0.22455,1
1784418340.8246,194.92308,2355477665,0.54989,0.23611,1
1784418340.8313,194.92975,2355544346,0.54976,0.23261,1
1784418340.8380,194.93646,2355611525,0.55206,0.24839,1
1784418340.8450,194.94342,2355681120,0.55221,0.25539,1
1784418340.8514,194.94987,2355745632,0.55239,0.26020,1
1784418340.8585,194.95694,2355816255,0.55192,0.26397,1
1784418340.8648,194.96326,2355879481,0.55192,0.26397,1
1784418340.8717,194.97018,2355948796,0.55013,0.25197,1
1784418340.8782,194.97665,2356013505,0.55161,0.25441,1
1784418340.8849,194.98340,2356080910,0.55161,0.25441,1
1784418340.8919,194.99033,2356150221,0.55073,0.24150,1
1784418340.8983,194.99675,2356214389,0.56049,0.23986,1
1784418340.9053,195.00375,2356284473,0.56049,0.23986,1
1784418340.9117,195.01015,2356348349,0.55458,0.25264,1
1784418340.9186,195.01707,2356417631,0.55302,0.24892,1
1784418340.9254,195.02388,2356485713,0.55301,0.23719,1
1784418340.9318,195.03023,2356549195,0.55951,0.22867,1
1784418340.9388,195.03722,2356619036,0.55422,0.21412,1
1784418340.9454,195.04384,2356685354,0.55431,0.20299,1
1784418340.9521,195.05057,2356752616,0.56129,0.20331,1
1784418340.9588,195.05724,2356819339,0.55828,0.20252,1
1784418340.9655,195.06400,2356886791,0.55818,0.21366,1
1784418340.9724,195.07082,2356955127,0.56356,0.22732,1
1784418340.9790,195.07751,2357022046,0.55203,0.24604,1
1784418340.9854,195.08383,2357085189,0.55203,0.24604,1
1784418340.9925,195.09099,2357156840,0.52341,0.21097,1
1784418340.9996,195.09805,2357227475,0.53609,0.20028,1
1784418341.0058,195.10428,2357289701,0.53609,0.20028,1
1784418341.0126,195.11105,2357357454,0.53350,0.21516,1
1784418341.0191,195.11761,2357422992,0.53156,0.23512,1
1784418341.0256,195.12402,2357487134,0.53209,0.25402,1
1784418341.0326,195.13109,2357557819,0.53599,0.26619,1
1784418341.0389,195.13741,2357621039,0.53567,0.26989,1
1784418341.0459,195.14436,2357690613,0.53595,0.27695,1
1784418341.0524,195.15082,2357755035,0.53485,0.27648,1
1784418341.0590,195.15750,2357821891,0.53330,0.29753,1
1784418341.0660,195.16444,2357891341,0.53344,0.29393,1
1784418341.0724,195.17091,2357955999,0.52815,0.29001,1
1784418341.0795,195.17793,2358026238,0.52654,0.28355,1
1784418341.0858,195.18431,2358089989,0.52619,0.27667,1
1784418341.0927,195.19121,2358159004,0.52591,0.27433,1
1784418341.0992,195.19769,2358223774,0.52601,0.27072,1
1784418341.1059,195.20439,2358290870,0.52566,0.26382,1
1784418341.1129,195.21138,2358360689,0.52327,0.25652,1
1784418341.1193,195.21777,2358424589,0.51799,0.24713,1
1784418341.1263,195.22472,2358494094,0.51714,0.23229,1
1784418341.1327,195.23119,2358558694,0.52280,0.21845,1
1784418341.1396,195.23810,2358627900,0.52154,0.21204,1
1784418341.1465,195.24496,2358696591,0.52154,0.21204,1
1784418341.1531,195.25156,2358762423,0.52678,0.23774,1
1784418341.1599,195.25841,2358830963,0.53279,0.23836,1
1784418341.1666,195.26503,2358897262,0.53328,0.25665,1
1784418341.1730,195.27142,2358961206,0.53840,0.26848,1
1784418341.1799,195.27841,2359031015,0.53115,0.28082,1
1784418341.1863,195.28476,2359094469,0.53192,0.29107,1
1784418341.1932,195.29169,2359163731,0.53542,0.27778,1
1784418341.1997,195.29817,2359228607,0.53003,0.28023,1
1784418341.2064,195.30486,2359295524,0.52901,0.25850,1
1784418341.2134,195.31183,2359365168,0.52910,0.23461,1
1784418341.2198,195.31827,2359429582,0.53474,0.22187,1
1784418341.2268,195.32523,2359499149,0.53462,0.22550,1
1784418341.2332,195.33165,2359563335,0.52916,0.25148,1
1784418341.2399,195.33839,2359630895,0.52925,0.27017,1
1784418341.2469,195.34532,2359700087,0.53048,0.28413,1
1784418341.2533,195.35175,2359764405,0.53518,0.25201,1
1784418341.2602,195.35870,2359833994,0.53153,0.25301,1
1784418341.2667,195.36513,2359898177,0.53069,0.24230,1
1784418341.2736,195.37209,2359967832,0.53082,0.22345,1
1784418341.2804,195.37888,2360035724,0.52829,0.23295,1
1784418341.2868,195.38524,2360099308,0.52866,0.24108,1
1784418341.2935,195.39192,2360166122,0.50571,0.25996,1
1784418341.3002,195.39865,2360233359,0.51216,0.25465,1
1784418341.3071,195.40555,2360302429,0.51120,0.23957,1
1784418341.3139,195.41240,2360370875,0.51319,0.22186,1
1784418341.3205,195.41895,2360436384,0.50442,0.21219,1
1784418341.3270,195.42543,2360501239,0.50394,0.20519,1
1784418341.3337,195.43213,2360568218,0.50684,0.21288,1
1784418341.3407,195.43921,2360638957,0.50905,0.21973,1
1784418341.3475,195.44598,2360706731,0.51002,0.23477,1
1784418341.3542,195.45264,2360773349,0.51510,0.23810,1
1784418341.3607,195.45917,2360838517,0.51974,0.24966,1
1784418341.3672,195.46562,2360903167,0.52003,0.26041,1
1784418341.3738,195.47231,2360969926,0.51529,0.26569,1
1784418341.3809,195.47940,2361040888,0.50917,0.27347,1
1784418341.3873,195.48572,2361104061,0.50963,0.27679,1
1784418341.3942,195.49269,2361173772,0.50596,0.27015,1
1784418341.4006,195.49910,2361237982,0.50904,0.26033,1
1784418341.4076,195.50603,2361307170,0.50809,0.24619,1
1784418341.4140,195.51251,2361371995,0.51095,0.23283,1
1784418341.4210,195.51944,2361441295,0.51040,0.22520,1
1784418341.4277,195.52618,2361508767,0.50995,0.21811,1
1784418341.4341,195.53261,2361573045,0.51560,0.21482,1
1784418341.4411,195.53961,2361642985,0.50842,0.22111,1
1784418341.4478,195.54622,2361709090,0.50842,0.22111,1
1784418341.4545,195.55292,2361776031,0.51149,0.22220,1
1784418341.4613,195.55972,2361844196,0.51016,0.23108,1
1784418341.4680,195.56642,2361911117,0.51061,0.23808,1
1784418341.4743,195.57280,2361974924,0.50919,0.25315,1
1784418341.4812,195.57970,2362043952,0.50823,0.26177,1
1784418341.4881,195.58656,2362112472,0.50769,0.25386,1
1784418341.4946,195.59311,2362177940,0.51651,0.22578,1
1784418341.5015,195.59995,2362246336,0.50994,0.21839,1
1784418341.5080,195.60651,2362311934,0.50950,0.21142,1
1784418341.5148,195.61330,2362379870,0.49967,0.22333,1
1784418341.5214,195.61990,2362445876,0.50834,0.23370,1
1784418341.5282,195.62666,2362513494,0.50932,0.25209,1
1784418341.5346,195.63310,2362577958,0.50910,0.26891,1
1784418341.5417,195.64020,2362648845,0.51500,0.28375,1
1784418341.5480,195.64648,2362711763,0.51551,0.28704,1
1784418341.5550,195.65349,2362781742,0.51759,0.25367,1
1784418341.5618,195.66028,2362849687,0.50858,0.23777,1
1784418341.5684,195.66682,2362915192,0.50762,0.22726,1
1784418341.5748,195.67326,2362979563,0.50648,0.23820,1
1784418341.5817,195.68018,2363048711,0.51322,0.24337,1
1784418341.5885,195.68695,2363116461,0.51412,0.25374,1
1784418341.5949,195.69339,2363180820,0.51338,0.24920,1
1784418341.6016,195.70004,2363247367,0.51068,0.24366,1
1784418341.6083,195.70676,2363314463,0.50970,0.22834,1
1784418341.6153,195.71373,2363384277,0.51110,0.22096,1
1784418341.6217,195.72014,2363448282,0.51938,0.21014,1
1784418341.6286,195.72708,2363517784,0.51901,0.20311,1
1784418341.6355,195.73393,2363586169,0.50965,0.22021,1
1784418341.6420,195.74048,2363651625,0.50840,0.22786,1
1784418341.6488,195.74728,2363719732,0.50937,0.24634,1
1784418341.6554,195.75386,2363785542,0.50532,0.25670,1
1784418341.6622,195.76067,2363853535,0.50541,0.28764,1
1784418341.6686,195.76704,2363917374,0.50639,0.29774,1
1784418341.6755,195.77396,2363986468,0.51348,0.30474,1
1784418341.6820,195.78046,2364051525,0.52463,0.29710,1
1784418341.6889,195.78740,2364120978,0.52390,0.28354,1
1784418341.6954,195.79384,2364185302,0.55271,0.31690,1
1784418341.7024,195.80089,2364255826,0.54700,0.55433,1
1784418341.7090,195.80746,2364321561,0.54681,0.54981,1
1784418341.7157,195.81419,2364388887,0.54681,0.54981,0
1784418341.7224,195.82085,2364455422,0.54681,0.54981,0
1784418341.7292,195.82770,2364523947,0.54681,0.54981,0
1784418341.7358,195.83426,2364589532,0.54681,0.54981,0
1784418341.7425,195.84100,2364657018,0.54681,0.54981,0
1784418341.7490,195.84743,2364721121,0.54681,0.54981,0
1784418341.7557,195.85413,2364788171,0.54681,0.54981,0
1784418341.7626,195.86108,2364857821,0.54681,0.54981,0
1784418341.7691,195.86754,2364922326,0.54681,0.54981,0
1784418341.7761,195.87456,2364992436,0.54681,0.54981,0
1784418341.7827,195.88113,2365058290,0.54681,0.54981,0
1784418341.7894,195.88789,2365125855,0.54681,0.54981,0
1784418341.7959,195.89432,2365190043,0.54681,0.54981,0
1784418341.8028,195.90126,2365259574,0.54681,0.54981,0
1784418341.8092,195.90771,2365323996,0.54681,0.54981,0
1784418341.8165,195.91493,2365396263,0.54681,0.54981,0
1784418341.8226,195.92111,2365458023,0.54681,0.54981,0
1784418341.8297,195.92812,2365528109,0.54681,0.54981,0
1784418341.8360,195.93448,2365591701,0.54681,0.54981,0
1784418341.8431,195.94154,2365662423,0.54681,0.54981,0
1784418341.8494,195.94789,2365725823,0.54681,0.54981,0
1784418341.8563,195.95480,2365794983,0.61675,0.27147,1
1784418341.8628,195.96130,2365859930,0.59429,0.25268,1
1784418341.8695,195.96800,2365926886,0.59429,0.25268,1
1784418341.8765,195.97501,2365996971,0.60901,0.23183,1
1784418341.8829,195.98140,2366060847,0.61388,0.22367,1
1784418341.8899,195.98839,2366130769,0.61388,0.22367,1
1784418341.8963,195.99480,2366194871,0.61446,0.22882,1
1784418341.9035,196.00198,2366266779,0.61597,0.23430,1
1784418341.9100,196.00848,2366331744,0.61556,0.23780,1
1784418341.9168,196.01523,2366399119,0.61563,0.21238,1
1784418341.9234,196.02187,2366465606,0.61388,0.21977,1
1784418341.9298,196.02831,2366529893,0.61359,0.22702,1
1784418341.9368,196.03526,2366599486,0.61115,0.23936,1
1784418341.9432,196.04169,2366663726,0.61035,0.24530,1
1784418341.9499,196.04839,2366730778,0.61075,0.24158,1
1784418341.9569,196.05539,2366800825,0.62155,0.23781,1
1784418341.9633,196.06175,2366864473,0.61991,0.23384,1
1784418341.9702,196.06870,2366933859,0.62024,0.22676,1
1784418341.9767,196.07518,2366998681,0.61702,0.20816,1
1784418341.9837,196.08212,2367068172,0.61743,0.20874,1
1784418341.9906,196.08902,2367137098,0.61743,0.20874,1
1784418341.9971,196.09557,2367202614,0.61722,0.21083,1
1784418342.0035,196.10196,2367266518,0.61473,0.21974,1
1784418342.0104,196.10890,2367335863,0.61473,0.21974,1
1784418342.0169,196.11537,2367400688,0.61399,0.21765,1
1784418342.0238,196.12227,2367469531,0.61414,0.22640,1
1784418342.0303,196.12875,2367534429,0.61414,0.22640,1
1784418342.0372,196.13567,2367603564,0.62626,0.23059,1
1784418342.0437,196.14214,2367668324,0.61622,0.22552,1
1784418342.0504,196.14885,2367735355,0.61580,0.22910,1
1784418342.0573,196.15581,2367804920,0.61915,0.23634,1
1784418342.0638,196.16225,2367869353,0.61024,0.24649,1
1784418342.0708,196.16922,2367939068,0.60997,0.25352,1
1784418342.0772,196.17564,2368003373,0.61326,0.25507,1
1784418342.0841,196.18259,2368072813,0.61553,0.25391,1
1784418342.0908,196.18924,2368139364,0.61669,0.23818,1
1784418342.0975,196.19597,2368206662,0.60895,0.21285,1
1784418342.1044,196.20282,2368275157,0.61131,0.18802,1
1784418342.1110,196.20946,2368341435,0.61140,0.17694,1
1784418342.1174,196.21585,2368405438,0.61411,0.18068,1
1784418342.1245,196.22301,2368477009,0.61622,0.19971,1
1784418342.1308,196.22922,2368539123,0.61481,0.22662,1
1784418342.1377,196.23613,2368608240,0.61883,0.23710,1
1784418342.1441,196.24261,2368673092,0.62089,0.26908,1
1784418342.1511,196.24953,2368742217,0.62018,0.28313,1
1784418342.1576,196.25603,2368807109,0.61397,0.28942,1
1784418342.1643,196.26273,2368874129,0.61567,0.29129,1
1784418342.1713,196.26974,2368944378,0.61638,0.28074,1
1784418342.1779,196.27637,2369010650,0.62181,0.26323,1
1784418342.1847,196.28319,2369078726,0.62392,0.24293,1
1784418342.1915,196.28993,2369146253,0.62464,0.22880,1
1784418342.1977,196.29620,2369208945,0.62636,0.22608,1
1784418342.2047,196.30313,2369278201,0.61748,0.22693,1
1784418342.2112,196.30962,2369343097,0.61748,0.22693,1
1784418342.2180,196.31651,2369412055,0.61743,0.22022,1
1784418342.2249,196.32341,2369481073,0.61988,0.21667,1
1784418342.2312,196.32970,2369543867,0.61988,0.21667,1
1784418342.2381,196.33661,2369613003,0.61136,0.21413,1
1784418342.2446,196.34308,2369677642,0.61081,0.21195,1
1784418342.2513,196.34979,2369744881,0.61081,0.21195,1
1784418342.2580,196.35649,2369811806,0.61418,0.20342,1
1784418342.2647,196.36319,2369878882,0.61399,0.20182,1
1784418342.2717,196.37016,2369948552,0.61399,0.20182,1
1784418342.2783,196.37680,2370014937,0.61225,0.20048,1
1784418342.2851,196.38354,2370082342,0.61529,0.20190,1
1784418342.2919,196.39041,2370150984,0.61529,0.20190,1
1784418342.2985,196.39697,2370216668,0.61408,0.21619,1
1784418342.3049,196.40341,2370281015,0.61472,0.21434,1
1784418342.3120,196.41043,2370351183,0.61472,0.21434,1
1784418342.3187,196.41714,2370418369,0.61699,0.21008,1
1784418342.3253,196.42374,2370484260,0.61497,0.21140,1
1784418342.3317,196.43016,2370548528,0.61425,0.22228,1
1784418342.3386,196.43710,2370617968,0.64552,0.24553,1
1784418342.3454,196.44389,2370685875,0.65734,0.23977,1
1784418342.3520,196.45049,2370751719,0.65727,0.24334,1
1784418342.3585,196.45697,2370816580,0.65941,0.24093,1
1784418342.3652,196.46368,2370883725,0.65914,0.22752,1
1784418342.3721,196.47061,2370952991,0.66037,0.21314,1
1784418342.3786,196.47704,2371017293,0.66479,0.21797,1
1784418342.3855,196.48396,2371086615,0.66585,0.20698,1
1784418342.3920,196.49045,2371151413,0.66585,0.20698,1
1784418342.3990,196.49742,2371221048,0.66929,0.21166,1
1784418342.4057,196.50418,2371288700,0.66534,0.21260,1
1784418342.4124,196.51088,2371355712,0.66475,0.21630,1
1784418342.4191,196.51759,2371422860,0.69781,0.22460,1
1784418342.4257,196.52419,2371488749,0.69830,0.23678,1
1784418342.4326,196.53102,2371557119,0.69811,0.24023,1
1784418342.4391,196.53755,2371622493,0.69613,0.24066,1
1784418342.4456,196.54404,2371687213,0.69665,0.23877,1
1784418342.4523,196.55074,2371754246,0.69752,0.23172,1
1784418342.4594,196.55785,2371825296,0.70068,0.23180,1
1784418342.4657,196.56413,2371888304,0.68813,0.23426,1
1784418342.4727,196.57121,2371959008,0.68813,0.23426,1
1784418342.4795,196.57799,2372026744,0.69845,0.23945,1
1784418342.4862,196.58469,2372093751,0.69761,0.24168,1
1784418342.4927,196.59120,2372158916,0.69761,0.24168,1
1784418342.4994,196.59790,2372225941,0.69472,0.23906,1
1784418342.5059,196.60432,2372290095,0.70412,0.24130,1
1784418342.5128,196.61127,2372359519,0.70412,0.24130,1
1784418342.5193,196.61774,2372424218,0.70236,0.24039,1
1784418342.5260,196.62442,2372491171,0.70414,0.24204,1
1784418342.5329,196.63139,2372560805,0.70347,0.24565,1
1784418342.5393,196.63780,2372624982,0.69710,0.25317,1
1784418342.5465,196.64494,2372696380,0.69529,0.25849,1
1784418342.5527,196.65121,2372759033,0.69417,0.26882,1
1784418342.5597,196.65813,2372828161,0.69061,0.27142,1
1784418342.5661,196.66461,2372893026,0.70152,0.27003,1
1784418342.5731,196.67152,2372962100,0.70152,0.27003,1
1784418342.5799,196.67838,2373030647,0.69748,0.26120,1
1784418342.5865,196.68492,2373096096,0.69754,0.26120,1
1784418342.5929,196.69141,2373160969,0.69684,0.26486,1
1784418342.5996,196.69810,2373228006,0.69558,0.26416,1
1784418342.6066,196.70508,2373297768,0.68373,0.27179,1
1784418342.6130,196.71149,2373361709,0.68291,0.27886,1
1784418342.6200,196.71843,2373431240,0.68373,0.27510,1
1784418342.6264,196.72490,2373495938,0.68254,0.27265,1
1784418342.6333,196.73181,2373565097,0.68254,0.27265,1
1784418342.6400,196.73851,2373631990,0.68299,0.27034,1
1784418342.6467,196.74521,2373698928,0.68449,0.26789,1
1784418342.6532,196.75168,2373763770,0.68449,0.26789,1
1784418342.6601,196.75861,2373832928,0.68743,0.26199,1
1784418342.6669,196.76538,2373900651,0.68899,0.27659,1
1784418342.6736,196.77202,2373967133,0.68899,0.27659,1
1784418342.6805,196.77901,2374036973,0.69195,0.27244,1
1784418342.6867,196.78519,2374098713,0.69182,0.27326,1
1784418342.6937,196.79213,2374168196,0.69182,0.27326,1
1784418342.7003,196.79880,2374234900,0.69276,0.26950,1
1784418342.7070,196.80550,2374301825,0.69291,0.26876,1
1784418342.7135,196.81195,2374366466,0.69382,0.26157,1
1784418342.7204,196.81889,2374435799,0.69697,0.25596,1
1784418342.7269,196.82536,2374500508,0.69800,0.24627,1
1784418342.7338,196.83228,2374569677,0.69892,0.23907,1
1784418342.7403,196.83876,2374634518,0.69971,0.23858,1
1784418342.7472,196.84569,2374703749,0.70046,0.23162,1
1784418342.7537,196.85214,2374768360,0.70115,0.22793,1
1784418342.7604,196.85887,2374835667,0.70568,0.22479,1
1784418342.7674,196.86584,2374905341,0.70343,0.21830,1
1784418342.7740,196.87247,2374971602,0.70367,0.21474,1
1784418342.7805,196.87895,2375036459,0.70195,0.22059,1
1784418342.7874,196.88586,2375105588,0.70229,0.22906,1
1784418342.7939,196.89238,2375170646,0.70135,0.23626,1
1784418342.8006,196.89905,2375237442,0.69474,0.23909,1
1784418342.8076,196.90602,2375307087,0.70239,0.24212,1
1784418342.8145,196.91293,2375376194,0.70309,0.23846,1
1784418342.8209,196.91936,2375440513,0.71798,0.24212,1
1784418342.8274,196.92584,2375505292,0.72095,0.22393,1
1784418342.8344,196.93283,2375575152,0.72122,0.22049,1
1784418342.8408,196.93925,2375639385,0.71333,0.23037,1
1784418342.8477,196.94615,2375708383,0.71145,0.23355,1
1784418342.8542,196.95264,2375773340,0.71045,0.24071,1
1784418342.8612,196.95963,2375843175,0.72058,0.25179,1
1784418342.8679,196.96640,2375910837,0.71779,0.25773,1
1784418342.8743,196.97275,2375974332,0.71673,0.26478,1
1784418342.8812,196.97969,2376043826,0.71135,0.27343,1
1784418342.8876,196.98611,2376108100,0.70570,0.28414,1
1784418342.8947,196.99312,2376178021,0.70542,0.28746,1
1784418342.9013,196.99974,2376244343,0.70313,0.28719,1
1784418342.9080,197.00644,2376311262,0.70567,0.28491,1
1784418342.9144,197.01291,2376376025,0.70665,0.27800,1
1784418342.9212,197.01962,2376443102,0.71177,0.26023,1
1784418342.9278,197.02631,2376509961,0.71273,0.25896,1
1784418342.9345,197.03300,2376577016,0.71273,0.25896,1
1784418342.9415,197.03995,2376646405,0.70955,0.24505,1
1784418342.9480,197.04642,2376711109,0.70845,0.24952,1
1784418342.9549,197.05336,2376780504,0.70943,0.24241,1
1784418342.9613,197.05981,2376845029,0.71008,0.24352,1
1784418342.9682,197.06671,2376914077,0.71011,0.23598,1
1784418342.9751,197.07356,2376982600,0.71011,0.23598,1
1784418342.9817,197.08014,2377048323,0.70951,0.23809,1
1784418342.9883,197.08681,2377115049,0.71042,0.25440,1
1784418342.9950,197.09351,2377182006,0.70943,0.26142,1
1784418343.0015,197.09999,2377246798,0.71419,0.26482,1
1784418343.0082,197.10670,2377313937,0.71241,0.26322,1
1784418343.0149,197.11340,2377380899,0.71241,0.26322,1
1784418343.0219,197.12032,2377450036,0.71675,0.26167,1
1784418343.0283,197.12679,2377514789,0.71730,0.25715,1
1784418343.0354,197.13387,2377585528,0.71730,0.25715,1
1784418343.0420,197.14044,2377651339,0.71392,0.25327,1
1784418343.0487,197.14713,2377718179,0.71479,0.25314,1
1784418343.0555,197.15396,2377786543,0.71582,0.24605,1
1784418343.0620,197.16051,2377851982,0.72057,0.23371,1
1784418343.0685,197.16696,2377916596,0.72460,0.22389,1
1784418343.0752,197.17369,2377983782,0.72568,0.21674,1
1784418343.0822,197.18068,2378053731,0.72683,0.25075,1
1784418343.0886,197.18709,2378117740,0.71810,0.24303,1
1784418343.0956,197.19403,2378187206,0.71810,0.24303,1
1784418343.1020,197.20049,2378251744,0.70881,0.23541,1
1784418343.1090,197.20746,2378321481,0.71318,0.22844,1
1784418343.1154,197.21387,2378385604,0.71318,0.22844,1
1784418343.1224,197.22086,2378455402,0.71585,0.21983,1
1784418343.1288,197.22726,2378519615,0.71608,0.22500,1
1784418343.1357,197.23418,2378588638,0.71608,0.22500,1
1784418343.1424,197.24089,2378655753,0.72155,0.21613,1
1784418343.1489,197.24736,2378720532,0.72406,0.20932,1
1784418343.1559,197.25435,2378790448,0.72300,0.21653,1
1784418343.1623,197.26074,2378854378,0.72453,0.22345,1
1784418343.1693,197.26773,2378924189,0.71519,0.22496,1
1784418343.1757,197.27415,2378988441,0.71417,0.23222,1
1784418343.1826,197.28107,2379057520,0.71428,0.22948,1
1784418343.1895,197.28792,2379126055,0.71310,0.23186,1
1784418343.1960,197.29446,2379191503,0.71235,0.23566,1
1784418343.2025,197.30095,2379256330,0.71308,0.24079,1
1784418343.2094,197.30786,2379325462,0.71140,0.24641,1
1784418343.2159,197.31436,2379390473,0.71140,0.24641,1
1784418343.2228,197.32124,2379459418,0.71126,0.24327,1
1784418343.2296,197.32805,2379527395,0.71203,0.23613,1
1784418343.2363,197.33475,2379594458,0.71379,0.22503,1
1784418343.2430,197.34151,2379661915,0.72508,0.21621,1
1784418343.2498,197.34824,2379729318,0.72113,0.21050,1
1784418343.2564,197.35483,2379795155,0.72337,0.19490,1
1784418343.2630,197.36151,2379862019,0.72048,0.18855,1
1784418343.2694,197.36790,2379925910,0.72258,0.18362,1
1784418343.2762,197.37463,2379993237,0.72258,0.18362,1
1784418343.2828,197.38130,2380059930,0.72596,0.19244,1
1784418343.2896,197.38802,2380127053,0.72120,0.19989,1
1784418343.2965,197.39500,2380196923,0.72086,0.20384,1
1784418343.3029,197.40141,2380261047,0.73052,0.19767,1
1784418343.3099,197.40836,2380330439,0.72882,0.18702,1
1784418343.3164,197.41483,2380395179,0.72850,0.18686,1
1784418343.3233,197.42172,2380464163,0.71856,0.20845,1
1784418343.3298,197.42822,2380529132,0.71374,0.22960,1
1784418343.3365,197.43492,2380596070,0.71127,0.24817,1
1784418343.3435,197.44196,2380666502,0.71649,0.26179,1
1784418343.3501,197.44852,2380732144,0.72437,0.26440,1
1784418343.3569,197.45537,2380800620,0.72548,0.25738,1
1784418343.3634,197.46191,2380866068,0.72191,0.24483,1
1784418343.3699,197.46838,2380930818,0.72163,0.23888,1
1784418343.3769,197.47534,2381000344,0.72389,0.22381,1
1784418343.3836,197.48207,2381067571,0.72323,0.21528,1
1784418343.3900,197.48851,2381131938,0.71972,0.19303,1
1784418343.3970,197.49548,2381201682,0.72086,0.18487,1
1784418343.4034,197.50188,2381265731,0.73425,0.17744,1
1784418343.4103,197.50880,2381334910,0.75115,0.17737,1
1784418343.4172,197.51566,2381403483,0.74857,0.19282,1
1784418343.4239,197.52235,2381470426,0.74968,0.21324,1
1784418343.4302,197.52870,2381533976,0.74515,0.23426,1
1784418343.4373,197.53575,2381604483,0.74252,0.24952,1
1784418343.4436,197.54208,2381667822,0.74759,0.26277,1
1784418343.4506,197.54906,2381737501,0.74706,0.26093,1
1784418343.4570,197.55547,2381801603,0.74618,0.26462,1
1784418343.4641,197.56253,2381872207,0.72696,0.27366,1
1784418343.4704,197.56888,2381935637,0.72700,0.27877,1
1784418343.4775,197.57597,2382006625,0.72585,0.28580,1
1784418343.4838,197.58228,2382069635,0.72438,0.28607,1
1784418343.4908,197.58928,2382139717,0.72742,0.28631,1
1784418343.4972,197.59564,2382203407,0.73021,0.27137,1
1784418343.5042,197.60262,2382272992,0.73946,0.23409,1
1784418343.5106,197.60907,2382337568,0.73224,0.20455,1
1784418343.5175,197.61600,2382406837,0.73571,0.18183,1
1784418343.5240,197.62247,2382471610,0.73856,0.17135,1
1784418343.5307,197.62915,2382538455,0.74658,0.16698,1
1784418343.5376,197.63606,2382607594,0.74566,0.17135,1
1784418343.5443,197.64276,2382674574,0.74834,0.17123,1
1784418343.5510,197.64946,2382741579,0.73830,0.19566,1
1784418343.5575,197.65593,2382806226,0.73830,0.19566,1
1784418343.5642,197.66267,2382873604,0.73417,0.20893,1
1784418343.5711,197.66956,2382942498,0.73806,0.20059,1
1784418343.5776,197.67604,2383007358,0.73613,0.21138,1
1784418343.5845,197.68300,2383076925,0.73127,0.22366,1
1784418343.5910,197.68944,2383141337,0.73116,0.24897,1
1784418343.5979,197.69637,2383210578,0.72919,0.26346,1
1784418343.6044,197.70285,2383275363,0.74147,0.26945,1
1784418343.6114,197.70982,2383345211,0.74738,0.25545,1
1784418343.6180,197.71646,2383411569,0.75036,0.23771,1
1784418343.6248,197.72322,2383479190,0.74658,0.23849,1
1784418343.6312,197.72966,2383543501,0.73851,0.24374,1
1784418343.6381,197.73657,2383612592,0.73748,0.24832,1
1784418343.6446,197.74303,2383677188,0.73102,0.25363,1
1784418343.6513,197.74973,2383744089,0.72614,0.25921,1
1784418343.6583,197.75674,2383814314,0.72393,0.27313,1
1784418343.6646,197.76311,2383878034,0.72437,0.28285,1
1784418343.6716,197.77010,2383947887,0.72611,0.29053,1
1784418343.6785,197.77693,2384016285,0.72666,0.28978,1
1784418343.6851,197.78352,2384082179,0.73605,0.27697,1
1784418343.6915,197.78992,2384146083,0.73928,0.25992,1
1784418343.6984,197.79683,2384215166,0.74092,0.24910,1
1784418343.7049,197.80334,2384280337,0.74351,0.25245,1
1784418343.7115,197.81001,2384347090,0.74274,0.26141,1
1784418343.7185,197.81697,2384416679,0.74134,0.26934,1
1784418343.7249,197.82341,2384481079,0.74372,0.27574,1
1784418343.7319,197.83032,2384550147,0.74542,0.28552,1
1784418343.7383,197.83681,2384614967,0.74542,0.28552,1
1784418343.7454,197.84387,2384685565,0.74442,0.27088,1
1784418343.7517,197.85020,2384748932,0.74445,0.25793,1
1784418343.7587,197.85712,2384818007,0.74570,0.25088,1
1784418343.7651,197.86360,2384882994,0.74802,0.22859,1
1784418343.7718,197.87029,2384949775,0.74789,0.20588,1
1784418343.7789,197.87735,2385020454,0.74913,0.19858,1
1784418343.7855,197.88393,2385086204,0.74340,0.20686,1
1784418343.7919,197.89040,2385150863,0.74318,0.20819,1
1784418343.7989,197.89735,2385220439,0.74318,0.20819,1
1784418343.8057,197.90413,2385288267,0.73848,0.22472,1
1784418343.8125,197.91096,2385356554,0.73765,0.23267,1
1784418343.8187,197.91719,2385418833,0.73572,0.24335,1
1784418343.8257,197.92413,2385488235,0.72873,0.26326,1
1784418343.8324,197.93082,2385555145,0.72402,0.28470,1
1784418343.8390,197.93748,2385621808,0.72178,0.29854,1
1784418343.8455,197.94395,2385686517,0.72850,0.30177,1
1784418343.8522,197.95068,2385753703,0.72589,0.30135,1
1784418343.8589,197.95737,2385820533,0.72705,0.29443,1
1784418343.8656,197.96407,2385887535,0.72394,0.28604,1
1784418343.8725,197.97099,2385956838,0.73329,0.28361,1
1784418343.8790,197.97746,2386021515,0.73582,0.26882,1
1784418343.8859,197.98441,2386090906,0.75701,0.25181,1
1784418343.8924,197.99086,2386155519,0.79272,0.22831,1
1784418343.8993,197.99779,2386224746,0.78944,0.24158,1
1784418343.9058,198.00426,2386289463,0.83720,0.18399,1
1784418343.9127,198.01117,2386358611,0.87956,0.17188,1
1784418343.9192,198.01767,2386423559,0.87301,0.19587,1
1784418343.9259,198.02435,2386490489,0.90700,0.13154,1
1784418343.9329,198.03137,2386560681,0.93729,0.07371,1
1784418343.9395,198.03796,2386626545,0.94342,0.05398,1
1784418343.9462,198.04466,2386693612,1.00807,-0.00080,1
1784418343.9529,198.05136,2386760591,1.03634,-0.02214,1
1784418343.9594,198.05785,2386825398,1.03775,-0.02683,1
1784418343.9663,198.06479,2386894769,1.04512,-0.02143,1
1784418343.9728,198.07126,2386959438,1.04960,-0.01249,1
1784418343.9795,198.07794,2387026367,1.04299,0.00504,1
1784418343.9865,198.08495,2387096367,1.03501,0.03165,1
1784418343.9931,198.09157,2387162605,1.02981,0.04945,1
1784418343.9999,198.09837,2387230685,1.02749,0.05575,1
1784418344.0065,198.10500,2387296934,1.02383,0.05212,1
1784418344.0130,198.11143,2387361292,1.02583,0.04185,1
1784418344.0197,198.11813,2387428264,1.02925,0.03239,1
1784418344.0266,198.12511,2387497939,1.03620,0.03078,1
1784418344.0331,198.13152,2387562030,1.03523,0.03130,1
1784418344.0400,198.13844,2387631278,1.03176,0.04078,1
1784418344.0467,198.14514,2387698383,1.03544,0.04862,1
1784418344.0532,198.15166,2387763441,1.03100,0.05426,1
1784418344.0598,198.15831,2387830040,1.03100,0.05426,1
1784418344.0665,198.16501,2387897010,1.03355,0.04098,1
1784418344.0734,198.17191,2387965978,1.03654,0.03397,1
1784418344.0800,198.17842,2388031046,1.03654,0.03397,1
1784418344.0867,198.18512,2388098114,1.03589,0.04603,1
1784418344.0937,198.19212,2388168069,1.00510,0.09575,1
1784418344.1004,198.19890,2388235878,1.01026,0.08353,1
1784418344.1068,198.20522,2388299089,0.95625,0.10058,1
1784418344.1136,198.21211,2388368079,0.90507,0.11462,1
1784418344.1201,198.21860,2388432916,0.90997,0.09682,1
1784418344.1270,198.22551,2388502050,0.83709,0.16721,1
1784418344.1337,198.23221,2388569031,0.79502,0.21173,1
1784418344.1405,198.23892,2388636069,0.79397,0.21827,1
1784418344.1469,198.24538,2388700695,0.74072,0.23545,1
1784418344.1536,198.25208,2388767660,0.73454,0.23484,1
1784418344.1606,198.25909,2388837814,0.73723,0.21670,1
1784418344.1673,198.26573,2388904294,0.74616,0.21659,1
1784418344.1740,198.27248,2388971608,0.73018,0.21678,1
1784418344.1806,198.27911,2389038033,0.73051,0.21344,1
1784418344.1875,198.28596,2389106575,0.72172,0.21368,1
1784418344.1941,198.29253,2389172110,0.72219,0.20880,1
1784418344.2008,198.29922,2389239121,0.72114,0.21597,1
1784418344.2072,198.30568,2389303750,0.72571,0.21748,1
1784418344.2141,198.31259,2389372828,0.72619,0.24356,1
1784418344.2206,198.31906,2389437487,0.72493,0.25168,1
1784418344.2273,198.32579,2389504741,0.72735,0.24878,1
1784418344.2340,198.33246,2389571480,0.72953,0.26543,1
1784418344.2407,198.33916,2389638497,0.73032,0.26188,1
1784418344.2476,198.34608,2389707820,0.73260,0.25077,1
1784418344.2541,198.35257,2389772626,0.73262,0.24450,1
1784418344.2611,198.35953,2389842162,0.73376,0.23748,1
1784418344.2675,198.36597,2389906578,0.73402,0.23440,1
1784418344.2745,198.37292,2389976181,0.73711,0.22523,1
1784418344.2809,198.37936,2390040528,0.73711,0.22523,1
1784418344.2878,198.38628,2390109629,0.73270,0.22884,1
1784418344.2943,198.39276,2390174532,0.73158,0.23198,1
1784418344.3010,198.39946,2390241443,0.73158,0.23198,1
1784418344.3080,198.40642,2390311102,0.73816,0.22322,1
1784418344.3144,198.41286,2390375459,0.72775,0.21768,1
1784418344.3214,198.41986,2390445483,0.72589,0.22849,1
1784418344.3280,198.42647,2390511522,0.72866,0.26272,1
1784418344.3345,198.43294,2390576217,0.72555,0.25791,1
1784418344.3414,198.43987,2390645515,0.72442,0.26505,1
1784418344.3479,198.44635,2390710388,0.72341,0.27418,1
1784418344.3548,198.45326,2390779590,0.72332,0.26453,1
1784418344.3616,198.46007,2390847619,0.72443,0.25747,1
1784418344.3683,198.46674,2390914215,0.72745,0.25125,1
1784418344.3749,198.47340,2390981023,0.70663,0.26891,1
1784418344.3818,198.48024,2391049342,0.70734,0.26533,1
1784418344.3885,198.48698,2391116793,0.62771,0.27095,1
1784418344.3951,198.49352,2391182079,0.58040,0.25809,1
1784418344.4014,198.49991,2391246005,0.58045,0.25121,1
1784418344.4084,198.50687,2391315610,0.49542,0.27042,1
1784418344.4149,198.51335,2391380361,0.44688,0.27621,1
1784418344.4218,198.52025,2391449450,0.44688,0.27621,1
1784418344.4283,198.52673,2391514217,0.38030,0.32538,1
1784418344.4350,198.53343,2391581237,0.35559,0.33325,1
1784418344.4417,198.54012,2391648061,0.35559,0.33325,1
1784418344.4486,198.54703,2391717254,0.33119,0.32505,1
1784418344.4554,198.55382,2391785095,0.32244,0.31481,1
1784418344.4617,198.56021,2391849089,0.32350,0.31739,1
1784418344.4684,198.56691,2391915972,0.32859,0.31969,1
1784418344.4751,198.57361,2391982995,0.32205,0.34502,1
1784418344.4818,198.58029,2392049797,0.32179,0.34415,1
1784418344.4885,198.58701,2392116938,0.33677,0.30890,1
1784418344.4955,198.59392,2392186131,0.34632,0.29484,1
1784418344.5020,198.60042,2392251139,0.34632,0.29484,1
1784418344.5089,198.60736,2392320448,0.32668,0.29217,1
1784418344.5153,198.61380,2392384954,0.33578,0.28797,1
1784418344.5225,198.62094,2392456279,0.33697,0.29525,1
1784418344.5287,198.62718,2392518662,0.32532,0.32056,1
1784418344.5357,198.63419,2392588696,0.33523,0.32136,1
1784418344.5421,198.64059,2392652910,0.33663,0.32534,1
1784418344.5492,198.64764,2392723413,0.34376,0.31746,1
1784418344.5557,198.65421,2392788957,0.33238,0.30691,1
1784418344.5626,198.66107,2392857577,0.33063,0.30041,1
1784418344.5692,198.66762,2392923125,0.33247,0.30106,1
1784418344.5759,198.67436,2392990601,0.34879,0.32054,1
1784418344.5823,198.68077,2393054670,0.35043,0.32696,1
1784418344.5894,198.68787,2393125594,0.33526,0.31795,1
1784418344.5957,198.69418,2393188748,0.32596,0.31373,1
1784418344.6026,198.70111,2393258069,0.32340,0.30333,1
1784418344.6091,198.70758,2393322695,0.34385,0.29728,1
1784418344.6160,198.71449,2393391777,0.33283,0.27542,1
1784418344.6227,198.72119,2393458815,0.33159,0.27178,1
1784418344.6292,198.72768,2393523701,0.32714,0.24673,1
1784418344.6359,198.73436,2393590541,0.35248,0.27251,1
1784418344.6429,198.74133,2393660225,0.35587,0.28690,1
1784418344.6496,198.74803,2393727253,0.32809,0.30073,1
1784418344.6560,198.75446,2393791540,0.32362,0.27477,1
1784418344.6630,198.76151,2393862026,0.32102,0.26382,1
1784418344.6694,198.76787,2393925666,0.33806,0.26389,1
1784418344.6763,198.77481,2393995002,0.32383,0.22231,1
1784418344.6828,198.78123,2394059285,0.32013,0.20747,1
1784418344.6898,198.78822,2394129101,0.31997,0.23194,1
1784418344.6962,198.79465,2394193367,0.31476,0.22380,1
1784418344.7032,198.80162,2394263063,0.31555,0.22779,1
1784418344.7096,198.80804,2394327429,0.32225,0.23082,1
1784418344.7165,198.81499,2394396726,0.32017,0.23292,1
1784418344.7232,198.82166,2394463506,0.31948,0.22887,1
1784418344.7299,198.82838,2394530690,0.32108,0.24625,1
1784418344.7367,198.83521,2394599019,0.31175,0.21220,1
1784418344.7433,198.84181,2394664973,0.30775,0.19673,1
1784418344.7502,198.84863,2394733296,0.31442,0.21481,1
1784418344.7568,198.85527,2394799627,0.30760,0.19143,1
1784418344.7632,198.86165,2394863364,0.31026,0.20315,1
1784418344.7702,198.86867,2394933551,0.31236,0.22708,1
1784418344.7766,198.87503,2394997250,0.31496,0.25887,1
1784418344.7835,198.88199,2395066794,0.31905,0.27395,1
1784418344.7899,198.88841,2395131079,0.32547,0.24245,1
1784418344.7969,198.89536,2395200417,0.32663,0.24848,1
1784418344.8036,198.90202,2395267118,0.32389,0.23672,1
1784418344.8103,198.90878,2395334770,0.30692,0.21907,1
1784418344.8168,198.91524,2395399290,0.31840,0.21377,1
1784418344.8234,198.92191,2395466042,0.31717,0.20999,1
1784418344.8304,198.92885,2395535321,0.30373,0.22319,1
1784418344.8368,198.93530,2395599979,0.31592,0.23074,1
1784418344.8438,198.94226,2395669581,0.32100,0.24910,1
1784418344.8502,198.94870,2395733942,0.32044,0.26172,1
1784418344.8572,198.95563,2395803228,0.32436,0.26294,1
1784418344.8639,198.96234,2395870400,0.32411,0.26198,1
1784418344.8706,198.96902,2395937126,0.33963,0.23561,1
1784418344.8774,198.97583,2396005158,0.33430,0.22538,1
1784418344.8837,198.98219,2396068868,0.33324,0.22239,1
1784418344.8904,198.98891,2396135990,0.32183,0.29235,1
1784418344.8971,198.99561,2396202939,0.32898,0.28126,1
1784418344.9038,199.00227,2396269685,0.33158,0.29196,1
1784418344.9105,199.00897,2396336668,0.33694,0.31318,1
1784418344.9172,199.01569,2396403704,0.34309,0.32653,1
1784418344.9239,199.02238,2396470704,0.34421,0.32983,1
1784418344.9310,199.02943,2396541316,0.34072,0.29807,1
1784418344.9376,199.03604,2396607308,0.33578,0.29179,1
1784418344.9443,199.04274,2396674275,0.33354,0.28531,1
1784418344.9508,199.04922,2396739093,0.31028,0.24953,1
1784418344.9577,199.05614,2396808224,0.31198,0.26694,1
1784418344.9644,199.06291,2396876067,0.31443,0.27371,1
1784418344.9711,199.06952,2396942064,0.26680,0.07806,1
1784418344.9779,199.07634,2397010328,0.21030,-0.08172,1
1784418344.9842,199.08266,2397073528,0.15440,-0.25704,1
1784418344.9909,199.08939,2397140793,0.13253,-0.24571,1
1784418344.9976,199.09607,2397207586,0.18578,-0.08171,1
1784418345.0045,199.10300,2397276865,0.24144,0.07817,1
1784418345.0110,199.10947,2397341646,0.30657,0.25898,1
1784418345.0179,199.11638,2397410757,0.30131,0.25354,1
1784418345.0244,199.12285,2397475446,0.30373,0.26015,1
1784418345.0311,199.12955,2397542423,0.31426,0.27201,1
1784418345.0381,199.13654,2397612313,0.31438,0.28918,1
1784418345.0445,199.14296,2397676518,0.31682,0.29578,1
1784418345.0514,199.14989,2397745781,0.30172,0.28230,1
1784418345.0579,199.15636,2397810485,0.31047,0.27102,1
1784418345.0646,199.16306,2397877535,0.30804,0.26438,1
1784418345.0715,199.17000,2397946956,0.30632,0.26377,1
1784418345.0780,199.17645,2398011444,0.32499,0.27022,1
1784418345.0850,199.18346,2398081466,0.32734,0.27698,1
1784418345.0914,199.18985,2398145378,0.31878,0.24438,1
1784418345.0983,199.19681,2398215013,0.31456,0.23237,1
1784418345.1048,199.20325,2398279376,0.30709,0.21056,1
1784418345.1117,199.21016,2398348550,0.29558,0.17713,1
1784418345.1184,199.21690,2398415913,0.29562,0.16974,1
1784418345.1251,199.22356,2398482515,0.29029,0.15388,1
1784418345.1319,199.23036,2398550604,0.29007,0.18614,1
1784418345.1386,199.23708,2398617708,0.29356,0.18552,1
1784418345.1452,199.24367,2398683643,0.29641,0.19710,1
1784418345.1519,199.25041,2398751066,0.30171,0.16050,1
1784418345.1583,199.25681,2398815030,0.28969,0.17605,1
1784418345.1653,199.26381,2398884960,0.29767,0.19911,1
1784418345.1718,199.27023,2398949180,0.29669,0.28449,1
1784418345.1787,199.27715,2399018294,0.30621,0.31283,1
1784418345.1855,199.28398,2399086708,0.30422,0.30489,1
1784418345.1921,199.29054,2399152332,0.29971,0.28240,1
1784418345.1985,199.29701,2399217038,0.29469,0.23766,1
1784418345.2055,199.30392,2399286216,0.29217,0.23019,1
1784418345.2123,199.31073,2399354155,0.29886,0.26613,1
1784418345.2186,199.31711,2399418015,0.29227,0.29263,1
1784418345.2256,199.32405,2399487468,0.29814,0.31114,1
1784418345.2320,199.33051,2399551969,0.30610,0.31527,1
1784418345.2388,199.33722,2399619122,0.32268,0.30265,1
1784418345.2454,199.34390,2399685892,0.32153,0.29934,1
1784418345.2524,199.35086,2399755450,0.33457,0.29580,1
1784418345.2591,199.35757,2399822646,0.32505,0.27516,1
1784418345.2655,199.36401,2399886989,0.32471,0.27420,1
1784418345.2722,199.37070,2399953877,0.32328,0.27565,1
1784418345.2792,199.37769,2400023711,0.32025,0.24388,1
1784418345.2856,199.38408,2400087725,0.31793,0.23663,1
1784418345.2926,199.39102,2400157191,0.32381,0.25955,1
1784418345.2993,199.39780,2400224889,0.31743,0.28251,1
1784418345.3060,199.40442,2400291085,0.32285,0.30121,1
1784418345.3127,199.41116,2400358474,0.32678,0.30414,1
1784418345.3194,199.41783,2400425187,0.32391,0.30410,1
1784418345.3262,199.42465,2400493490,0.32279,0.30076,1
1784418345.3325,199.43100,2400556846,0.32740,0.30776,1
1784418345.3394,199.43791,2400625989,0.32461,0.32101,1
1784418345.3461,199.44461,2400692958,0.32832,0.33410,1
1784418345.3529,199.45137,2400760684,0.33035,0.31598,1
1784418345.3595,199.45799,2400826845,0.33575,0.31793,1
1784418345.3663,199.46475,2400894370,0.33054,0.29647,1
1784418345.3727,199.47118,2400958714,0.32950,0.25817,1
1784418345.3796,199.47809,2401027814,0.32570,0.22538,1
1784418345.3864,199.48491,2401095933,0.32103,0.20786,1
1784418345.3928,199.49127,2401159666,0.30906,0.26141,1
1784418345.3998,199.49823,2401229212,0.30297,0.26557,1
1784418345.4062,199.50467,2401293575,0.30984,0.29039,1
1784418345.4132,199.51163,2401363203,0.32354,0.31770,1
1784418345.4196,199.51807,2401427574,0.32581,0.32360,1
1784418345.4265,199.52498,2401496698,0.32950,0.33665,1
1784418345.4330,199.53146,2401561522,0.33579,0.32978,1
1784418345.4397,199.53816,2401628533,0.33446,0.32131,1
1784418345.4471,199.54555,2401702378,0.33446,0.32131,1
1784418345.4531,199.55156,2401762550,0.34053,0.32913,1
1784418345.4601,199.55856,2401832587,0.34026,0.32696,1
1784418345.4665,199.56494,2401896273,0.34026,0.32696,1
1784418345.4736,199.57208,2401967677,0.34154,0.30617,1
1784418345.4799,199.57837,2402030569,0.33587,0.31762,1
1784418345.4869,199.58534,2402100259,0.33587,0.31762,1
1784418345.4933,199.59174,2402164344,0.33412,0.31765,1
1784418345.5002,199.59868,2402233732,0.33459,0.32526,1
1784418345.5070,199.60548,2402301771,0.33212,0.31537,1
1784418345.5136,199.61208,2402367666,0.33087,0.30624,1
1784418345.5205,199.61893,2402436179,0.32457,0.29373,1
1784418345.5270,199.62547,2402501597,0.31814,0.26921,1
1784418345.5337,199.63220,2402569006,0.30852,0.23403,1
1784418345.5402,199.63864,2402633316,0.30234,0.21615,1
1784418345.5471,199.64561,2402703072,0.30106,0.21225,1
1784418345.5535,199.65201,2402766998,0.31702,0.24099,1
1784418345.5605,199.65895,2402836400,0.32769,0.24766,1
1784418345.5672,199.66571,2402904032,0.33387,0.27285,1
1784418345.5739,199.67238,2402970629,0.32748,0.29982,1
1784418345.5806,199.67903,2403037285,0.33926,0.29950,1
1784418345.5873,199.68573,2403104240,0.34033,0.30289,1
1784418345.5940,199.69243,2403171260,0.33012,0.29482,1
1784418345.6007,199.69920,2403238979,0.31801,0.27268,1
1784418345.6071,199.70560,2403302913,0.31142,0.24743,1
1784418345.6141,199.71254,2403372366,0.32219,0.25080,1
1784418345.6209,199.71939,2403440773,0.32057,0.23939,1
1784418345.6275,199.72595,2403506372,0.32162,0.24568,1
1784418345.6339,199.73241,2403570919,0.32409,0.27604,1
1784418345.6409,199.73935,2403640387,0.32721,0.30470,1
1784418345.6476,199.74602,2403707083,0.33488,0.33267,1
1784418345.6543,199.75281,2403775056,0.32799,0.33487,1
1784418345.6607,199.75919,2403838768,0.32613,0.33823,1
1784418345.6677,199.76613,2403908169,0.32356,0.32834,1
1784418345.6744,199.77287,2403975692,0.33263,0.31285,1
1784418345.6810,199.77951,2404042020,0.32787,0.30400,1
1784418345.6879,199.78633,2404110244,0.32431,0.29095,1
1784418345.6944,199.79291,2404176038,0.32681,0.27175,1
1784418345.7012,199.79968,2404243690,0.32304,0.29353,1
1784418345.7076,199.80611,2404308049,0.32100,0.28614,1
1784418345.7143,199.81277,2404374690,0.32850,0.25023,1
1784418345.7213,199.81972,2404444080,0.32569,0.25734,1
1784418345.7277,199.82619,2404508826,0.32569,0.25734,1
1784418345.7346,199.83310,2404577895,0.32509,0.25847,1
1784418345.7414,199.83986,2404645463,0.32665,0.25849,1
1784418345.7478,199.84625,2404709496,0.33036,0.27282,1
1784418345.7548,199.85326,2404779429,0.33242,0.28206,1
1784418345.7612,199.85968,2404843652,0.33281,0.28584,1
1784418345.7681,199.86659,2404912773,0.33521,0.29590,1
1784418345.7746,199.87308,2404977696,0.32908,0.31225,1
1784418345.7813,199.87976,2405044444,0.33111,0.32623,1
1784418345.7884,199.88684,2405115380,0.33047,0.32296,1
1784418345.7949,199.89339,2405180728,0.32346,0.30272,1
1784418345.8016,199.90010,2405247873,0.32245,0.28929,1
1784418345.8083,199.90680,2405314833,0.31675,0.26843,1
1784418345.8153,199.91376,2405384495,0.31900,0.25829,1
1784418345.8215,199.91997,2405446597,0.32261,0.24692,1
1784418345.8284,199.92690,2405515884,0.32261,0.24692,1
1784418345.8349,199.93336,2405580495,0.32218,0.25647,1
1784418345.8416,199.94005,2405647385,0.31854,0.26446,1
1784418345.8485,199.94698,2405716743,0.32238,0.27869,1
1784418345.8552,199.95367,2405783691,0.33517,0.28306,1
1784418345.8619,199.96037,2405850651,0.33777,0.28736,1
1784418345.8687,199.96716,2405918505,0.33581,0.27973,1
1784418345.8754,199.97383,2405985232,0.32073,0.27352,1
1784418345.8821,199.98053,2406052244,0.32128,0.26148,1
1784418345.8887,199.98717,2406118620,0.31880,0.25110,1
1784418345.8955,199.99396,2406186554,0.31506,0.26481,1
1784418345.9019,200.00034,2406250270,0.31157,0.26568,1
1784418345.9088,200.00726,2406319475,0.31413,0.27593,1
1784418345.9153,200.01372,2406384061,0.32136,0.29364,1
1784418345.9220,200.02046,2406451487,0.32232,0.30571,1
1784418345.9286,200.02711,2406518117,0.32619,0.31953,1
1784418345.9354,200.03383,2406585157,0.34270,0.30279,1
1784418345.9423,200.04079,2406654851,0.35607,0.31489,1
1784418345.9492,200.04762,2406723096,0.35607,0.31489,1
1784418345.9557,200.05414,2406788282,0.36998,0.31720,1
1784418345.9625,200.06097,2406856623,0.38350,0.28798,1
1784418345.9691,200.06754,2406922274,0.38211,0.28124,1
1784418345.9755,200.07401,2406986887,0.38910,0.26651,1
1784418345.9823,200.08072,2407054057,0.37989,0.26473,1
1784418345.9892,200.08763,2407123181,0.37942,0.26087,1
1784418345.9959,200.09438,2407190595,0.37512,0.27161,1
1784418346.0026,200.10103,2407257187,0.37733,0.27254,1
1784418346.0094,200.10782,2407325144,0.37764,0.27548,1
1784418346.0157,200.11421,2407389046,0.37039,0.28012,1
1784418346.0224,200.12091,2407455952,0.37466,0.30823,1
1784418346.0291,200.12758,2407522741,0.37631,0.31564,1
1784418346.0361,200.13457,2407592542,0.38424,0.32110,1
1784418346.0425,200.14101,2407656991,0.37667,0.32806,1
1784418346.0495,200.14793,2407726255,0.37523,0.32165,1
1784418346.0559,200.15440,2407790891,0.36342,0.31864,1
1784418346.0629,200.16135,2407860325,0.36496,0.31385,1
1784418346.0696,200.16808,2407927648,0.36116,0.29657,1
1784418346.0765,200.17494,2407996255,0.36222,0.26812,1
1784418346.0830,200.18149,2408061849,0.35974,0.28022,1
1784418346.0894,200.18791,2408126002,0.35644,0.26588,1
1784418346.0964,200.19482,2408195162,0.35558,0.26310,1
1784418346.1030,200.20149,2408261787,0.35594,0.26401,1
1784418346.1097,200.20821,2408328934,0.35594,0.26401,1
1784418346.1165,200.21498,2408396796,0.35730,0.24857,1
1784418346.1229,200.22137,2408460680,0.35284,0.25311,1
1784418346.1299,200.22833,2408530268,0.35343,0.25680,1
1784418346.1363,200.23479,2408594712,0.37677,0.23447,1
1784418346.1434,200.24187,2408665509,0.37773,0.24567,1
1784418346.1497,200.24818,2408728774,0.38074,0.26061,1
1784418346.1566,200.25511,2408798047,0.37253,0.28542,1
1784418346.1631,200.26158,2408862655,0.38272,0.29872,1
1784418346.1698,200.26826,2408929517,0.38561,0.31241,1
1784418346.1768,200.27530,2408999950,0.37386,0.30376,1
1784418346.1834,200.28191,2409066037,0.37201,0.31418,1
1784418346.1901,200.28857,2409132679,0.37201,0.31418,1
1784418346.1969,200.29538,2409200673,0.37852,0.32130,1
1784418346.2033,200.30174,2409264398,0.37373,0.30968,1
1784418346.2104,200.30884,2409335348,0.37421,0.31288,1
1784418346.2167,200.31516,2409398487,0.38921,0.32667,1
1784418346.2237,200.32216,2409468479,0.39461,0.33626,1
1784418346.2303,200.32878,2409534688,0.39595,0.34269,1
1784418346.2370,200.33546,2409601601,0.41666,0.33806,1
1784418346.2435,200.34195,2409666389,0.40463,0.33302,1
1784418346.2502,200.34865,2409733327,0.40298,0.32337,1
1784418346.2572,200.35570,2409803864,0.40695,0.30545,1
1784418346.2639,200.36234,2409870260,0.40004,0.29708,1
1784418346.2707,200.36916,2409938526,0.40042,0.30039,1
1784418346.2770,200.37546,2410001517,0.40379,0.30834,1
1784418346.2839,200.38239,2410070751,0.41155,0.34142,1
1784418346.2906,200.38911,2410138107,0.41189,0.34102,1
1784418346.2973,200.39574,2410204301,0.40219,0.31789,1
1784418346.3041,200.40253,2410272164,0.40004,0.28703,1
1784418346.3105,200.40894,2410336234,0.39788,0.27681,1
1784418346.3174,200.41586,2410405486,0.39727,0.29569,1
1784418346.3241,200.42256,2410472530,0.39914,0.29947,1
1784418346.3306,200.42902,2410537085,0.39914,0.29947,1
1784418346.3375,200.43597,2410606717,0.39807,0.28972,1
1784418346.3440,200.44243,2410671154,0.40145,0.28255,1
1784418346.3509,200.44939,2410740726,0.40145,0.28255,1
1784418346.3573,200.45581,2410805084,0.39402,0.29387,1
1784418346.3643,200.46274,2410874234,0.40470,0.30753,1
1784418346.3707,200.46921,2410938952,0.40731,0.32141,1
1784418346.3774,200.47591,2411005982,0.40524,0.34121,1
1784418346.3844,200.48283,2411075253,0.40315,0.33784,1
1784418346.3909,200.48933,2411140212,0.40353,0.34100,1
1784418346.3975,200.49600,2411206987,0.40160,0.34107,1
1784418346.4042,200.50270,2411273892,0.40745,0.34728,1
1784418346.4109,200.50941,2411341028,0.40870,0.35368,1
1784418346.4179,200.51639,2411410774,0.41326,0.35098,1
1784418346.4243,200.52281,2411474968,0.41459,0.36260,1
1784418346.4313,200.52977,2411544536,0.41423,0.35937,1
1784418346.4377,200.53621,2411609022,0.40953,0.34761,1
1784418346.4448,200.54326,2411679560,0.41450,0.33896,1
1784418346.4516,200.55002,2411747057,0.41078,0.31880,1
1784418346.4582,200.55669,2411813821,0.39997,0.28763,1
1784418346.4646,200.56302,2411877044,0.38698,0.27535,1
1784418346.4715,200.56993,2411946239,0.38698,0.27535,1
1784418346.4779,200.57640,2412010863,0.41511,0.28778,1
1784418346.4849,200.58333,2412080240,0.43445,0.28077,1
1784418346.4913,200.58977,2412144601,0.43559,0.28841,1
1784418346.4983,200.59673,2412214180,0.47833,0.27627,1
1784418346.5049,200.60341,2412280928,0.50151,0.28417,1
1784418346.5114,200.60988,2412345724,0.50157,0.28752,1
1784418346.5181,200.61659,2412412782,0.50539,0.30065,1
1784418346.5250,200.62350,2412482023,0.50530,0.31823,1
1784418346.5315,200.62997,2412546681,0.50578,0.32150,1
1784418346.5384,200.63689,2412615818,0.50973,0.32369,1
1784418346.5449,200.64337,2412680629,0.49278,0.28814,1
1784418346.5516,200.65009,2412747769,0.49165,0.27805,1
1784418346.5585,200.65701,2412816968,0.48903,0.29216,1
1784418346.5652,200.66368,2412883714,0.49626,0.30074,1
1784418346.5719,200.67041,2412950961,0.49725,0.30698,1
1784418346.5784,200.67686,2413015549,0.49926,0.28976,1
1784418346.5851,200.68358,2413082642,0.50032,0.29033,1
1784418346.5918,200.69028,2413149686,0.49975,0.28658,1
1784418346.5985,200.69696,2413216558,0.49601,0.28876,1
1784418346.6054,200.70387,2413285582,0.49896,0.29638,1
1784418346.6119,200.71037,2413350580,0.49957,0.30393,1
1784418346.6188,200.71727,2413419568,0.49930,0.31357,1
1784418346.6255,200.72401,2413487095,0.50115,0.31802,1
1784418346.6320,200.73045,2413551519,0.50062,0.31150,1
1784418346.6391,200.73752,2413622101,0.49925,0.30279,1
1784418346.6456,200.74411,2413687937,0.50304,0.30311,1
1784418346.6524,200.75090,2413755854,0.50254,0.29663,1
1784418346.6590,200.75748,2413821682,0.50302,0.30009,1
1784418346.6658,200.76425,2413889404,0.50216,0.29690,1
1784418346.6722,200.77065,2413953352,0.50216,0.29690,1
1784418346.6791,200.77754,2414022392,0.50374,0.30204,1
1784418346.6856,200.78404,2414087288,0.50336,0.30562,1
1784418346.6923,200.79073,2414154183,0.50336,0.30562,1
1784418346.6992,200.79771,2414224067,0.50414,0.30734,1
1784418346.7057,200.80414,2414288259,0.50325,0.30622,1
1784418346.7126,200.81104,2414357335,0.50325,0.30622,1
1784418346.7194,200.81784,2414425300,0.50480,0.30929,1
1784418346.7260,200.82443,2414491292,0.50472,0.29104,1
1784418346.7327,200.83119,2414558887,0.50472,0.29104,1
1784418346.7392,200.83763,2414623189,0.50435,0.27780,1
1784418346.7461,200.84460,2414692922,0.50514,0.27385,1
1784418346.7526,200.85103,2414757175,0.50514,0.27385,1
1784418346.7595,200.85793,2414826154,0.50983,0.27735,1
1784418346.7659,200.86440,2414890921,0.50456,0.27433,1
1784418346.7727,200.87112,2414958099,0.50456,0.27433,1
1784418346.7796,200.87808,2415027677,0.50393,0.31280,1
1784418346.7863,200.88474,2415094195,0.50649,0.29208,1
1784418346.7930,200.89146,2415161615,0.50649,0.29208,1
1784418346.7994,200.89790,2415225907,0.50513,0.30929,1
1784418346.8061,200.90460,2415292990,0.50257,0.30613,1
1784418346.8131,200.91153,2415362160,0.50308,0.31254,1
1784418346.8195,200.91801,2415427091,0.50122,0.31738,1
1784418346.8264,200.92491,2415496068,0.50163,0.32077,1
1784418346.8332,200.93170,2415564000,0.50216,0.32722,1
1784418346.8399,200.93837,2415630654,0.50873,0.32227,1
1784418346.8463,200.94481,2415694996,0.50527,0.32354,1
1784418346.8533,200.95178,2415764809,0.50527,0.32354,1
1784418346.8601,200.95856,2415832450,0.50214,0.33062,1
1784418346.8664,200.96489,2415895749,0.49940,0.32906,1
1784418346.8734,200.97182,2415965018,0.49940,0.32906,1
1784418346.8799,200.97833,2416030215,0.49829,0.32880,1
1784418346.8867,200.98520,2416098854,0.51457,0.32696,1
1784418346.8935,200.99199,2416166821,0.51414,0.32051,1
1784418346.8999,200.99840,2416230827,0.54031,0.30431,1
1784418346.9068,201.00531,2416300084,0.55090,0.30565,1
1784418346.9133,201.01176,2416364614,0.55056,0.30247,1
1784418346.9202,201.01868,2416433744,0.55417,0.30648,1
1784418346.9270,201.02545,2416501416,0.55059,0.31059,1
1784418346.9334,201.03188,2416565615,0.55075,0.31710,1
1784418346.9404,201.03891,2416636068,0.54994,0.31375,1
1784418346.9468,201.04527,2416699713,0.55011,0.31382,1
1784418346.9538,201.05222,2416769136,0.55027,0.31046,1
1784418346.9602,201.05865,2416833514,0.55819,0.30518,1
1784418346.9669,201.06537,2416900582,0.54633,0.30128,1
1784418346.9738,201.07227,2416969635,0.54613,0.29475,1
1784418346.9803,201.07875,2417034409,0.54819,0.28927,1
1784418346.9870,201.08545,2417101332,0.54995,0.28747,1
1784418346.9939,201.09239,2417170903,0.54995,0.28747,1
1784418347.0004,201.09885,2417235345,0.54838,0.29312,1
1784418347.0073,201.10580,2417305000,0.55031,0.29502,1
1784418347.0140,201.11246,2417371534,0.55047,0.30153,1
1784418347.0208,201.11931,2417440023,0.55850,0.31804,1
1784418347.0275,201.12598,2417506721,0.56208,0.33305,1
1784418347.0341,201.13257,2417572549,0.56208,0.33305,1
1784418347.0409,201.13940,2417640931,0.55762,0.30854,1
1784418347.0475,201.14597,2417706499,0.55974,0.29797,1
1784418347.0543,201.15279,2417774748,0.55965,0.29144,1
1784418347.0607,201.15913,2417838239,0.55267,0.30085,1
1784418347.0676,201.16609,2417907835,0.55392,0.31588,1
1784418347.0741,201.17253,2417972278,0.55406,0.32222,1
1784418347.0810,201.17946,2418041452,0.55810,0.32525,1
1784418347.0875,201.18593,2418106166,0.55458,0.31225,1
1784418347.0942,201.19264,2418173394,0.55443,0.30479,1
1784418347.1009,201.19933,2418240107,0.54974,0.30958,1
1784418347.1075,201.20601,2418306966,0.56234,0.29104,1
1784418347.1145,201.21300,2418376955,0.56240,0.27358,1
1784418347.1212,201.21964,2418443246,0.59263,0.26821,1
1784418347.1279,201.22635,2418510452,0.61008,0.24481,1
1784418347.1344,201.23282,2418575027,0.60984,0.25134,1
1784418347.1411,201.23952,2418642118,0.61261,0.28163,1
1784418347.1480,201.24648,2418711660,0.62984,0.29298,1
1784418347.1544,201.25290,2418775868,0.62892,0.29995,1
1784418347.1614,201.25983,2418845164,0.62628,0.30128,1
1784418347.1679,201.26633,2418910111,0.62560,0.29729,1
1784418347.1745,201.27301,2418977063,0.62522,0.30779,1
1784418347.1815,201.27995,2419046395,0.63486,0.30920,1
1784418347.1880,201.28642,2419111064,0.62808,0.31523,1
1784418347.1950,201.29343,2419181119,0.62764,0.31945,1
1784418347.2014,201.29982,2419245107,0.62327,0.33843,1
1784418347.2084,201.30688,2419315701,0.62668,0.33080,1
1784418347.2150,201.31342,2419381092,0.62756,0.32025,1
1784418347.2221,201.32053,2419452129,0.62223,0.29570,1
1784418347.2281,201.32660,2419512934,0.61306,0.29441,1
1784418347.2350,201.33350,2419581937,0.61365,0.28065,1
1784418347.2415,201.34000,2419646890,0.63672,0.28614,1
1784418347.2482,201.34669,2419713826,0.63812,0.28463,1
1784418347.2552,201.35365,2419783430,0.63812,0.28463,1
1784418347.2616,201.36009,2419847827,0.63308,0.27540,1
1784418347.2685,201.36700,2419916912,0.63157,0.26972,1
1784418347.2754,201.37387,2419985584,0.63111,0.27714,1
1784418347.2820,201.38043,2420051289,0.62815,0.28933,1
1784418347.2884,201.38687,2420115691,0.62373,0.29146,1
1784418347.2953,201.39378,2420184781,0.62297,0.30537,1
1784418347.3021,201.40054,2420252357,0.62903,0.31900,1
1784418347.3085,201.40697,2420316641,0.62644,0.31662,1
1784418347.3154,201.41391,2420386079,0.62564,0.32641,1
1784418347.3223,201.42075,2420454355,0.61899,0.35978,1
1784418347.3289,201.42734,2420520303,0.61772,0.35531,1
1784418347.3353,201.43375,2420584395,0.61813,0.35209,1
1784418347.3422,201.44067,2420653636,0.63209,0.32670,1
1784418347.3490,201.44746,2420721551,0.63038,0.31220,1
1784418347.3554,201.45386,2420785517,0.63171,0.29540,1
1784418347.3625,201.46094,2420856244,0.62617,0.29111,1
1784418347.3688,201.46725,2420919415,0.63474,0.29560,1
1784418347.3757,201.47421,2420989020,0.63480,0.29469,1
1784418347.3826,201.48102,2421057087,0.64775,0.28888,1
1784418347.3892,201.48764,2421123335,0.65304,0.28716,1
1784418347.3958,201.49428,2421189626,0.65259,0.28682,1
1784418347.4026,201.50111,2421258099,0.65655,0.29026,1
1784418347.4094,201.50787,2421325704,0.65965,0.29294,1
1784418347.4159,201.51439,2421390745,0.65946,0.29704,1
1784418347.4224,201.52084,2421455336,0.66827,0.30446,1
1784418347.4293,201.52776,2421524422,0.66860,0.31151,1
1784418347.4358,201.53424,2421589259,0.66928,0.30509,1
1784418347.4425,201.54092,2421656127,0.67317,0.30833,1
1784418347.4495,201.54794,2421726399,0.67527,0.28338,1
1784418347.4561,201.55457,2421792561,0.67467,0.28656,1
1784418347.4628,201.56126,2421859581,0.66971,0.29698,1
1784418347.4693,201.56775,2421924373,0.67100,0.31833,1
1784418347.4762,201.57465,2421993366,0.66949,0.33208,1
1784418347.4829,201.58141,2422061020,0.65097,0.32332,1
1784418347.4894,201.58783,2422125161,0.65051,0.33555,1
1784418347.4963,201.59480,2422194947,0.65103,0.33226,1
1784418347.5027,201.60121,2422259078,0.65578,0.32569,1
1784418347.5095,201.60793,2422326196,0.66506,0.33479,1
1784418347.5162,201.61462,2422393144,0.66515,0.33166,1
1784418347.5229,201.62132,2422460171,0.65374,0.31749,1
1784418347.5299,201.62833,2422530241,0.61195,0.32381,1
1784418347.5363,201.63472,2422594136,0.61167,0.33023,1
1784418347.5432,201.64163,2422663231,0.53559,0.36093,1
1784418347.5496,201.64809,2422727776,0.48810,0.38060,1
1784418347.5563,201.65480,2422794913,0.48868,0.38358,1
1784418347.5633,201.66179,2422864860,0.40446,0.41399,1
1784418347.5697,201.66821,2422929017,0.38318,0.38881,1
1784418347.5767,201.67514,2422998361,0.38271,0.38529,1
1784418347.5835,201.68193,2423066152,0.35486,0.39802,1
1784418347.5901,201.68858,2423132816,0.35463,0.39208,1
1784418347.5965,201.69501,2423197060,0.35345,0.38890,1
1784418347.6035,201.70195,2423266488,0.34985,0.40126,1
1784418347.6102,201.70871,2423334044,0.35653,0.41469,1
1784418347.6166,201.71509,2423397789,0.35730,0.41838,1
1784418347.6236,201.72211,2423467927,0.36320,0.41673,1
1784418347.6300,201.72847,2423531668,0.35637,0.41959,1
1784418347.6369,201.73540,2423600883,0.35529,0.41342,1
1784418347.6434,201.74188,2423665724,0.36393,0.40182,1
1784418347.6501,201.74857,2423732525,0.34053,0.38788,1
1784418347.6571,201.75554,2423802285,0.33932,0.38467,1
1784418347.6635,201.76198,2423866701,0.35332,0.37884,1
1784418347.6705,201.76892,2423936078,0.36028,0.38678,1
1784418347.6769,201.77534,2424000434,0.36259,0.39636,1
1784418347.6836,201.78207,2424067654,0.36157,0.40759,1
1784418347.6906,201.78905,2424137391,0.35425,0.39976,1
1784418347.6970,201.79549,2424201748,0.35468,0.39915,1
1784418347.7040,201.80243,2424271168,0.35760,0.43816,1
1784418347.7106,201.80908,2424337762,0.36232,0.41935,1
1784418347.7171,201.81558,2424402661,0.35959,0.41058,1
1784418347.7241,201.82253,2424472091,0.34237,0.39033,1
1784418347.7305,201.82896,2424536561,0.34775,0.38235,1
1784418347.7374,201.83588,2424605674,0.34853,0.38605,1
1784418347.7439,201.84236,2424670454,0.35565,0.40106,1
1784418347.7508,201.84930,2424739973,0.36100,0.40308,1
1784418347.7576,201.85605,2424807325,0.36300,0.40828,1
1784418347.7645,201.86292,2424876003,0.36490,0.42238,1
1784418347.7711,201.86958,2424942712,0.36714,0.42553,1
1784418347.7776,201.87608,2425007756,0.36390,0.41368,1
1784418347.7843,201.88281,2425075092,0.35487,0.38810,1
1784418347.7908,201.88925,2425139471,0.34670,0.38767,1
1784418347.7977,201.89619,2425208784,0.34730,0.39087,1
1784418347.8042,201.90263,2425273254,0.34178,0.38792,1
1784418347.8109,201.90935,2425340439,0.34882,0.39903,1
1784418347.8178,201.91629,2425409772,0.35128,0.40842,1
1784418347.8243,201.92274,2425474398,0.38517,0.41407,1
1784418347.8312,201.92964,2425543379,0.40224,0.39956,1
1784418347.8380,201.93645,2425611354,0.40271,0.39906,1
1784418347.8444,201.94283,2425675150,0.42500,0.40725,1
1784418347.8513,201.94980,2425744885,0.44498,0.39503,1
1784418347.8580,201.95645,2425811374,0.44344,0.38907,1
1784418347.8647,201.96315,2425878362,0.43866,0.38926,1
1784418347.8712,201.96962,2425943163,0.44333,0.39910,1
1784418347.8779,201.97635,2426010401,0.44497,0.40513,1
1784418347.8848,201.98325,2426079363,0.45792,0.41291,1
1784418347.8913,201.98972,2426144114,0.44841,0.40720,1
1784418347.8983,201.99672,2426214089,0.44736,0.40070,1
1784418347.9047,202.00313,2426278116,0.43675,0.38375,1
1784418347.9116,202.01003,2426347177,0.43905,0.39187,1
1784418347.9180,202.01651,2426412085,0.43839,0.38944,1
1784418347.9247,202.02321,2426479035,0.43638,0.39344,1
1784418347.9317,202.03012,2426548132,0.43583,0.39846,1
1784418347.9384,202.03682,2426615120,0.43621,0.40211,1
1784418347.9451,202.04355,2426682351,0.44258,0.42141,1
1784418347.9515,202.05000,2426746868,0.43698,0.42383,1
1784418347.9585,202.05693,2426816190,0.43777,0.42662,1
1784418347.9654,202.06389,2426885743,0.44574,0.39538,1
1784418347.9719,202.07034,2426950272,0.44751,0.37655,1
1784418347.9786,202.07710,2427017954,0.44639,0.36716,1
1784418347.9854,202.08391,2427086050,0.44696,0.36398,1
1784418347.9920,202.09047,2427151531,0.44783,0.36108,1
1784418347.9984,202.09689,2427215875,0.44682,0.35441,1
1784418348.0053,202.10381,2427284951,0.45259,0.36810,1
1784418348.0118,202.11031,2427350041,0.45369,0.37787,1
1784418348.0185,202.11697,2427416708,0.45452,0.38351,1
1784418348.0254,202.12389,2427485844,0.43561,0.40110,1
1784418348.0319,202.13039,2427550846,0.43911,0.41170,1
1784418348.0386,202.13708,2427617827,0.43958,0.41767,1
1784418348.0456,202.14406,2427687417,0.48259,0.39867,1
1784418348.0520,202.15048,2427751805,0.52051,0.38800,1
1784418348.0590,202.15744,2427821279,0.52104,0.39165,1
1784418348.0654,202.16386,2427885619,0.58186,0.40066,1
1784418348.0721,202.17058,2427952624,0.58564,0.39982,1
1784418348.0790,202.17747,2428021719,0.58535,0.40281,1
1784418348.0857,202.18419,2428088768,0.61402,0.41215,1
1784418348.0924,202.19087,2428155686,0.60793,0.43244,1
1784418348.0990,202.19742,2428221048,0.60766,0.43813,1
1784418348.1056,202.20407,2428287569,0.61025,0.43433,1
1784418348.1123,202.21075,2428354478,0.61245,0.41915,1
1784418348.1190,202.21747,2428421585,0.61274,0.41338,1
1784418348.1257,202.22415,2428488484,0.60619,0.41596,1
1784418348.1324,202.23088,2428555675,0.60290,0.40538,1
1784418348.1394,202.23790,2428625951,0.60290,0.40538,1
1784418348.1460,202.24448,2428691724,0.59688,0.41896,1
1784418348.1528,202.25131,2428760084,0.60802,0.41034,1
1784418348.1594,202.25790,2428825895,0.60843,0.40738,1
1784418348.1661,202.26459,2428892808,0.61446,0.41117,1
1784418348.1726,202.27104,2428957400,0.61485,0.40106,1
1784418348.1793,202.27774,2429024356,0.61561,0.39184,1
1784418348.1862,202.28467,2429093659,0.61191,0.38757,1
1784418348.1927,202.29114,2429158254,0.60944,0.37691,1
1784418348.1996,202.29805,2429227474,0.60972,0.37034,1
1784418348.2061,202.30455,2429292413,0.61737,0.35494,1
1784418348.2130,202.31146,2429361567,0.61483,0.36551,1
1784418348.2198,202.31827,2429429569,0.61442,0.36896,1
1784418348.2264,202.32486,2429495474,0.60893,0.38448,1
1784418348.2329,202.33134,2429560293,0.60907,0.38481,1
1784418348.2396,202.33803,2429627174,0.60843,0.39431,1
1784418348.2465,202.34499,2429696793,0.61550,0.42698,1
1784418348.2530,202.35143,2429761145,0.61473,0.42601,1
1784418348.2597,202.35814,2429828250,0.61442,0.43162,1
1784418348.2667,202.36513,2429898116,0.61142,0.42691,1
1784418348.2733,202.37175,2429964403,0.61664,0.42485,1
1784418348.2798,202.37822,2430029094,0.61707,0.42190,1
1784418348.2865,202.38492,2430096051,0.61511,0.40705,1
1784418348.2935,202.39198,2430166714,0.61517,0.39999,1
1784418348.2999,202.39832,2430230025,0.61547,0.39422,1
1784418348.3068,202.40530,2430299912,0.61771,0.38260,1
1784418348.3132,202.41170,2430363911,0.61492,0.38103,1
1784418348.3202,202.41864,2430433237,0.61492,0.38103,1
1784418348.3270,202.42546,2430501466,0.61838,0.38035,1
1784418348.3336,202.43202,2430567139,0.61768,0.39826,1
1784418348.3404,202.43886,2430635544,0.61768,0.39826,1
1784418348.3471,202.44553,2430702140,0.61994,0.38354,1
1784418348.3535,202.45193,2430766242,0.62107,0.40142,1
1784418348.3601,202.45860,2430832985,0.62107,0.40142,1
1784418348.3671,202.46555,2430902421,0.61855,0.38379,1
1784418348.3735,202.47200,2430966961,0.62355,0.38887,1
1784418348.3805,202.47894,2431036315,0.62355,0.38887,1
1784418348.3869,202.48541,2431101089,0.62208,0.39021,1
1784418348.3939,202.49234,2431170386,0.60563,0.40497,1
1784418348.4003,202.49878,2431234762,0.60603,0.40165,1
1784418348.4073,202.50577,2431304592,0.50929,0.43145,1
1784418348.4137,202.51219,2431368804,0.47844,0.43371,1
1784418348.4204,202.51888,2431435615,0.47789,0.43345,1
1784418348.4274,202.52585,2431505441,0.41081,0.45475,1
1784418348.4338,202.53230,2431569897,0.39706,0.48040,1
1784418348.4409,202.53932,2431640202,0.39950,0.48867,1
1784418348.4472,202.54567,2431703576,0.38400,0.49437,1
1784418348.4542,202.55264,2431773411,0.38681,0.49380,1
1784418348.4606,202.55908,2431837748,0.38543,0.48881,1
1784418348.4673,202.56578,2431904652,0.37496,0.49185,1
1784418348.4743,202.57277,2431974672,0.37544,0.49479,1
1784418348.4807,202.57915,2432038449,0.37544,0.49479,1
1784418348.4877,202.58612,2432108107,0.37461,0.49620,1
1784418348.4941,202.59258,2432172601,0.37256,0.49713,1
1784418348.5010,202.59947,2432241633,0.37449,0.50446,1
1784418348.5077,202.60620,2432308882,0.37536,0.49860,1
1784418348.5144,202.61290,2432375955,0.37662,0.51277,1
1784418348.5213,202.61977,2432444582,0.37963,0.52277,1
1784418348.5279,202.62634,2432510354,0.37611,0.53351,1
1784418348.5345,202.63298,2432576742,0.38760,0.51327,1
1784418348.5414,202.63983,2432645234,0.38888,0.51777,1
1784418348.5477,202.64615,2432708457,0.38703,0.52429,1
1784418348.5546,202.65308,2432777742,0.38607,0.52251,1
1784418348.5611,202.65953,2432842183,0.38405,0.51480,1
1784418348.5678,202.66624,2432909422,0.37387,0.52142,1
1784418348.5747,202.67320,2432978951,0.36627,0.50097,1
1784418348.5812,202.67964,2433043339,0.36179,0.48654,1
1784418348.5881,202.68657,2433112601,0.37414,0.49646,1
1784418348.5948,202.69325,2433179415,0.37590,0.49649,1
1784418348.6015,202.69997,2433246572,0.37590,0.49649,1
1784418348.6083,202.70676,2433314525,0.36174,0.49325,1
1784418348.6147,202.71313,2433378327,0.36064,0.48772,1
1784418348.6216,202.72008,2433447715,0.36002,0.48486,1
1784418348.6281,202.72652,2433512008,0.35748,0.47547,1
1784418348.6350,202.73343,2433581275,0.35691,0.48795,1
1784418348.6414,202.73991,2433646074,0.35515,0.48238,1
1784418348.6485,202.74698,2433716760,0.35361,0.47125,1
1784418348.6548,202.75331,2433779952,0.35741,0.47450,1
1784418348.6616,202.76003,2433847211,0.35854,0.47997,1
1784418348.6683,202.76672,2433914171,0.36048,0.47512,1
1784418348.6749,202.77341,2433980938,0.36241,0.48546,1
1784418348.6819,202.78041,2434051000,0.36572,0.49623,1
1784418348.6883,202.78680,2434114916,0.36934,0.49401,1
1784418348.6953,202.79378,2434184611,0.37067,0.49563,1
1784418348.7018,202.80022,2434249043,0.37067,0.49563,1
1784418348.7088,202.80730,2434319806,0.37233,0.49414,1
1784418348.7155,202.81400,2434386903,0.37230,0.48328,1
1784418348.7222,202.82063,2434453240,0.37230,0.48328,1
1784418348.7286,202.82703,2434517124,0.38058,0.48301,1
1784418348.7355,202.83397,2434586555,0.41060,0.50375,1
1784418348.7419,202.84039,2434650860,0.41060,0.50375,1
1784418348.7486,202.84711,2434717956,0.45076,0.51516,1
1784418348.7553,202.85379,2434784769,0.43374,0.50382,1
1784418348.7623,202.86072,2434854024,0.43311,0.49815,1
1784418348.7690,202.86746,2434921585,0.44065,0.48222,1
1784418348.7754,202.87390,2434985928,0.44247,0.48287,1
1784418348.7823,202.88080,2435054937,0.44075,0.47512,1
1784418348.7890,202.88751,2435122015,0.44169,0.47895,1
1784418348.7957,202.89420,2435188922,0.44608,0.48826,1
1784418348.8025,202.90099,2435256807,0.44713,0.49388,1
1784418348.8089,202.90739,2435320818,0.44852,0.49228,1
1784418348.8161,202.91455,2435392437,0.45002,0.49256,1
1784418348.8223,202.92079,2435454788,0.44899,0.48690,1
1784418348.8294,202.92784,2435525315,0.44509,0.47907,1
1784418348.8357,202.93419,2435588770,0.44808,0.47414,1
1784418348.8427,202.94119,2435658864,0.44830,0.47665,1
1784418348.8491,202.94756,2435722437,0.44830,0.49190,1
1784418348.8561,202.95454,2435792322,0.44858,0.50138,1
1784418348.8625,202.96097,2435856658,0.44951,0.50632,1
1784418348.8694,202.96788,2435925719,0.45091,0.48565,1
1784418348.8759,202.97437,2435990532,0.45092,0.48464,1
1784418348.8828,202.98131,2436060060,0.45092,0.48464,1
1784418348.8896,202.98810,2436127823,0.44950,0.49466,1
1784418348.8963,202.99478,2436194683,0.45071,0.49068,1
1784418348.9029,203.00137,2436260707,0.45214,0.49607,1
1784418348.9097,203.00818,2436328695,0.44963,0.50243,1
1784418348.9165,203.01494,2436396364,0.44809,0.50046,1
1784418348.9230,203.02150,2436461960,0.44610,0.48985,1
1784418348.9295,203.02795,2436526508,0.44119,0.48359,1
1784418348.9364,203.03487,2436595519,0.44050,0.48058,1
1784418348.9432,203.04163,2436663189,0.43956,0.47567,1
1784418348.9496,203.04805,2436727346,0.44952,0.45523,1
1784418348.9566,203.05502,2436797071,0.41344,0.42190,1
1784418348.9630,203.06145,2436861324,0.41533,0.43308,1
1784418348.9699,203.06836,2436930541,0.36915,0.36087,1
1784418348.9764,203.07484,2436995379,0.34723,0.36659,1
1784418348.9833,203.08177,2437064569,0.35024,0.37655,1
1784418348.9898,203.08823,2437129172,0.31265,0.37594,1
1784418348.9965,203.09492,2437196119,0.30815,0.37133,1
1784418349.0035,203.10197,2437266712,0.30620,0.36535,1
1784418349.0099,203.10834,2437330237,0.30889,0.36630,1
1784418349.0168,203.11530,2437399843,0.30466,0.37007,1
1784418349.0235,203.12195,2437466341,0.30466,0.37007,1
1784418349.0302,203.12871,2437533959,0.30481,0.37056,1
1784418349.0367,203.13513,2437598202,0.30497,0.36079,1
1784418349.0436,203.14209,2437667750,0.30566,0.36387,1
1784418349.0500,203.14851,2437732125,0.31903,0.37299,1
1784418349.0570,203.15543,2437801177,0.32360,0.40039,1
1784418349.0634,203.16191,2437866003,0.32736,0.41219,1
1784418349.0701,203.16861,2437932977,0.32342,0.40595,1
1784418349.0771,203.17552,2438002128,0.32774,0.40204,1
1784418349.0839,203.18239,2438070818,0.32774,0.40204,1
1784418349.0905,203.18898,2438136740,0.32597,0.41737,1
1784418349.0974,203.19582,2438205048,0.32375,0.41204,1
1784418349.1040,203.20248,2438271690,0.32375,0.41204,1
1784418349.1104,203.20883,2438335214,0.32778,0.41102,1
1784418349.1173,203.21577,2438404639,0.33123,0.42659,1
1784418349.1237,203.22220,2438468887,0.33123,0.42659,1
1784418349.1306,203.22911,2438538003,0.33192,0.41867,1
1784418349.1374,203.23590,2438605994,0.33456,0.40971,1
1784418349.1438,203.24229,2438669885,0.33389,0.40673,1
1784418349.1505,203.24901,2438736980,0.32394,0.40156,1
1784418349.1572,203.25569,2438803893,0.32127,0.38926,1
1784418349.1642,203.26262,2438873149,0.31673,0.37387,1
1784418349.1706,203.26909,2438937852,0.31563,0.37094,1
1784418349.1775,203.27600,2439006947,0.31641,0.35676,1
1784418349.1843,203.28275,2439074392,0.31251,0.34412,1
1784418349.1907,203.28918,2439138739,0.30574,0.33480,1
1784418349.1978,203.29623,2439209247,0.29414,0.33780,1
1784418349.2041,203.30258,2439272702,0.29497,0.34127,1
1784418349.2111,203.30956,2439342453,0.30070,0.34687,1
1784418349.2175,203.31598,2439406660,0.30073,0.34451,1
1784418349.2244,203.32289,2439475762,0.30293,0.35137,1
1784418349.2309,203.32938,2439540611,0.30407,0.34562,1
1784418349.2378,203.33630,2439609986,0.30347,0.34944,1
1784418349.2446,203.34309,2439677907,0.30347,0.34944,1
1784418349.2512,203.34970,2439743926,0.30507,0.34994,1
1784418349.2577,203.35617,2439808593,0.30558,0.35263,1
1784418349.2644,203.36287,2439875628,0.30558,0.35263,1
1784418349.2714,203.36984,2439945296,0.30473,0.35239,1
1784418349.2780,203.37646,2440011616,0.30285,0.35389,1
1784418349.2848,203.38322,2440079137,0.30202,0.35034,1
1784418349.2916,203.39011,2440147998,0.30723,0.35064,1
1784418349.2982,203.39665,2440213472,0.30640,0.34309,1
1784418349.3046,203.40305,2440277314,0.30427,0.33628,1
1784418349.3115,203.40997,2440346623,0.31530,0.32858,1
1784418349.3183,203.41678,2440414735,0.31571,0.32563,1
1784418349.3247,203.42314,2440478276,0.31748,0.33164,1
1784418349.3316,203.43010,2440547970,0.31457,0.34074,1
1784418349.3381,203.43654,2440612358,0.31885,0.34575,1
1784418349.3450,203.44350,2440681925,0.32065,0.35175,1
1784418349.3517,203.45015,2440748418,0.31051,0.35504,1
1784418349.3584,203.45685,2440815422,0.31021,0.35193,1
1784418349.3649,203.46335,2440880438,0.31164,0.35852,1
1784418349.3718,203.47031,2440950002,0.30941,0.36716,1
1784418349.3783,203.47673,2441014183,0.31184,0.38340,1
1784418349.3852,203.48364,2441083336,0.31603,0.39626,1
1784418349.3919,203.49036,2441150521,0.32132,0.43450,1
1784418349.3986,203.49704,2441217359,0.31998,0.43288,1
1784418349.4050,203.50351,2441282030,0.31643,0.42091,1
1784418349.4120,203.51044,2441351254,0.32645,0.39946,1
1784418349.4187,203.51712,2441418170,0.32569,0.37621,1
1784418349.4252,203.52362,2441483099,0.32010,0.35792,1
1784418349.4321,203.53055,2441552421,0.30877,0.35249,1
1784418349.4386,203.53702,2441617074,0.30742,0.35466,1
1784418349.4453,203.54372,2441684124,0.31062,0.36681,1
1784418349.4520,203.55042,2441751123,0.30709,0.38436,1
1784418349.4587,203.55713,2441818163,0.30935,0.40202,1
1784418349.4656,203.56407,2441887652,0.31552,0.42027,1
1784418349.4725,203.57097,2441956531,0.32272,0.42559,1
1784418349.4792,203.57765,2442023404,0.32900,0.40885,1
1784418349.4857,203.58414,2442088319,0.32569,0.39645,1
1784418349.4924,203.59090,2442155906,0.32474,0.38581,1
1784418349.4988,203.59731,2442219992,0.32647,0.35236,1
1784418349.5058,203.60423,2442289245,0.32092,0.33349,1
1784418349.5126,203.61107,2442357547,0.31242,0.32682,1
1784418349.5192,203.61768,2442423675,0.31017,0.32547,1
1784418349.5259,203.62433,2442490155,0.31337,0.33805,1
1784418349.5325,203.63100,2442556924,0.31580,0.36047,1
1784418349.5394,203.63785,2442625463,0.31998,0.38635,1
1784418349.5459,203.64441,2442690943,0.32589,0.40500,1
1784418349.5528,203.65131,2442759936,0.32133,0.41207,1
1784418349.5594,203.65784,2442825303,0.31974,0.41446,1
1784418349.5658,203.66431,2442889973,0.31820,0.40791,1
1784418349.5725,203.67099,2442956760,0.31086,0.39620,1
1784418349.5792,203.67769,2443023752,0.32194,0.41260,1
1784418349.5859,203.68439,2443090801,0.31797,0.40045,1
1784418349.5929,203.69135,2443160338,0.32290,0.38992,1
1784418349.5993,203.69777,2443224651,0.32003,0.38505,1
1784418349.6063,203.70477,2443294666,0.32003,0.38505,1
1784418349.6129,203.71140,2443360849,0.31842,0.38396,1
1784418349.6196,203.71808,2443427769,0.31843,0.37154,1
1784418349.6261,203.72456,2443492596,0.31843,0.37154,1
1784418349.6328,203.73131,2443559940,0.32147,0.39911,1
1784418349.6398,203.73828,2443629732,0.32574,0.38286,1
1784418349.6462,203.74467,2443693607,0.32397,0.37711,1
1784418349.6532,203.75162,2443763129,0.29816,0.35314,1
1784418349.6600,203.75845,2443831429,0.29783,0.39165,1
1784418349.6666,203.76505,2443897363,0.29937,0.39763,1
1784418349.6734,203.77188,2443965744,0.32180,0.37968,1
1784418349.6799,203.77838,2444030764,0.32687,0.43166,1
1784418349.6866,203.78508,2444097678,0.33120,0.44320,1
1784418349.6933,203.79179,2444164823,0.34646,0.52431,1
1784418349.6998,203.79828,2444229769,0.28675,0.55016,1
1784418349.7067,203.80516,2444298490,0.28328,0.54010,1
1784418349.7132,203.81163,2444363263,0.28328,0.54010,0
1784418349.7201,203.81856,2444432502,0.28328,0.54010,0
1784418349.7269,203.82535,2444500373,0.28328,0.54010,0
1784418349.7333,203.83176,2444564412,0.28328,0.54010,0
1784418349.7402,203.83871,2444634101,0.28328,0.54010,0
1784418349.7469,203.84535,2444700387,0.28328,0.54010,0
1784418349.7536,203.85211,2444768027,0.28328,0.54010,0
1784418349.7601,203.85852,2444832136,0.28328,0.54010,0
1784418349.7670,203.86551,2444901943,0.28328,0.54010,0
1784418349.7735,203.87195,2444966341,0.28328,0.54010,0
1784418349.7804,203.87886,2445035516,0.28328,0.54010,0
1784418349.7869,203.88533,2445100188,0.28328,0.54010,0
1784418349.7935,203.89201,2445167050,0.28328,0.54010,0
1784418349.8005,203.89899,2445236767,0.28328,0.54010,0
1784418349.8070,203.90543,2445301136,0.28328,0.54010,0
1784418349.8141,203.91252,2445372132,0.28328,0.54010,0
1784418349.8203,203.91881,2445435000,0.28328,0.54010,0
1784418349.8273,203.92575,2445504441,0.28328,0.54010,0
1784418349.8338,203.93222,2445569066,0.28328,0.54010,0
1784418349.8407,203.93912,2445638137,0.28328,0.54010,0
1784418349.8474,203.94589,2445705877,0.28328,0.54010,0
1784418349.8541,203.95261,2445773039,0.28328,0.54010,0
1784418349.8610,203.95943,2445841121,0.28328,0.54010,0
1784418349.8672,203.96571,2445904019,0.28328,0.54010,0
1784418349.8743,203.97273,2445974199,0.28328,0.54010,0
1784418349.8806,203.97911,2446037953,0.46968,0.48444,1
1784418349.8876,203.98607,2446107537,0.46837,0.48000,1
1784418349.8941,203.99252,2446172082,0.47021,0.46338,1
1784418349.9007,203.99919,2446238862,0.46297,0.45059,1
1784418349.9077,204.00618,2446308650,0.46388,0.45656,1
1784418349.9141,204.01257,2446372625,0.46643,0.45516,1
1784418349.9210,204.01950,2446441905,0.46632,0.45043,1
1784418349.9275,204.02597,2446506650,0.46723,0.45661,1
1784418349.9344,204.03290,2446575910,0.46282,0.45657,1
1784418349.9409,204.03941,2446641093,0.46312,0.45044,1
1784418349.9476,204.04608,2446707800,0.46312,0.45044,1
1784418349.9543,204.05276,2446774590,0.46376,0.44085,1
1784418349.9612,204.05969,2446843824,0.46287,0.45132,1
1784418349.9679,204.06639,2446910826,0.46287,0.45132,1
1784418349.9744,204.07286,2446975582,0.46662,0.43853,1
1784418349.9813,204.07979,2447044760,0.46570,0.45459,1
1784418349.9881,204.08661,2447112926,0.46570,0.45459,1
1784418349.9947,204.09319,2447178751,0.46566,0.45538,1
1784418350.0015,204.09998,2447246665,0.46862,0.42933,1
1784418350.0079,204.10637,2447310607,0.46941,0.43495,1
1784418350.0149,204.11334,2447380389,0.46713,0.46401,1
1784418350.0213,204.11975,2447444443,0.46495,0.45581,1
1784418350.0283,204.12672,2447514156,0.46495,0.45581,1
1784418350.0347,204.13316,2447578537,0.46170,0.43797,1
1784418350.0416,204.14011,2447648047,0.46091,0.43230,1
1784418350.0485,204.14693,2447716251,0.46006,0.42665,1
1784418350.0552,204.15364,2447783306,0.45836,0.42621,1
1784418350.0615,204.15996,2447846549,0.45847,0.42796,1
1784418350.0685,204.16695,2447916442,0.45847,0.42796,1
1784418350.0749,204.17334,2447980302,0.45689,0.42562,1
1784418350.0816,204.18005,2448047402,0.45739,0.43092,1
1784418350.0886,204.18710,2448117901,0.45739,0.43092,1
1784418350.0953,204.19376,2448184507,0.45619,0.43637,1
1784418350.1017,204.20015,2448248339,0.45850,0.43214,1
1784418350.1086,204.20709,2448317875,0.45830,0.42930,1
1784418350.1151,204.21353,2448382218,0.45482,0.43770,1
1784418350.1220,204.22047,2448451666,0.45475,0.43217,1
1784418350.1285,204.22693,2448516148,0.45365,0.42343,1
1784418350.1354,204.23384,2448585343,0.44781,0.41533,1
1784418350.1419,204.24033,2448650163,0.45723,0.40856,1
1784418350.1485,204.24701,2448717050,0.45629,0.40230,1
1784418350.1555,204.25398,2448786668,0.47924,0.38633,1
1784418350.1622,204.26067,2448853581,0.44519,0.37724,1
1784418350.1689,204.26733,2448920282,0.44519,0.37724,1
1784418350.1758,204.27422,2448988994,0.45489,0.37329,1
1784418350.1823,204.28073,2449054244,0.45552,0.37822,1
1784418350.1888,204.28722,2449119026,0.45552,0.37822,1
1784418350.1954,204.29391,2449186104,0.45254,0.36718,1
1784418350.2024,204.30090,2449256005,0.45701,0.37019,1
1784418350.2088,204.30730,2449319942,0.45701,0.37019,1
1784418350.2158,204.31424,2449389341,0.45412,0.38551,1
1784418350.2226,204.32109,2449457818,0.46746,0.38267,1
1784418350.2293,204.32774,2449524294,0.46746,0.38267,1
1784418350.2361,204.33452,2449592113,0.45769,0.39763,1
1784418350.2428,204.34125,2449659396,0.45397,0.40469,1
1784418350.2493,204.34773,2449724290,0.45397,0.40469,1
1784418350.2560,204.35448,2449791697,0.45437,0.37000,1
1784418350.2624,204.36089,2449855748,0.45242,0.37492,1
1784418350.2693,204.36781,2449925025,0.45242,0.37492,1
1784418350.2758,204.37428,2449989771,0.45906,0.36767,1
1784418350.2827,204.38121,2450059023,0.46908,0.37734,1
1784418350.2896,204.38805,2450127321,0.46825,0.37088,1
1784418350.2959,204.39438,2450190682,0.46089,0.36354,1
1784418350.3029,204.40137,2450260586,0.45846,0.36465,1
1784418350.3093,204.40779,2450324795,0.45874,0.37084,1
1784418350.3162,204.41470,2450393905,0.45492,0.40315,1
1784418350.3231,204.42154,2450462259,0.45863,0.42663,1
1784418350.3296,204.42810,2450527880,0.46135,0.44455,1
1784418350.3364,204.43489,2450595795,0.46727,0.45879,1
1784418350.3430,204.44150,2450661899,0.46529,0.43917,1
1784418350.3495,204.44798,2450726692,0.46610,0.44472,1
1784418350.3562,204.45468,2450793679,0.46394,0.44546,1
1784418350.3632,204.46164,2450863273,0.46424,0.44705,1
1784418350.3696,204.46806,2450927576,0.46487,0.44977,1
1784418350.3765,204.47501,2450996989,0.46377,0.44969,1
1784418350.3830,204.48148,2451061661,0.46916,0.43722,1
1784418350.3899,204.48836,2451130552,0.46855,0.43452,1
1784418350.3967,204.49512,2451198120,0.47138,0.44995,1
1784418350.4033,204.50177,2451264665,0.47393,0.45195,1
1784418350.4100,204.50850,2451331903,0.47393,0.45195,1
1784418350.4169,204.51534,2451400224,0.47671,0.45766,1
1784418350.4235,204.52196,2451466482,0.47068,0.45460,1
1784418350.4299,204.52838,2451530650,0.46991,0.44914,1
1784418350.4368,204.53531,2451600029,0.47655,0.43727,1
1784418350.4433,204.54175,2451664373,0.47881,0.43155,1
1784418350.4503,204.54872,2451734118,0.47860,0.42544,1
1784418350.4570,204.55550,2451801940,0.48645,0.41673,1
1784418350.4636,204.56206,2451867509,0.46746,0.39939,1
1784418350.4701,204.56854,2451932288,0.46674,0.39637,1
1784418350.4768,204.57529,2451999747,0.46481,0.40928,1
1784418350.4838,204.58223,2452069133,0.46124,0.42609,1
1784418350.4902,204.58864,2452133327,0.46233,0.43532,1
1784418350.4971,204.59555,2452202415,0.47955,0.43181,1
1784418350.5039,204.60239,2452270774,0.47326,0.43567,1
1784418350.5105,204.60901,2452337028,0.47294,0.42963,1
1784418350.5173,204.61581,2452404982,0.46391,0.38242,1
1784418350.5239,204.62234,2452470401,0.46914,0.38186,1
1784418350.5304,204.62883,2452535232,0.46788,0.37610,1
1784418350.5371,204.63553,2452602272,0.47065,0.38228,1
1784418350.5438,204.64224,2452669326,0.47537,0.40430,1
1784418350.5505,204.64893,2452736125,0.47665,0.41007,1
1784418350.5574,204.65590,2452805962,0.49224,0.40869,1
1784418350.5639,204.66232,2452870082,0.46059,0.40174,1
1784418350.5708,204.66927,2452939609,0.45910,0.39310,1
1784418350.5772,204.67570,2453003924,0.46944,0.39434,1
1784418350.5842,204.68271,2453073994,0.46208,0.39864,1
1784418350.5907,204.68912,2453138083,0.46314,0.40798,1
1784418350.5976,204.69603,2453207190,0.47486,0.41545,1
1784418350.6044,204.70288,2453275790,0.48002,0.40574,1
1784418350.6110,204.70943,2453341228,0.48049,0.40516,1
1784418350.6178,204.71629,2453409881,0.48127,0.40687,1
1784418350.6242,204.72263,2453473206,0.48537,0.39741,1
1784418350.6311,204.72958,2453542775,0.48402,0.38533,1
1784418350.6375,204.73599,2453606867,0.47492,0.37889,1
1784418350.6444,204.74290,2453676022,0.46987,0.37367,1
1784418350.6509,204.74940,2453740946,0.47003,0.37705,1
1784418350.6576,204.75609,2453807829,0.53534,0.37193,1
1784418350.6646,204.76305,2453877409,0.57731,0.38063,1
1784418350.6715,204.76996,2453946536,0.57728,0.38722,1
1784418350.6779,204.77641,2454011068,0.60381,0.38561,1
1784418350.6844,204.78290,2454075822,0.62770,0.38231,1
1784418350.6914,204.78983,2454145156,0.62725,0.38535,1
1784418350.6980,204.79649,2454211895,0.65319,0.40720,1
1784418350.7047,204.80319,2454278876,0.65082,0.41530,1
1784418350.7116,204.81004,2454347385,0.65025,0.42100,1
1784418350.7184,204.81689,2454415872,0.65169,0.43251,1
1784418350.7246,204.82309,2454477841,0.65018,0.42137,1
1784418350.7316,204.83002,2454547007,0.65083,0.41484,1
1784418350.7384,204.83688,2454615689,0.65084,0.40933,1
1784418350.7450,204.84343,2454681225,0.65035,0.39862,1
1784418350.7514,204.84987,2454745667,0.64979,0.40436,1
1784418350.7581,204.85658,2454812783,0.64564,0.42825,1
1784418350.7651,204.86357,2454882646,0.64250,0.43660,1
1784418350.7715,204.86996,2454946594,0.64190,0.44309,1
1784418350.7785,204.87692,2455016152,0.64221,0.42467,1
1784418350.7849,204.88338,2455080692,0.64436,0.41507,1
1784418350.7919,204.89034,2455150314,0.64436,0.41507,1
1784418350.7983,204.89677,2455214697,0.64341,0.44026,1
1784418350.8053,204.90381,2455285051,0.65089,0.45600,1
1784418350.8119,204.91039,2455350726,0.65089,0.45600,1
1784418350.8186,204.91711,2455418002,0.65010,0.42245,1
1784418350.8251,204.92357,2455482527,0.64002,0.42972,1
1784418350.8318,204.93028,2455549733,0.64099,0.42099,1
1784418350.8387,204.93719,2455618787,0.64008,0.42907,1
1784418350.8454,204.94386,2455685610,0.65212,0.40877,1
1784418350.8521,204.95061,2455752940,0.65221,0.40604,1
1784418350.8586,204.95705,2455817401,0.64018,0.40810,1
1784418350.8655,204.96396,2455886468,0.63809,0.42566,1
1784418350.8723,204.97078,2455954634,0.63761,0.43127,1
1784418350.8789,204.97736,2456020407,0.64459,0.43541,1
1784418350.8857,204.98419,2456088901,0.64594,0.41101,1
1784418350.8923,204.99075,2456154403,0.64594,0.41101,1
1784418350.8988,204.99727,2456219662,0.64983,0.42298,1
1784418350.9057,205.00415,2456288477,0.65270,0.42477,1
1784418350.9125,205.01093,2456356099,0.65270,0.42477,1
1784418350.9191,205.01755,2456422355,0.64856,0.42603,1
1784418350.9258,205.02431,2456490046,0.65103,0.42762,1
1784418350.9323,205.03072,2456554049,0.65222,0.42130,1
1784418350.9393,205.03781,2456625040,0.65284,0.41835,1
1784418350.9456,205.04411,2456688010,0.64642,0.39762,1
1784418350.9527,205.05118,2456758703,0.64657,0.39191,1
1784418350.9590,205.05751,2456821989,0.64572,0.38146,1
1784418350.9661,205.06453,2456892157,0.65013,0.38639,1
1784418350.9724,205.07091,2456956027,0.64945,0.39585,1
1784418350.9794,205.07785,2457025415,0.64089,0.40291,1
1784418350.9859,205.08434,2457090207,0.64523,0.41531,1
1784418350.9928,205.09131,2457160054,0.64632,0.40628,1
1784418350.9996,205.09807,2457227573,0.65729,0.39093,1
1784418351.0062,205.10466,2457293543,0.64679,0.38214,1
1784418351.0126,205.11111,2457357995,0.64640,0.38200,1
1784418351.0195,205.11801,2457427057,0.65396,0.38323,1
1784418351.0263,205.12477,2457494607,0.64659,0.39869,1
1784418351.0327,205.13120,2457558937,0.64545,0.41102,1
1784418351.0396,205.13811,2457628001,0.64996,0.44618,1
1784418351.0465,205.14494,2457696272,0.65161,0.44067,1
1784418351.0531,205.15152,2457762148,0.65103,0.44623,1
1784418351.0595,205.15799,2457826854,0.65317,0.44713,1
1784418351.0662,205.16470,2457893922,0.64999,0.45023,1
1784418351.0732,205.17166,2457963534,0.64940,0.45585,1
1784418351.0796,205.17810,2458027903,0.64848,0.44292,1
1784418351.0866,205.18507,2458097697,0.64786,0.43405,1
1784418351.0932,205.19171,2458164065,0.64786,0.43405,1
1784418351.1000,205.19847,2458231572,0.64492,0.43571,1
1784418351.1064,205.20488,2458295641,0.63888,0.43813,1
1784418351.1134,205.21185,2458365476,0.63938,0.43237,1
1784418351.1198,205.21828,2458429718,0.63584,0.42857,1
1784418351.1268,205.22528,2458499715,0.64277,0.42682,1
1784418351.1334,205.23189,2458565773,0.64426,0.41471,1
1784418351.1402,205.23865,2458633410,0.65785,0.40801,1
1784418351.1466,205.24506,2458697500,0.64943,0.40338,1
1784418351.1535,205.25198,2458766709,0.64941,0.39770,1
1784418351.1603,205.25877,2458834594,0.64805,0.40488,1
1784418351.1667,205.26517,2458898627,0.64637,0.42662,1
1784418351.1737,205.27214,2458968241,0.64569,0.43555,1
1784418351.1801,205.27858,2459032743,0.65035,0.41961,1
1784418351.1872,205.28564,2459103419,0.65304,0.41331,1
1784418351.1935,205.29198,2459166607,0.65362,0.40765,1
1784418351.2005,205.29893,2459236276,0.65414,0.41261,1
1784418351.2071,205.30557,2459302612,0.64710,0.40509,1
1784418351.2138,205.31230,2459369863,0.64710,0.40509,1
1784418351.2203,205.31876,2459434495,0.64325,0.42183,1
1784418351.2274,205.32582,2459505047,0.65076,0.42355,1
1784418351.2339,205.33237,2459570549,0.65135,0.42030,1
1784418351.2407,205.33914,2459638387,0.64425,0.38256,1
1784418351.2471,205.34555,2459702390,0.65217,0.36170,1
1784418351.2540,205.35245,2459771434,0.65163,0.36166,1
1784418351.2605,205.35892,2459836152,0.65720,0.37866,1
1784418351.2672,205.36565,2459903308,0.65185,0.39263,1
1784418351.2742,205.37262,2459973076,0.65062,0.40507,1
1784418351.2806,205.37903,2460037251,0.64514,0.40630,1
1784418351.2875,205.38594,2460106338,0.64339,0.41013,1
1784418351.2943,205.39281,2460175012,0.64339,0.41013,1
1784418351.3009,205.39934,2460240336,0.65285,0.40683,1
1784418351.3074,205.40584,2460305286,0.64531,0.40997,1
1784418351.3141,205.41254,2460372307,0.64531,0.40997,1
1784418351.3208,205.41927,2460439561,0.64467,0.40610,1
1784418351.3277,205.42615,2460508318,0.64478,0.40588,1
1784418351.3342,205.43263,2460573239,0.64478,0.40588,1
1784418351.3409,205.43933,2460640184,0.64600,0.40419,1
1784418351.3478,205.44623,2460709205,0.64809,0.40562,1
1784418351.3545,205.45293,2460776176,0.64809,0.40562,1
1784418351.3613,205.45972,2460844058,0.65225,0.42157,1
1784418351.3679,205.46637,2460910565,0.65133,0.42535,1
1784418351.3747,205.47313,2460978195,0.65133,0.42535,1
1784418351.3810,205.47951,2461042042,0.64797,0.42903,1
1784418351.3877,205.48619,2461108846,0.64094,0.42718,1
1784418351.3944,205.49290,2461175984,0.64198,0.42072,1
1784418351.4015,205.49992,2461246131,0.64570,0.41485,1
1784418351.4078,205.50630,2461309997,0.64907,0.39935,1
1784418351.4147,205.51321,2461379048,0.65021,0.38725,1
1784418351.4212,205.51970,2461443892,0.65502,0.38190,1
1784418351.4279,205.52640,2461510913,0.64505,0.39062,1
1784418351.4349,205.53336,2461580439,0.64454,0.39402,1
1784418351.4413,205.53981,2461644979,0.64759,0.38373,1
1784418351.4484,205.54689,2461715844,0.65062,0.39120,1
1784418351.4547,205.55318,2461778631,0.64951,0.40072,1
1784418351.4616,205.56010,2461848009,0.65021,0.39687,1
1784418351.4683,205.56680,2461914876,0.65115,0.41709,1
1784418351.4750,205.57349,2461981837,0.65058,0.42278,1
1784418351.4815,205.57999,2462046776,0.65311,0.40938,1
1784418351.4882,205.58669,2462113758,0.65710,0.42270,1
1784418351.4949,205.59337,2462180560,0.65710,0.42270,1
1784418351.5016,205.60008,2462247712,0.64755,0.42525,1
1784418351.5085,205.60698,2462316764,0.64951,0.42965,1
1784418351.5150,205.61348,2462381727,0.65069,0.42324,1
1784418351.5217,205.62018,2462448700,0.64886,0.39060,1
1784418351.5284,205.62686,2462515567,0.64741,0.38633,1
1784418351.5351,205.63358,2462582615,0.64755,0.38069,1
1784418351.5420,205.64049,2462651731,0.64506,0.37984,1
1784418351.5487,205.64719,2462718731,0.65197,0.41915,1
1784418351.5555,205.65393,2462786209,0.65069,0.43381,1
1784418351.5623,205.66074,2462854268,0.64983,0.42395,1
1784418351.5689,205.66734,2462920359,0.63766,0.43494,1
1784418351.5753,205.67377,2462984541,0.63766,0.43494,1
1784418351.5822,205.68069,2463053892,0.64119,0.41589,1
1784418351.5890,205.68747,2463121646,0.64758,0.40865,1
1784418351.5954,205.69386,2463185499,0.64936,0.39269,1
1784418351.6021,205.70055,2463252414,0.64636,0.37222,1
1784418351.6090,205.70749,2463321826,0.64458,0.36927,1
1784418351.6157,205.71416,2463388521,0.64415,0.36921,1
1784418351.6222,205.72066,2463453445,0.64837,0.39045,1
1784418351.6291,205.72755,2463522511,0.65285,0.40760,1
1784418351.6356,205.73404,2463587368,0.65152,0.42575,1
1784418351.6425,205.74095,2463656436,0.64642,0.42501,1
1784418351.6493,205.74780,2463724898,0.64307,0.40987,1
1784418351.6559,205.75435,2463790448,0.64365,0.39827,1
1784418351.6624,205.76083,2463855174,0.64723,0.39609,1
1784418351.6691,205.76753,2463922214,0.65145,0.39943,1
1784418351.6761,205.77455,2463992373,0.65198,0.39962,1
1784418351.6824,205.78091,2464056002,0.65505,0.40789,1
1784418351.6894,205.78787,2464125646,0.64576,0.39288,1
1784418351.6959,205.79433,2464190255,0.64686,0.38067,1
1784418351.7026,205.80104,2464257248,0.60476,0.40467,1
1784418351.7095,205.80798,2464326739,0.57311,0.39052,1
1784418351.7159,205.81441,2464390948,0.57311,0.39052,1
1784418351.7229,205.82138,2464460701,0.49713,0.41154,1
1784418351.7296,205.82803,2464527179,0.47412,0.43779,1
1784418351.7363,205.83478,2464594692,0.47486,0.44601,1
1784418351.7431,205.84160,2464662841,0.42744,0.48004,1
1784418351.7498,205.84822,2464729181,0.42102,0.49057,1
1784418351.7566,205.85503,2464797228,0.42260,0.49884,1
1784418351.7631,205.86154,2464862389,0.43509,0.49634,1
1784418351.7695,205.86801,2464926986,0.43133,0.49727,1
1784418351.7762,205.87471,2464993996,0.43133,0.49727,1
1784418351.7832,205.88170,2465063833,0.42544,0.50585,1
1784418351.7896,205.88808,2465127722,0.42353,0.50187,1
1784418351.7966,205.89502,2465197052,0.42466,0.50690,1
1784418351.8034,205.90184,2465265244,0.42159,0.52424,1
1784418351.8100,205.90842,2465331047,0.42069,0.52689,1
1784418351.8164,205.91490,2465395921,0.42069,0.52689,1
1784418351.8231,205.92160,2465462982,0.42483,0.51880,1
1784418351.8300,205.92850,2465531937,0.42205,0.51105,1
1784418351.8365,205.93500,2465596827,0.42018,0.50052,1
1784418351.8434,205.94189,2465665921,0.42268,0.48401,1
1784418351.8499,205.94836,2465730486,0.41781,0.47230,1
1784418351.8566,205.95509,2465797819,0.41540,0.46148,1
1784418351.8636,205.96207,2465867627,0.40834,0.46589,1
1784418351.8702,205.96869,2465933818,0.40552,0.46834,1
1784418351.8769,205.97540,2466000905,0.40552,0.46834,1
1784418351.8834,205.98187,2466065656,0.40553,0.46405,1
1784418351.8903,205.98878,2466134822,0.41860,0.46497,1
1784418351.8971,205.99554,2466202335,0.41860,0.46497,1
1784418351.9035,206.00197,2466266641,0.42144,0.47395,1
1784418351.9104,206.00888,2466335733,0.41888,0.47447,1
1784418351.9169,206.01537,2466400640,0.41888,0.47447,1
1784418351.9236,206.02206,2466467629,0.41329,0.47176,1
1784418351.9305,206.02901,2466537008,0.40376,0.47201,1
1784418351.9374,206.03590,2466605947,0.40240,0.46638,1
1784418351.9441,206.04259,2466672813,0.40743,0.43568,1
1784418351.9504,206.04889,2466735835,0.39688,0.43858,1
1784418351.9574,206.05582,2466805031,0.39848,0.44663,1
1784418351.9638,206.06227,2466869621,0.41016,0.47165,1
1784418351.9705,206.06895,2466936502,0.41870,0.49945,1
1784418351.9772,206.07564,2467003345,0.42274,0.51809,1
1784418351.9839,206.08237,2467070532,0.43001,0.50185,1
1784418351.9909,206.08932,2467140102,0.43576,0.51120,1
1784418351.9973,206.09575,2467204419,0.43576,0.51120,1
1784418352.0043,206.10277,2467274574,0.43017,0.51992,1
1784418352.0114,206.10991,2467346002,0.43148,0.50364,1
1784418352.0176,206.11606,2467407546,0.43148,0.50364,1
1784418352.0241,206.12256,2467472432,0.42695,0.44606,1
1784418352.0310,206.12946,2467541433,0.42956,0.43806,1
1784418352.0378,206.13626,2467609470,0.43067,0.44374,1
1784418352.0441,206.14261,2467673045,0.43573,0.44468,1
1784418352.0512,206.14964,2467743311,0.43475,0.44755,1
1784418352.0576,206.15604,2467807346,0.43475,0.44755,1
1784418352.0645,206.16293,2467876317,0.43371,0.44688,1
1784418352.0714,206.16983,2467945227,0.43340,0.44388,1
1784418352.0780,206.17648,2468011794,0.43314,0.44100,1
1784418352.0844,206.18283,2468075226,0.43002,0.42903,1
1784418352.0916,206.19011,2468147970,0.43102,0.42551,1
1784418352.0980,206.19644,2468211254,0.43116,0.42773,1
1784418352.1048,206.20326,2468279478,0.43486,0.43722,1
1784418352.1114,206.20984,2468345366,0.43422,0.44195,1
1784418352.1182,206.21669,2468413788,0.43422,0.44195,1
1784418352.1248,206.22325,2468479401,0.42961,0.45242,1
1784418352.1316,206.23010,2468547916,0.42049,0.42985,1
1784418352.1384,206.23686,2468615570,0.41830,0.41913,1
1784418352.1449,206.24341,2468681010,0.42022,0.44801,1
1784418352.1513,206.24980,2468744916,0.42751,0.43935,1
1784418352.1582,206.25671,2468814047,0.42800,0.43877,1
1784418352.1647,206.26320,2468878876,0.43294,0.41906,1
1784418352.1716,206.27011,2468948060,0.43523,0.40732,1
1784418352.1781,206.27660,2469012876,0.43435,0.40422,1
1784418352.1850,206.28351,2469082020,0.42900,0.39183,1
1784418352.1918,206.29028,2469149774,0.42415,0.41032,1
1784418352.1982,206.29669,2469213892,0.42459,0.41399,1
1784418352.2052,206.30363,2469283233,0.42555,0.41732,1
1784418352.2116,206.31006,2469347569,0.42296,0.43317,1
1784418352.2183,206.31679,2469414860,0.42263,0.43034,1
1784418352.2254,206.32384,2469485234,0.41310,0.41705,1
1784418352.2317,206.33017,2469548543,0.43119,0.40973,1
1784418352.2387,206.33714,2469618304,0.43086,0.40643,1
1784418352.2451,206.34358,2469682700,0.42507,0.41606,1
1784418352.2520,206.35049,2469751868,0.42474,0.40590,1
1784418352.2585,206.35695,2469816451,0.42554,0.41006,1
1784418352.2652,206.36366,2469883580,0.43127,0.40542,1
1784418352.2721,206.37061,2469953017,0.43104,0.40950,1
1784418352.2790,206.37746,2470021542,0.43000,0.40382,1
1784418352.2856,206.38402,2470087134,0.42290,0.41004,1
1784418352.2924,206.39084,2470155293,0.41999,0.40224,1
1784418352.2989,206.39738,2470220777,0.41795,0.39183,1
1784418352.3057,206.40421,2470288943,0.42705,0.38622,1
1784418352.3124,206.41084,2470355325,0.41331,0.39230,1
1784418352.3192,206.41763,2470423176,0.41331,0.39230,1
1784418352.3259,206.42436,2470490597,0.42776,0.39691,1
1784418352.3324,206.43089,2470555831,0.41249,0.41789,1
1784418352.3392,206.43762,2470623071,0.41398,0.42636,1
1784418352.3459,206.44440,2470690928,0.38282,0.46641,1
1784418352.3525,206.45096,2470756549,0.37845,0.49210,1
1784418352.3592,206.45766,2470823534,0.38200,0.50531,1
1784418352.3657,206.46414,2470888364,0.38948,0.52172,1
1784418352.3727,206.47118,2470958597,0.39242,0.52355,1
1784418352.3791,206.47754,2471022356,0.39337,0.52595,1
1784418352.3860,206.48445,2471091463,0.39256,0.52868,1
1784418352.3925,206.49095,2471156381,0.39133,0.51279,1
1784418352.3992,206.49765,2471223393,0.38806,0.49973,1
1784418352.4061,206.50459,2471292899,0.38125,0.49040,1
1784418352.4126,206.51103,2471357204,0.36879,0.48486,1
1784418352.4195,206.51796,2471426530,0.36563,0.47430,1
1784418352.4259,206.52441,2471491087,0.36610,0.47084,1
1784418352.4327,206.53114,2471558308,0.35670,0.45835,1
1784418352.4394,206.53784,2471625263,0.35784,0.46391,1
1784418352.4461,206.54454,2471692246,0.36411,0.48588,1
1784418352.4530,206.55145,2471761429,0.37148,0.49467,1
1784418352.4594,206.55791,2471825949,0.37614,0.51025,1
1784418352.4662,206.56465,2471893479,0.38398,0.51438,1
1784418352.4729,206.57133,2471960240,0.38401,0.52442,1
1784418352.4798,206.57826,2472029471,0.38350,0.52193,1
1784418352.4865,206.58499,2472096771,0.38244,0.51339,1
1784418352.4930,206.59142,2472161082,0.38084,0.51037,1
1784418352.4999,206.59837,2472230706,0.37845,0.50304,1
1784418352.5069,206.60533,2472300244,0.37813,0.50999,1
1784418352.5133,206.61176,2472364417,0.38232,0.51730,1
1784418352.5198,206.61826,2472429403,0.38374,0.52215,1
1784418352.5267,206.62512,2472498187,0.38451,0.52887,1
1784418352.5331,206.63161,2472562963,0.38228,0.52562,1
1784418352.5398,206.63831,2472629942,0.38179,0.52318,1
1784418352.5468,206.64528,2472699629,0.38049,0.50731,1
1784418352.5532,206.65169,2472763830,0.37670,0.49426,1
1784418352.5603,206.65877,2472834650,0.37719,0.49677,1
1784418352.5666,206.66508,2472897784,0.37843,0.51187,1
1784418352.5736,206.67204,2472967406,0.37585,0.50601,1
1784418352.5800,206.67850,2473031864,0.37685,0.50843,1
1784418352.5869,206.68541,2473101007,0.37457,0.53257,1
1784418352.5934,206.69189,2473165878,0.39533,0.50850,1
1784418352.6001,206.69859,2473232799,0.39219,0.49584,1
1784418352.6071,206.70555,2473302359,0.41879,0.48330,1
1784418352.6135,206.71201,2473366898,0.43285,0.49065,1
1784418352.6204,206.71890,2473435917,0.43327,0.49525,1
1784418352.6269,206.72537,2473500622,0.46045,0.48678,1
1784418352.6339,206.73233,2473570201,0.47131,0.51659,1
1784418352.6403,206.73880,2473634863,0.47285,0.52457,1
1784418352.6470,206.74548,2473701807,0.46894,0.51977,1
1784418352.6537,206.75217,2473768599,0.46243,0.51835,1
1784418352.6604,206.75885,2473835426,0.46077,0.50865,1
1784418352.6673,206.76581,2473904984,0.47120,0.47923,1
1784418352.6738,206.77226,2473969594,0.46072,0.48989,1
1784418352.6808,206.77922,2474039072,0.46072,0.48989,1
1784418352.6872,206.78568,2474103614,0.46571,0.49181,1
1784418352.6942,206.79265,2474173330,0.46645,0.51305,1
1784418352.7009,206.79935,2474240346,0.46656,0.51548,1
1784418352.7073,206.80577,2474304565,0.45382,0.48830,1
1784418352.7143,206.81274,2474374316,0.46930,0.51618,1
1784418352.7207,206.81917,2474438571,0.46992,0.51852,1
1784418352.7276,206.82607,2474507549,0.46435,0.51387,1
1784418352.7344,206.83290,2474575915,0.46504,0.50389,1
1784418352.7410,206.83948,2474641637,0.46409,0.49607,1
1784418352.7475,206.84593,2474706259,0.45948,0.49740,1
1784418352.7544,206.85286,2474775542,0.45742,0.49238,1
1784418352.7611,206.85960,2474842960,0.45647,0.48684,1
1784418352.7676,206.86604,2474907278,0.46573,0.47043,1
1784418352.7745,206.87296,2474976529,0.45324,0.46735,1
1784418352.7814,206.87982,2475045150,0.45245,0.46462,1
1784418352.7879,206.88635,2475110462,0.46706,0.47645,1
1784418352.7944,206.89285,2475175404,0.45568,0.46231,1
1784418352.8011,206.89954,2475242289,0.45662,0.46801,1
1784418352.8078,206.90623,2475309272,0.46108,0.48540,1
1784418352.8149,206.91341,2475381042,0.46398,0.49541,1
1784418352.8215,206.91992,2475446190,0.46473,0.49824,1
1784418352.8279,206.92632,2475510034,0.45592,0.48061,1
1784418352.8348,206.93326,2475579477,0.46730,0.49278,1
1784418352.8416,206.94006,2475647475,0.46643,0.48725,1
1784418352.8480,206.94643,2475711129,0.42450,0.48440,1
1784418352.8546,206.95311,2475777973,0.39921,0.48701,1
1784418352.8613,206.95981,2475845040,0.40079,0.49472,1
1784418352.8683,206.96681,2475914962,0.37943,0.52911,1
1784418352.8750,206.97345,2475981416,0.37167,0.52368,1
1784418352.8818,206.98029,2476049757,0.37487,0.53386,1
1784418352.8885,206.98698,2476116721,0.36682,0.54813,1
1784418352.8955,206.99396,2476186494,0.37297,0.54621,1
1784418352.9015,207.00000,2476246978,0.37297,0.54621,1
1784418352.9085,207.00693,2476316258,0.36726,0.53273,1
1784418352.9149,207.01340,2476380926,0.36531,0.52901,1
1784418352.9218,207.02031,2476450061,0.36316,0.52137,1
1784418352.9283,207.02679,2476514894,0.35945,0.53336,1
1784418352.9350,207.03351,2476581997,0.35816,0.51039,1
1784418352.9420,207.04042,2476651138,0.35541,0.50308,1
1784418352.9484,207.04691,2476715956,0.35954,0.49907,1
1784418352.9554,207.05383,2476785230,0.36214,0.50457,1
1784418352.9621,207.06052,2476852022,0.36483,0.51205,1
1784418352.9689,207.06732,2476920203,0.36797,0.52972,1
1784418352.9752,207.07370,2476983909,0.37056,0.52570,1
1784418352.9819,207.08040,2477050926,0.36942,0.52312,1
1784418352.9886,207.08710,2477117933,0.37281,0.51474,1
1784418352.9953,207.09378,2477184725,0.36484,0.51360,1
1784418353.0023,207.10072,2477254108,0.36658,0.51903,1
1784418353.0087,207.10719,2477318766,0.37329,0.53769,1
1784418353.0156,207.11411,2477388036,0.38369,0.54500,1
1784418353.0221,207.12057,2477452654,0.38369,0.54500,1
1784418353.0288,207.12727,2477519614,0.36480,0.54931,1
1784418353.0358,207.13423,2477589291,0.36482,0.53150,1
1784418353.0424,207.14088,2477655765,0.36268,0.52416,1
1784418353.0491,207.14761,2477722984,0.37060,0.51012,1
1784418353.0558,207.15430,2477789823,0.37181,0.51324,1
1784418353.0627,207.16115,2477858373,0.37071,0.51070,1
1784418353.0695,207.16792,2477926195,0.36030,0.51443,1
1784418353.0761,207.17456,2477992451,0.36330,0.51435,1
1784418353.0829,207.18134,2478060225,0.36503,0.51973,1
1784418353.0894,207.18785,2478125381,0.36938,0.53519,1
1784418353.0958,207.19426,2478189571,0.37668,0.53649,1
1784418353.1028,207.20128,2478259727,0.37668,0.53649,1
1784418353.1092,207.20766,2478323416,0.37233,0.53771,1
1784418353.1162,207.21471,2478393962,0.35859,0.51899,1
1784418353.1228,207.22131,2478460062,0.35956,0.52088,1
1784418353.1295,207.22797,2478526565,0.37658,0.52994,1
1784418353.1363,207.23480,2478594889,0.36498,0.51388,1
1784418353.1429,207.24139,2478660879,0.36534,0.51596,1
1784418353.1494,207.24783,2478725294,0.36773,0.51336,1
1784418353.1561,207.25455,2478792408,0.36800,0.52636,1
1784418353.1630,207.26147,2478861701,0.36822,0.52704,1
1784418353.1695,207.26793,2478926129,0.37773,0.53787,1
1784418353.1764,207.27486,2478995429,0.37018,0.52506,1
1784418353.1829,207.28137,2479060573,0.36868,0.52033,1
1784418353.1898,207.28828,2479129809,0.37038,0.52563,1
1784418353.1963,207.29472,2479194155,0.37269,0.50897,1
1784418353.2030,207.30142,2479261167,0.37416,0.51378,1
1784418353.2099,207.30841,2479331076,0.36563,0.52628,1
1784418353.2164,207.31483,2479395281,0.37631,0.55086,1
1784418353.2233,207.32175,2479464410,0.37779,0.55546,1
1784418353.2298,207.32826,2479529524,0.38020,0.55973,1
1784418353.2365,207.33493,2479596144,0.37941,0.53032,1
1784418353.2434,207.34189,2479665785,0.37794,0.52552,1
1784418353.2499,207.34833,2479730211,0.37262,0.53614,1
1784418353.2569,207.35541,2479800941,0.36558,0.53355,1
1784418353.2635,207.36195,2479866506,0.36345,0.52616,1
1784418353.2704,207.36887,2479935508,0.35196,0.50533,1
1784418353.2767,207.37520,2479998834,0.36956,0.50970,1
1784418353.2837,207.38214,2480068385,0.36935,0.50903,1
1784418353.2900,207.38849,2480131865,0.35728,0.49567,1
1784418353.2970,207.39543,2480201172,0.35066,0.50931,1
1784418353.3034,207.40190,2480265977,0.35066,0.50931,1
1784418353.3104,207.40883,2480335130,0.36788,0.50572,1
1784418353.3171,207.41554,2480402389,0.36037,0.48544,1
1784418353.3235,207.42200,2480466951,0.36097,0.48836,1
1784418353.3305,207.42896,2480536482,0.37030,0.50990,1
1784418353.3373,207.43579,2480604770,0.37328,0.51333,1
1784418353.3438,207.44231,2480670039,0.37497,0.51884,1
1784418353.3503,207.44879,2480734814,0.37056,0.50822,1
1784418353.3574,207.45583,2480805211,0.36172,0.50231,1
1784418353.3637,207.46217,2480868610,0.36016,0.49740,1
1784418353.3706,207.46910,2480937958,0.36635,0.50795,1
1784418353.3771,207.47557,2481002687,0.37132,0.49617,1
1784418353.3838,207.48227,2481069571,0.37132,0.49617,1
1784418353.3908,207.48929,2481139779,0.36327,0.50942,1
1784418353.3972,207.49567,2481203589,0.35664,0.50963,1
1784418353.4043,207.50279,2481274832,0.35664,0.50963,1
1784418353.4106,207.50906,2481337614,0.37424,0.51551,1
1784418353.4176,207.51604,2481407289,0.37165,0.51321,1
1784418353.4240,207.52246,2481471569,0.37313,0.51799,1
1784418353.4309,207.52939,2481540868,0.35717,0.51481,1
1784418353.4376,207.53609,2481607825,0.36650,0.52051,1
1784418353.4444,207.54285,2481675302,0.36738,0.52253,1
1784418353.4512,207.54964,2481743355,0.36691,0.50293,1
1784418353.4577,207.55620,2481808943,0.36603,0.51492,1
1784418353.4642,207.56268,2481873668,0.36543,0.51487,1
1784418353.4709,207.56935,2481940400,0.36206,0.51234,1
1784418353.4778,207.57629,2482009848,0.36185,0.51833,1
1784418353.4843,207.58275,2482074351,0.36307,0.52135,1
1784418353.4912,207.58968,2482143605,0.37863,0.54108,1
1784418353.4980,207.59642,2482211120,0.36882,0.53135,1
1784418353.5044,207.60284,2482275330,0.36729,0.52662,1
1784418353.5113,207.60977,2482344580,0.35835,0.53419,1
1784418353.5178,207.61626,2482409485,0.35468,0.53202,1
1784418353.5245,207.62296,2482476493,0.35468,0.53202,1
1784418353.5315,207.62996,2482546555,0.37108,0.52637,1
1784418353.5379,207.63634,2482610330,0.37675,0.51893,1
1784418353.5449,207.64340,2482680862,0.37529,0.51416,1
1784418353.5513,207.64973,2482744280,0.36440,0.51328,1
1784418353.5582,207.65665,2482813424,0.37363,0.50833,1
1784418353.5647,207.66312,2482878128,0.37363,0.50833,1
1784418353.5716,207.67006,2482947480,0.37003,0.50690,1
1784418353.5780,207.67651,2483012120,0.36658,0.50670,1
1784418353.5848,207.68326,2483079478,0.36658,0.50670,1
1784418353.5918,207.69026,2483149462,0.36832,0.51862,1
1784418353.5982,207.69662,2483213194,0.36961,0.51812,1
1784418353.6051,207.70354,2483282337,0.36903,0.51532,1
1784418353.6116,207.71002,2483347064,0.37080,0.50851,1
1784418353.6185,207.71693,2483416271,0.36353,0.49142,1
1784418353.6253,207.72375,2483484523,0.36182,0.48589,1
1784418353.6319,207.73033,2483550297,0.35285,0.48150,1
1784418353.6387,207.73717,2483618652,0.34502,0.47624,1
1784418353.6453,207.74373,2483684260,0.34732,0.48400,1
1784418353.6517,207.75021,2483749059,0.35530,0.50012,1
1784418353.6584,207.75691,2483815980,0.36116,0.50603,1
1784418353.6651,207.76360,2483882841,0.36353,0.51418,1
1784418353.6718,207.77029,2483949915,0.36289,0.50975,1
1784418353.6788,207.77727,2484019649,0.36559,0.52912,1
1784418353.6853,207.78372,2484084160,0.36716,0.53391,1
1784418353.6919,207.79041,2484151012,0.37523,0.54006,1
1784418353.6986,207.79710,2484217929,0.37937,0.52167,1
1784418353.7053,207.80377,2484284701,0.38087,0.52666,1
1784418353.7123,207.81075,2484354369,0.36998,0.54410,1
1784418353.7187,207.81720,2484418970,0.37643,0.55109,1
1784418353.7256,207.82411,2484488047,0.37432,0.54386,1
1784418353.7325,207.83096,2484556606,0.37389,0.52302,1
1784418353.7390,207.83751,2484622038,0.37086,0.52887,1
1784418353.7455,207.84398,2484686767,0.36783,0.51937,1
1784418353.7524,207.85089,2484755890,0.36636,0.52636,1
1784418353.7593,207.85777,2484824628,0.37805,0.52542,1
1784418353.7659,207.86432,2484890147,0.37752,0.52269,1
1784418353.7723,207.87077,2484954572,0.34527,0.50214,1
1784418353.7790,207.87747,2485021694,0.35324,0.49271,1
1784418353.7859,207.88438,2485090799,0.35205,0.49003,1
1784418353.7924,207.89087,2485155568,0.34360,0.49069,1
1784418353.7993,207.89781,2485225023,0.34724,0.48898,1
1784418353.8060,207.90450,2485291841,0.34910,0.49458,1
1784418353.8128,207.91129,2485359757,0.35480,0.50656,1
1784418353.8195,207.91792,2485426177,0.35449,0.52529,1
1784418353.8262,207.92467,2485493607,0.35609,0.52998,1
1784418353.8330,207.93150,2485561896,0.36606,0.51488,1
1784418353.8396,207.93802,2485627028,0.36969,0.51259,1
1784418353.8460,207.94446,2485691545,0.36969,0.51259,1
1784418353.8527,207.95116,2485758462,0.37474,0.52607,1
1784418353.8594,207.95784,2485825338,0.37311,0.50482,1
1784418353.8661,207.96454,2485892250,0.37311,0.50482,1
1784418353.8731,207.97157,2485962708,0.39652,0.49415,1
1784418353.8795,207.97797,2486026513,0.39093,0.52996,1
1784418353.8864,207.98491,2486095969,0.39274,0.53719,1
1784418353.8930,207.99150,2486161954,0.40039,0.52450,1
1784418353.8996,207.99805,2486227448,0.40679,0.53613,1
1784418353.9063,208.00475,2486294298,0.40593,0.53075,1
1784418353.9133,208.01173,2486364193,0.40328,0.53419,1
1784418353.9199,208.01836,2486430463,0.38433,0.50917,1
1784418353.9264,208.02484,2486495358,0.38055,0.49693,1
1784418353.9331,208.03154,2486562373,0.37933,0.50065,1
1784418353.9400,208.03848,2486631752,0.38947,0.49782,1
1784418353.9465,208.04494,2486696274,0.39098,0.50335,1
1784418353.9534,208.05185,2486765470,0.40705,0.50494,1
1784418353.9599,208.05833,2486830226,0.39381,0.49169,1
1784418353.9666,208.06502,2486897158,0.39381,0.49169,1
1784418353.9736,208.07202,2486967099,0.38886,0.49830,1
1784418353.9802,208.07864,2487033358,0.39537,0.49927,1
1784418353.9869,208.08534,2487100351,0.39537,0.49927,1
1784418353.9934,208.09183,2487165232,0.38670,0.51637,1
1784418354.0003,208.09875,2487234520,0.39243,0.49789,1
1784418354.0068,208.10527,2487299557,0.39193,0.49503,1
1784418354.0137,208.11217,2487368602,0.39146,0.47691,1
1784418354.0205,208.11900,2487436886,0.38373,0.50357,1
1784418354.0271,208.12555,2487502366,0.38406,0.50556,1
1784418354.0335,208.13200,2487566968,0.39210,0.50923,1
1784418354.0402,208.13870,2487633978,0.39764,0.50512,1
1784418354.0473,208.14581,2487705055,0.40042,0.51561,1
1784418354.0536,208.15210,2487767915,0.40415,0.50733,1
1784418354.0606,208.15904,2487837283,0.40519,0.51584,1
1784418354.0670,208.16550,2487901886,0.40345,0.50798,1
1784418354.0741,208.17252,2487972009,0.38854,0.49196,1
1784418354.0804,208.17889,2488035820,0.39847,0.48140,1
1784418354.0873,208.18581,2488105010,0.39578,0.47077,1
1784418354.0938,208.19231,2488170020,0.38896,0.46732,1
1784418354.1008,208.19925,2488239344,0.38969,0.47094,1
1784418354.1075,208.20601,2488307068,0.39189,0.48138,1
1784418354.1139,208.21240,2488370977,0.39112,0.49377,1
1784418354.1210,208.21944,2488441245,0.39335,0.51450,1
1784418354.1273,208.22580,2488504870,0.39625,0.52505,1
1784418354.1343,208.23277,2488574640,0.39213,0.52221,1
1784418354.1407,208.23918,2488638713,0.40130,0.51755,1
1784418354.1476,208.24609,2488707882,0.39999,0.51260,1
1784418354.1543,208.25281,2488774957,0.39401,0.51613,1
1784418354.1608,208.25928,2488839638,0.39460,0.52052,1
1784418354.1675,208.26596,2488906497,0.39358,0.51503,1
1784418354.1742,208.27266,2488973579,0.38887,0.48773,1
1784418354.1812,208.27962,2489043115,0.37927,0.48514,1
1784418354.1876,208.28607,2489107696,0.37627,0.47454,1
1784418354.1945,208.29301,2489177070,0.38257,0.48039,1
1784418354.2014,208.29987,2489245591,0.39844,0.48582,1
1784418354.2081,208.30658,2489312727,0.39844,0.48582,1
1784418354.2147,208.31314,2489378338,0.39123,0.49778,1
1784418354.2213,208.31979,2489444844,0.38148,0.49592,1
1784418354.2278,208.32626,2489509539,0.38148,0.49592,1
1784418354.2348,208.33324,2489579295,0.38375,0.48999,1
1784418354.2412,208.33968,2489643605,0.38539,0.50013,1
1784418354.2481,208.34659,2489712736,0.38588,0.50280,1
1784418354.2548,208.35329,2489779825,0.38198,0.47827,1
1784418354.2615,208.35997,2489846619,0.38851,0.48879,1
1784418354.2683,208.36681,2489914971,0.39049,0.49698,1
1784418354.2749,208.37337,2489980627,0.39627,0.49947,1
1784418354.2814,208.37984,2490045302,0.40219,0.52175,1
1784418354.2881,208.38655,2490112439,0.40302,0.52414,1
1784418354.2951,208.39355,2490182432,0.39355,0.52533,1
1784418354.3015,208.39993,2490246221,0.39729,0.53155,1
1784418354.3084,208.40688,2490315604,0.39598,0.52685,1
1784418354.3149,208.41333,2490380205,0.39077,0.49471,1
1784418354.3218,208.42027,2490449673,0.39118,0.50399,1
1784418354.3283,208.42673,2490514137,0.39066,0.50106,1
1784418354.3350,208.43344,2490581303,0.38683,0.49942,1
1784418354.3417,208.44014,2490648260,0.39104,0.48307,1
1784418354.3484,208.44682,2490715119,0.39005,0.48033,1
1784418354.3553,208.45375,2490784347,0.44314,0.48197,1
1784418354.3618,208.46024,2490849305,0.43789,0.48441,1
1784418354.3688,208.46724,2490919255,0.43932,0.49258,1
1784418354.3752,208.47363,2490983234,0.44153,0.50089,1
1784418354.3821,208.48056,2491052528,0.44152,0.50562,1
1784418354.3888,208.48724,2491119392,0.44250,0.51057,1
1784418354.3956,208.49408,2491187776,0.45049,0.52297,1
1784418354.4025,208.50093,2491256254,0.45272,0.52197,1
1784418354.4089,208.50735,2491320448,0.45146,0.51385,1
1784418354.4153,208.51381,2491385053,0.45008,0.50886,1
1784418354.4223,208.52075,2491454422,0.45056,0.49846,1
1784418354.4288,208.52724,2491519345,0.44867,0.48811,1
1784418354.4354,208.53391,2491585933,0.45182,0.49203,1
1784418354.4424,208.54088,2491655623,0.45217,0.50936,1
1784418354.4488,208.54729,2491719800,0.45292,0.51199,1
1784418354.4558,208.55424,2491789396,0.45260,0.49963,1
1784418354.4622,208.56070,2491853894,0.45508,0.49862,1
1784418354.4693,208.56775,2491924452,0.45508,0.49862,1
1784418354.4756,208.57408,2491987784,0.44478,0.48601,1
1784418354.4825,208.58101,2492057058,0.44505,0.47925,1
1784418354.4890,208.58751,2492121979,0.44505,0.47925,1
1784418354.4957,208.59419,2492188803,0.44579,0.49073,1
1784418354.5024,208.60088,2492255627,0.45491,0.48847,1
1784418354.5091,208.60760,2492322924,0.45491,0.48847,1
1784418354.5161,208.61452,2492392033,0.45316,0.48137,1
1784418354.5225,208.62097,2492456608,0.44803,0.48043,1
1784418354.5294,208.62790,2492525907,0.44826,0.48330,1
1784418354.5363,208.63475,2492594381,0.46002,0.48351,1
1784418354.5428,208.64130,2492659863,0.45530,0.49502,1
1784418354.5493,208.64775,2492724487,0.45628,0.50058,1
1784418354.5560,208.65446,2492791513,0.45328,0.49806,1
1784418354.5629,208.66141,2492860998,0.44716,0.50071,1
1784418354.5694,208.66788,2492925714,0.44741,0.50325,1
1784418354.5765,208.67494,2492996355,0.44044,0.50708,1
1784418354.5831,208.68152,2493062108,0.43428,0.51435,1
1784418354.5899,208.68835,2493130477,0.43347,0.50820,1
1784418354.5962,208.69467,2493193636,0.42979,0.49569,1
1784418354.6033,208.70180,2493264901,0.40251,0.47754,1
1784418354.6096,208.70805,2493327472,0.40150,0.47489,1
1784418354.6166,208.71504,2493397380,0.35117,0.49204,1
1784418354.6232,208.72169,2493463798,0.33983,0.50365,1
1784418354.6297,208.72816,2493528494,0.34472,0.51669,1
1784418354.6364,208.73485,2493595395,0.36841,0.50198,1
1784418354.6431,208.74155,2493662421,0.36714,0.50683,1
1784418354.6500,208.74847,2493731615,0.36649,0.50671,1
1784418354.6565,208.75494,2493796344,0.35260,0.51567,1
1784418354.6632,208.76164,2493863404,0.35166,0.52847,1
1784418354.6705,208.76900,2493936942,0.35469,0.53631,1
1784418354.6768,208.77528,2493999810,0.35842,0.52281,1
1784418354.6833,208.78172,2494064217,0.36146,0.51902,1
1784418354.6902,208.78865,2494133444,0.35920,0.51118,1
1784418354.6967,208.79515,2494198428,0.36739,0.51581,1
1784418354.7034,208.80183,2494265220,0.36343,0.50817,1
1784418354.7103,208.80876,2494334474,0.36277,0.50797,1
1784418354.7170,208.81546,2494401464,0.35640,0.51870,1
1784418354.7235,208.82195,2494466293,0.35870,0.53259,1
1784418354.7302,208.82863,2494533150,0.36000,0.53561,1
1784418354.7368,208.83531,2494600043,0.35329,0.53147,1
1784418354.7438,208.84229,2494669715,0.35037,0.52932,1
1784418354.7503,208.84872,2494734128,0.34703,0.51983,1
1784418354.7572,208.85570,2494803870,0.34143,0.50759,1
1784418354.7637,208.86214,2494868267,0.34344,0.50678,1
1784418354.7706,208.86908,2494937755,0.34344,0.50678,1
1784418354.7774,208.87584,2495005350,0.34251,0.51546,1
1784418354.7842,208.88271,2495074042,0.34434,0.51416,1
1784418354.7907,208.88916,2495138537,0.34434,0.51416,1
1784418354.7971,208.89560,2495202949,0.34529,0.51914,1
1784418354.8041,208.90256,2495272457,0.34501,0.51449,1
1784418354.8108,208.90926,2495339540,0.34501,0.51449,1
1784418354.8173,208.91573,2495404141,0.34894,0.51625,1
1784418354.8242,208.92270,2495473941,0.35236,0.50914,1
1784418354.8306,208.92911,2495537988,0.35398,0.51395,1
1784418354.8376,208.93607,2495607617,0.36143,0.53043,1
1784418354.8443,208.94273,2495674231,0.36410,0.53774,1
1784418354.8510,208.94945,2495741446,0.36348,0.53497,1
1784418354.8577,208.95612,2495808140,0.35466,0.52247,1
1784418354.8644,208.96283,2495875233,0.35542,0.50347,1
1784418354.8712,208.96965,2495943401,0.35362,0.49800,1
1784418354.8775,208.97601,2496006971,0.35811,0.49882,1
1784418354.8845,208.98299,2496076843,0.35054,0.50098,1
1784418354.8909,208.98940,2496140882,0.35278,0.50861,1
1784418354.8976,208.99608,2496207621,0.34391,0.51322,1
1784418354.9048,209.00323,2496279194,0.34868,0.48733,1
1784418354.9112,209.00970,2496343914,0.35111,0.49571,1
1784418354.9177,209.01617,2496408681,0.32383,0.45600,1
1784418354.9246,209.02310,2496477906,0.32496,0.45704,1
1784418354.9311,209.02957,2496542668,0.32620,0.45979,1
1784418354.9380,209.03650,2496611834,0.31912,0.41890,1
1784418354.9448,209.04326,2496679466,0.31859,0.41174,1
1784418354.9515,209.04994,2496746405,0.31762,0.40764,1
1784418354.9582,209.05669,2496813727,0.31449,0.39927,1
1784418354.9649,209.06332,2496880077,0.30004,0.41644,1
1784418354.9718,209.07022,2496949096,0.29951,0.41495,1
1784418354.9783,209.07672,2497014101,0.29965,0.40650,1
1784418354.9847,209.08316,2497078479,0.30597,0.40233,1
1784418354.9914,209.08986,2497145544,0.30226,0.39149,1
1784418354.9984,209.09683,2497215190,0.30812,0.37738,1
1784418355.0048,209.10324,2497279367,0.30012,0.35972,1
1784418355.0118,209.11024,2497349315,0.29735,0.35208,1
1784418355.0182,209.11667,2497413547,0.30076,0.34907,1
1784418355.0252,209.12366,2497483412,0.29676,0.38982,1
1784418355.0316,209.13004,2497547309,0.30169,0.40477,1
1784418355.0385,209.13696,2497616616,0.29661,0.42614,1
1784418355.0450,209.14346,2497681481,0.31652,0.41867,1
1784418355.0517,209.15015,2497748334,0.31694,0.41823,1
1784418355.0587,209.15712,2497818089,0.31050,0.40160,1
1784418355.0651,209.16354,2497882285,0.31044,0.38775,1
1784418355.0720,209.17047,2497951627,0.30783,0.38173,1
1784418355.0787,209.17715,2498018488,0.29532,0.38260,1
1784418355.0854,209.18388,2498085759,0.29803,0.40440,1
1784418355.0918,209.19031,2498150049,0.30283,0.41636,1
1784418355.0986,209.19704,2498217339,0.31731,0.41638,1
1784418355.1053,209.20372,2498284131,0.30927,0.40846,1
1784418355.1122,209.21065,2498353392,0.30593,0.39959,1
1784418355.1189,209.21735,2498420434,0.30126,0.41621,1
1784418355.1254,209.22383,2498485229,0.29949,0.42351,1
1784418355.1323,209.23074,2498554347,0.30253,0.43271,1
1784418355.1391,209.23758,2498622705,0.32331,0.42725,1
1784418355.1457,209.24417,2498688579,0.31854,0.42990,1
1784418355.1525,209.25095,2498756340,0.31888,0.42933,1
1784418355.1591,209.25755,2498822405,0.33153,0.48162,1
1784418355.1658,209.26427,2498889558,0.33941,0.49644,1
1784418355.1722,209.27071,2498953935,0.33697,0.49118,1
1784418355.1792,209.27763,2499023223,0.35117,0.56111,1
1784418355.1856,209.28410,2499087900,0.35434,0.54895,1
1784418355.1926,209.29103,2499157236,0.35625,0.55430,1
1784418355.1993,209.29773,2499224173,0.36897,0.57322,1
1784418355.2057,209.30418,2499288744,0.36254,0.53663,1
1784418355.2127,209.31113,2499358122,0.36254,0.53663,1
1784418355.2191,209.31760,2499422885,0.35871,0.56279,1
1784418355.2261,209.32452,2499492095,0.36360,0.56438,1
1784418355.2325,209.33098,2499556754,0.36402,0.56387,1
1784418355.2392,209.33771,2499624029,0.35415,0.56114,1
1784418355.2463,209.34477,2499694638,0.35644,0.53674,1
1784418355.2528,209.35130,2499760014,0.35133,0.52199,1
1784418355.2593,209.35779,2499824852,0.35200,0.53431,1
1784418355.2662,209.36470,2499893973,0.34749,0.51366,1
1784418355.2727,209.37119,2499958735,0.34652,0.51170,1
1784418355.2794,209.37787,2500025661,0.34251,0.53068,1
1784418355.2861,209.38457,2500092563,0.34255,0.53662,1
1784418355.2928,209.39127,2500159602,0.34673,0.54865,1
1784418355.2998,209.39825,2500229421,0.34843,0.53883,1
1784418355.3062,209.40468,2500293647,0.35136,0.56784,1
1784418355.3133,209.41176,2500364496,0.35246,0.56995,1
1784418355.3196,209.41809,2500427789,0.36441,0.69310,1
1784418355.3266,209.42508,2500497726,0.47640,0.80623,1
1784418355.3332,209.43169,2500563837,0.31611,0.66230,1
1784418355.3401,209.43858,2500632786,0.31611,0.66230,0
1784418355.3464,209.44489,2500695787,0.31611,0.66230,0
1784418355.3537,209.45218,2500768694,0.31611,0.66230,0
1784418355.3601,209.45853,2500832182,0.31611,0.66230,0
1784418355.3665,209.46497,2500896547,0.31611,0.66230,0
1784418355.3732,209.47166,2500963579,0.31611,0.66230,0
1784418355.3802,209.47864,2501033245,0.31611,0.66230,0
1784418355.3866,209.48506,2501097511,0.31611,0.66230,0
1784418355.3935,209.49200,2501167005,0.31611,0.66230,0
1784418355.4000,209.49846,2501231453,0.31611,0.66230,0
1784418355.4069,209.50537,2501300630,0.31611,0.66230,0
1784418355.4134,209.51184,2501365316,0.31611,0.66230,0
1784418355.4201,209.51855,2501432512,0.31611,0.66230,0
1784418355.4268,209.52525,2501499382,0.31611,0.66230,0
1784418355.4335,209.53194,2501566352,0.31611,0.66230,0
1784418355.4405,209.53893,2501636206,0.31611,0.66230,0
1784418355.4469,209.54536,2501700481,0.31611,0.66230,0
1784418355.4538,209.55229,2501769883,0.31611,0.66230,0
1784418355.4603,209.55873,2501834200,0.31611,0.66230,0
1784418355.4672,209.56566,2501903535,0.31611,0.66230,0
1784418355.4737,209.57214,2501968406,0.31611,0.66230,0
1784418355.4803,209.57881,2502035096,0.31611,0.66230,0
1784418355.4874,209.58582,2502105010,0.31611,0.66230,0
1784418355.4938,209.59225,2502169507,0.31611,0.66230,0
1784418355.5007,209.59915,2502238396,0.31611,0.66230,0
1784418355.5072,209.60564,2502303264,0.31611,0.66230,0
1784418355.5141,209.61255,2502372380,0.31611,0.66230,0
1784418355.5206,209.61903,2502437227,0.31611,0.66230,0
1784418355.5275,209.62596,2502506457,0.31611,0.66230,0
1784418355.5343,209.63278,2502574770,0.31611,0.66230,0
1784418355.5407,209.63913,2502638239,0.37199,0.60357,1
1784418355.5476,209.64610,2502707916,0.36024,0.59265,1
1784418355.5541,209.65253,2502772214,0.36084,0.59502,1
1784418355.5608,209.65923,2502839162,0.36745,0.57687,1
1784418355.5674,209.66591,2502905982,0.37013,0.56052,1
1784418355.5742,209.67262,2502973071,0.37165,0.56503,1
1784418355.5808,209.67929,2503039789,0.37059,0.56043,1
1784418355.5875,209.68600,2503106953,0.37394,0.55112,1
1784418355.5945,209.69295,2503176396,0.37434,0.55033,1
1784418355.6009,209.69940,2503240876,0.36831,0.54045,1
1784418355.6078,209.70631,2503310055,0.36507,0.52114,1
1784418355.6146,209.71310,2503378025,0.36330,0.51568,1
1784418355.6210,209.71950,2503441880,0.36833,0.50733,1
1784418355.6280,209.72643,2503511229,0.37185,0.49390,1
1784418355.6346,209.73311,2503578023,0.37096,0.49198,1
1784418355.6414,209.73982,2503645065,0.36120,0.45821,1
1784418355.6478,209.74628,2503709725,0.35754,0.49567,1
1784418355.6548,209.75323,2503779251,0.35873,0.49835,1
1784418355.6612,209.75969,2503843813,0.36931,0.49068,1
1784418355.6679,209.76637,2503910704,0.36074,0.48313,1
1784418355.6749,209.77341,2503980938,0.36170,0.48794,1
1784418355.6813,209.77980,2504044901,0.38122,0.47943,1
1784418355.6883,209.78673,2504114131,0.38513,0.49000,1
1784418355.6949,209.79340,2504180857,0.38819,0.50105,1
1784418355.7016,209.80009,2504247882,0.37119,0.45882,1
1784418355.7084,209.80690,2504315851,0.36143,0.46087,1
1784418355.7150,209.81351,2504382022,0.36084,0.45802,1
1784418355.7218,209.82030,2504449865,0.36362,0.42301,1
1784418355.7289,209.82735,2504520315,0.34441,0.44960,1
1784418355.7354,209.83385,2504585364,0.34196,0.44081,1
1784418355.7418,209.84030,2504649956,0.34581,0.42679,1
1784418355.7483,209.84677,2504714689,0.34068,0.41650,1
1784418355.7552,209.85367,2504783657,0.33943,0.41352,1
1784418355.7617,209.86015,2504848485,0.34450,0.42432,1
1784418355.7686,209.86708,2504917662,0.33852,0.41821,1
1784418355.7751,209.87354,2504982338,0.33979,0.42125,1
1784418355.7818,209.88026,2505049493,0.35503,0.43835,1
1784418355.7885,209.88695,2505116423,0.35853,0.42636,1
1784418355.7952,209.89365,2505183407,0.35734,0.42330,1
1784418355.8022,209.90067,2505253606,0.35720,0.42318,1
1784418355.8086,209.90704,2505317416,0.35735,0.41588,1
1784418355.8157,209.91420,2505388960,0.35855,0.41887,1
1784418355.8222,209.92067,2505453559,0.34570,0.42974,1
1784418355.8289,209.92740,2505520891,0.34829,0.41382,1
1784418355.8354,209.93382,2505585132,0.34641,0.40742,1
1784418355.8421,209.94055,2505652410,0.35169,0.38551,1
1784418355.8488,209.94724,2505719321,0.33931,0.40492,1
1784418355.8555,209.95392,2505786081,0.33831,0.40258,1
1784418355.8625,209.96094,2505856226,0.34053,0.39984,1
1784418355.8689,209.96733,2505920145,0.34483,0.39252,1
1784418355.8758,209.97427,2505989694,0.34563,0.39632,1
1784418355.8823,209.98073,2506054155,0.35475,0.41530,1
1784418355.8892,209.98764,2506123309,0.34838,0.43538,1
1784418355.8957,209.99414,2506188245,0.34945,0.43803,1
1784418355.9024,210.00084,2506255330,0.35861,0.42309,1
1784418355.9093,210.00780,2506324910,0.34238,0.41457,1
1784418355.9160,210.01445,2506391397,0.34069,0.40896,1
1784418355.9227,210.02119,2506458854,0.34829,0.42305,1
1784418355.9292,210.02762,2506523023,0.35297,0.41146,1
1784418355.9361,210.03453,2506592220,0.35351,0.41436,1
1784418355.9425,210.04100,2506656840,0.34732,0.41821,1
1784418355.9493,210.04773,2506724171,0.35875,0.41523,1
1784418355.9562,210.05469,2506793797,0.36033,0.42088,1
1784418355.9626,210.06110,2506857896,0.35544,0.43373,1
1784418355.9696,210.06802,2506927177,0.34659,0.42867,1
1784418355.9760,210.07449,2506991851,0.34829,0.43428,1
1784418355.9828,210.08124,2507059250,0.35219,0.42537,1
1784418355.9894,210.08789,2507125776,0.35500,0.47944,1
1784418355.9964,210.09482,2507195075,0.35668,0.48477,1
1784418356.0031,210.10158,2507262640,0.37220,0.71317,1
1784418356.0095,210.10799,2507326725,0.29864,0.84249,1
1784418356.0164,210.11491,2507395977,0.29864,0.84249,0
1784418356.0229,210.12138,2507460769,0.29864,0.84249,0
1784418356.0296,210.12808,2507527729,0.29864,0.84249,0
1784418356.0366,210.13503,2507597116,0.29864,0.84249,0
1784418356.0430,210.14146,2507661560,0.29864,0.84249,0
1784418356.0500,210.14850,2507731859,0.29864,0.84249,0
1784418356.0564,210.15488,2507795636,0.29864,0.84249,0
1784418356.0633,210.16180,2507864885,0.29864,0.84249,0
1784418356.0698,210.16827,2507929689,0.29864,0.84249,0
1784418356.0765,210.17499,2507996798,0.29864,0.84249,0
1784418356.0836,210.18204,2508067290,0.29864,0.84249,0
1784418356.0903,210.18878,2508134664,0.29864,0.84249,0
1784418356.0968,210.19530,2508199936,0.29864,0.84249,0
1784418356.1036,210.20206,2508267431,0.29864,0.84249,0
1784418356.1100,210.20848,2508331774,0.29864,0.84249,0
1784418356.1169,210.21541,2508400937,0.29864,0.84249,0
1784418356.1234,210.22188,2508465697,0.29864,0.84249,0
1784418356.1303,210.22879,2508534781,0.29864,0.84249,0
1784418356.1371,210.23552,2508602141,0.29864,0.84249,0
1784418356.1435,210.24197,2508666584,0.29864,0.84249,0
1784418356.1504,210.24890,2508735878,0.29864,0.84249,0
1784418356.1569,210.25536,2508800480,0.29864,0.84249,0
1784418356.1636,210.26205,2508867504,0.29864,0.84249,0
1784418356.1703,210.26877,2508934597,0.29864,0.84249,0
1784418356.1772,210.27567,2509003616,0.29864,0.84249,0
1784418356.1840,210.28242,2509071168,0.29864,0.84249,0
1784418356.1904,210.28885,2509135408,0.36185,0.62341,1
1784418356.1973,210.29576,2509204502,0.36123,0.62116,1
1784418356.2038,210.30223,2509269288,0.36203,0.59930,1
1784418356.2105,210.30894,2509336406,0.35209,0.58473,1
1784418356.2175,210.31599,2509406878,0.34868,0.57590,1
1784418356.2243,210.32272,2509474152,0.36257,0.54578,1
1784418356.2306,210.32903,2509537181,0.34642,0.52992,1
1784418356.2375,210.33595,2509606433,0.34575,0.52703,1
1784418356.2443,210.34279,2509674861,0.35931,0.52314,1
1784418356.2509,210.34935,2509740422,0.34428,0.52113,1
1784418356.2574,210.35583,2509805313,0.34404,0.52045,1
1784418356.2641,210.36253,2509872271,0.34862,0.50218,1
1784418356.2711,210.36957,2509942523,0.35284,0.50623,1
1784418356.2777,210.37614,2510008403,0.35348,0.50915,1
1784418356.2845,210.38298,2510076654,0.34557,0.50360,1
1784418356.2913,210.38977,2510144635,0.36108,0.50796,1
1784418356.2981,210.39656,2510212580,0.36068,0.50573,1
1784418356.3045,210.40295,2510276423,0.35475,0.51107,1
1784418356.3112,210.40964,2510343280,0.34112,0.48368,1
1784418356.3179,210.41634,2510410256,0.34058,0.48354,1
1784418356.3246,210.42308,2510477671,0.36429,0.49074,1
1784418356.3311,210.42952,2510542064,0.35700,0.51596,1
1784418356.3380,210.43645,2510611392,0.35925,0.52105,1
1784418356.3447,210.44313,2510678200,0.35457,0.51314,1
1784418356.3514,210.44983,2510745138,0.35542,0.49856,1
1784418356.3581,210.45653,2510812140,0.35152,0.48853,1
1784418356.3648,210.46327,2510879645,0.35346,0.49942,1
1784418356.3712,210.46970,2510943856,0.34306,0.49866,1
1784418356.3782,210.47670,2511013839,0.34778,0.51159,1
1784418356.3846,210.48311,2511078000,0.35389,0.50787,1
1784418356.3913,210.48979,2511144834,0.36086,0.51871,1
1784418356.3983,210.49673,2511214187,0.35975,0.51644,1
1784418356.4047,210.50319,2511278816,0.35184,0.52253,1
1784418356.4116,210.51010,2511347962,0.35266,0.51423,1
1784418356.4181,210.51657,2511412693,0.35208,0.51170,1
1784418356.4248,210.52328,2511479823,0.35712,0.52161,1
1784418356.4315,210.52998,2511546728,0.34945,0.51573,1
1784418356.4382,210.53668,2511613747,0.34779,0.51091,1
1784418356.4452,210.54364,2511683319,0.34504,0.50245,1
1784418356.4516,210.55009,2511747858,0.35363,0.49909,1
1784418356.4585,210.55699,2511816822,0.35523,0.50398,1
1784418356.4654,210.56383,2511885114,0.34764,0.50546,1
1784418356.4720,210.57050,2511951907,0.35652,0.51545,1
1784418356.4788,210.57726,2512019523,0.35814,0.52033,1
1784418356.4851,210.58359,2512082791,0.35168,0.52321,1
1784418356.4918,210.59027,2512149614,0.35078,0.53438,1
1784418356.4985,210.59697,2512216554,0.35078,0.53438,1
1784418356.5055,210.60394,2512286278,0.35283,0.52600,1
1784418356.5123,210.61078,2512354689,0.36200,0.50040,1
1784418356.5188,210.61728,2512419736,0.36255,0.50298,1
1784418356.5253,210.62376,2512484485,0.34824,0.52754,1
1784418356.5320,210.63048,2512551695,0.35223,0.54196,1
1784418356.5387,210.63715,2512618384,0.35545,0.55100,1
1784418356.5454,210.64386,2512685539,0.36647,0.53489,1
1784418356.5523,210.65080,2512754894,0.36103,0.55863,1
1784418356.5588,210.65726,2512819466,0.35876,0.55129,1
1784418356.5657,210.66417,2512888611,0.35457,0.53357,1
1784418356.5722,210.67065,2512953472,0.34134,0.51489,1
1784418356.5791,210.67760,2513022877,0.33806,0.50568,1
1784418356.5858,210.68428,2513089705,0.34302,0.50393,1
1784418356.5923,210.69075,2513154348,0.35714,0.53375,1
1784418356.5992,210.69768,2513223753,0.35930,0.54092,1
1784418356.6057,210.70415,2513288318,0.35437,0.52339,1
1784418356.6124,210.71085,2513355353,0.36161,0.52579,1
1784418356.6191,210.71753,2513422213,0.36105,0.52322,1
1784418356.6258,210.72423,2513489132,0.35199,0.51401,1
1784418356.6328,210.73123,2513559269,0.35395,0.51649,1
1784418356.6392,210.73763,2513623207,0.35161,0.50874,1
1784418356.6465,210.74501,2513696998,0.34853,0.50795,1
1784418356.6526,210.75104,2513757315,0.34641,0.50563,1
1784418356.6595,210.75800,2513826826,0.34617,0.50494,1
1784418356.6662,210.76466,2513893597,0.35042,0.49522,1
1784418356.6730,210.77142,2513961076,0.35189,0.48720,1
1784418356.6800,210.77850,2514031889,0.35095,0.48521,1
1784418356.6864,210.78484,2514095204,0.33901,0.47549,1
1784418356.6928,210.79123,2514159140,0.34578,0.50305,1
1784418356.6997,210.79813,2514228215,0.34658,0.50617,1
1784418356.7061,210.80461,2514293002,0.34966,0.52195,1
1784418356.7128,210.81131,2514360024,0.34481,0.52745,1
1784418356.7195,210.81801,2514427016,0.34518,0.52689,1
1784418356.7265,210.82494,2514496216,0.33293,0.51041,1
1784418356.7332,210.83162,2514563154,0.35208,0.49645,1
1784418356.7396,210.83810,2514627914,0.35166,0.49519,1
1784418356.7464,210.84482,2514695084,0.34784,0.48902,1
1784418356.7533,210.85172,2514764052,0.35261,0.49579,1
1784418356.7598,210.85822,2514829056,0.35424,0.50075,1
1784418356.7664,210.86490,2514895929,0.33374,0.49335,1
1784418356.7734,210.87186,2514965418,0.33417,0.49885,1
1784418356.7798,210.87828,2515029707,0.33400,0.50011,1
1784418356.7868,210.88525,2515099407,0.34442,0.50289,1
1784418356.7932,210.89168,2515163748,0.35210,0.51561,1
1784418356.8002,210.89865,2515233486,0.35402,0.52127,1
1784418356.8066,210.90508,2515297677,0.35799,0.50951,1
1784418356.8138,210.91225,2515369315,0.36077,0.50120,1
1784418356.8200,210.91849,2515431851,0.36166,0.50302,1
1784418356.8269,210.92540,2515500885,0.34911,0.51655,1
1784418356.8334,210.93188,2515565815,0.35883,0.55343,1
1784418356.8401,210.93860,2515632872,0.35716,0.54870,1
1784418356.8471,210.94559,2515702710,0.34863,0.52469,1
1784418356.8540,210.95244,2515771335,0.35000,0.53516,1
1784418356.8604,210.95891,2515835955,0.34745,0.52878,1
1784418356.8669,210.96538,2515900684,0.34699,0.50766,1
1784418356.8739,210.97232,2515970094,0.34331,0.50951,1
1784418356.8803,210.97874,2516034367,0.34674,0.51931,1
1784418356.8870,210.98546,2516101544,0.35048,0.53446,1
1784418356.8940,210.99242,2516171118,0.36664,0.53668,1
1784418356.9004,210.99887,2516235612,0.36772,0.53903,1
1784418356.9073,211.00578,2516304680,0.35851,0.52336,1
1784418356.9138,211.01225,2516369396,0.36090,0.52373,1
1784418356.9205,211.01897,2516436620,0.35928,0.51882,1
1784418356.9272,211.02565,2516503437,0.35241,0.51015,1
1784418356.9339,211.03238,2516570632,0.35748,0.50977,1
1784418356.9409,211.03938,2516640789,0.35892,0.51415,1
1784418356.9473,211.04575,2516704369,0.35523,0.51720,1
1784418356.9543,211.05273,2516774244,0.36028,0.53638,1
1784418356.9609,211.05937,2516840596,0.36174,0.54066,1
1784418356.9674,211.06584,2516905374,0.35855,0.53147,1
1784418356.9744,211.07283,2516975216,0.36344,0.52848,1
1784418356.9808,211.07925,2517039413,0.36344,0.52848,1
1784418356.9878,211.08626,2517109557,0.35649,0.53403,1
1784418356.9942,211.09264,2517173215,0.36259,0.53460,1
1784418357.0013,211.09979,2517244849,0.36166,0.53284,1
1784418357.0076,211.10605,2517307339,0.36138,0.53395,1
1784418357.0146,211.11308,2517377716,0.35355,0.52688,1
1784418357.0210,211.11945,2517441389,0.35526,0.53184,1
1784418357.0279,211.12636,2517510479,0.36451,0.53379,1
1784418357.0344,211.13284,2517575362,0.36153,0.55141,1
1784418357.0414,211.13989,2517645856,0.36153,0.55141,1
1784418357.0482,211.14664,2517713205,0.37297,0.54085,1
1784418357.0550,211.15350,2517781990,0.40289,0.53468,1
1784418357.0612,211.15962,2517843192,0.40325,0.53697,1
1784418357.0683,211.16676,2517914511,0.41537,0.55411,1
1784418357.0748,211.17328,2517979657,0.41699,0.55904,1
1784418357.0815,211.17993,2518046277,0.41776,0.56110,1
1784418357.0883,211.18677,2518114606,0.42041,0.54790,1
1784418357.0949,211.19337,2518180723,0.41399,0.53967,1
1784418357.1013,211.19981,2518245014,0.41175,0.53089,1
1784418357.1083,211.20673,2518314218,0.40410,0.55295,1
1784418357.1147,211.21321,2518379055,0.40762,0.55053,1
1784418357.1214,211.21991,2518446047,0.40762,0.55053,1
1784418357.1286,211.22702,2518517112,0.40894,0.56012,1
1784418357.1348,211.23331,2518579904,0.41342,0.55607,1
1784418357.1418,211.24025,2518649437,0.41342,0.55607,1
1784418357.1482,211.24670,2518713876,0.42098,0.54099,1
1784418357.1551,211.25360,2518782995,0.41372,0.53582,1
1784418357.1616,211.26009,2518847780,0.41207,0.52835,1
1784418357.1683,211.26680,2518914927,0.40883,0.51217,1
1784418357.1750,211.27348,2518981794,0.41690,0.52641,1
1784418357.1817,211.28021,2519049079,0.41607,0.52413,1
1784418357.1886,211.28711,2519118005,0.41239,0.54022,1
1784418357.1951,211.29356,2519182558,0.39838,0.54121,1
1784418357.2020,211.30051,2519251972,0.39930,0.54343,1
1784418357.2085,211.30699,2519316889,0.40435,0.55098,1
1784418357.2154,211.31390,2519385917,0.40901,0.53043,1
1784418357.2222,211.32069,2519453859,0.40654,0.52094,1
1784418357.2288,211.32730,2519519961,0.40731,0.50313,1
1784418357.2357,211.33417,2519588585,0.40797,0.49906,1
1784418357.2420,211.34047,2519651604,0.40797,0.49906,1
1784418357.2489,211.34741,2519721030,0.40643,0.50608,1
1784418357.2558,211.35423,2519789224,0.40152,0.49832,1
1784418357.2623,211.36079,2519854780,0.40152,0.49832,1
1784418357.2688,211.36726,2519919611,0.39263,0.51924,1
1784418357.2755,211.37396,2519986603,0.39914,0.51433,1
1784418357.2825,211.38092,2520056158,0.39914,0.51433,1
1784418357.2892,211.38763,2520123227,0.39752,0.52271,1
1784418357.2958,211.39427,2520189699,0.40441,0.52453,1
1784418357.3023,211.40077,2520254560,0.40441,0.52453,1
1784418357.3090,211.40747,2520321564,0.40547,0.51919,1
1784418357.3160,211.41444,2520391287,0.40904,0.50882,1
1784418357.3224,211.42084,2520455325,0.40904,0.50882,1
1784418357.3294,211.42787,2520525657,0.39546,0.50152,1
1784418357.3358,211.43425,2520589351,0.38992,0.49655,1
1784418357.3428,211.44127,2520659597,0.39328,0.51063,1
1784418357.3492,211.44763,2520723223,0.42138,0.53029,1
1784418357.3562,211.45465,2520793480,0.44439,0.54428,1
1784418357.3628,211.46126,2520859516,0.44710,0.55633,1
1784418357.3693,211.46774,2520924304,0.43826,0.54919,1
1784418357.3760,211.47443,2520991141,0.42652,0.55970,1
1784418357.3827,211.48114,2521058294,0.42292,0.54387,1
1784418357.3896,211.48805,2521127403,0.43746,0.51908,1
1784418357.3961,211.49452,2521192178,0.43144,0.50846,1
1784418357.4030,211.50150,2521261894,0.42932,0.49861,1
1784418357.4099,211.50833,2521330267,0.42573,0.50416,1
1784418357.4165,211.51500,2521396905,0.42337,0.50710,1
1784418357.4231,211.52159,2521462783,0.42337,0.50710,1
1784418357.4300,211.52843,2521531241,0.42744,0.51567,1
1784418357.4362,211.53470,2521593966,0.42388,0.51787,1
1784418357.4432,211.54164,2521663291,0.42530,0.52509,1
1784418357.4496,211.54811,2521727999,0.43567,0.52316,1
1784418357.4566,211.55504,2521797286,0.43544,0.53718,1
1784418357.4630,211.56151,2521862031,0.43623,0.53941,1
1784418357.4697,211.56821,2521929038,0.43090,0.51225,1
1784418357.4768,211.57523,2521999131,0.42752,0.51905,1
1784418357.4831,211.58160,2522062952,0.42533,0.50937,1
1784418357.4901,211.58852,2522132131,0.42029,0.51546,1
1784418357.4966,211.59502,2522197007,0.41954,0.50317,1
1784418357.5035,211.60193,2522266204,0.41954,0.50317,1
1784418357.5102,211.60870,2522334023,0.42007,0.51414,1
1784418357.5166,211.61511,2522398000,0.42231,0.52258,1
1784418357.5233,211.62180,2522464847,0.42231,0.52258,1
1784418357.5300,211.62849,2522531925,0.41971,0.52637,1
1784418357.5370,211.63544,2522601301,0.42021,0.49346,1
1784418357.5434,211.64188,2522665668,0.42021,0.49346,1
1784418357.5501,211.64859,2522732851,0.42027,0.49878,1
1784418357.5568,211.65527,2522799670,0.42096,0.50724,1
1784418357.5635,211.66197,2522866704,0.42096,0.50724,1
1784418357.5704,211.66891,2522935998,0.42113,0.52080,1
1784418357.5769,211.67537,2523000617,0.42071,0.49473,1
1784418357.5836,211.68210,2523067830,0.42071,0.49473,1
1784418357.5906,211.68904,2523137326,0.41911,0.50840,1
1784418357.5970,211.69548,2523201748,0.41939,0.51497,1
1784418357.6041,211.70256,2523272449,0.41939,0.51497,1
1784418357.6106,211.70911,2523337969,0.41486,0.49666,1
1784418357.6175,211.71593,2523406223,0.41421,0.51662,1
1784418357.6238,211.72229,2523469822,0.41421,0.51662,1
1784418357.6308,211.72925,2523539360,0.42489,0.50102,1
1784418357.6372,211.73567,2523603652,0.41817,0.49982,1
1784418357.6443,211.74278,2523674745,0.41817,0.49982,1
1784418357.6506,211.74905,2523737493,0.42599,0.49447,1
1784418357.6575,211.75598,2523806761,0.42403,0.49511,1
1784418357.6644,211.76282,2523875027,0.42542,0.50256,1
1784418357.6707,211.76921,2523939010,0.44321,0.52266,1
1784418357.6774,211.77585,2524005406,0.43942,0.51893,1
1784418357.6841,211.78258,2524072739,0.44020,0.52126,1
1784418357.6911,211.78954,2524142290,0.43147,0.52533,1
1784418357.6975,211.79594,2524206416,0.42854,0.52172,1
1784418357.7045,211.80292,2524276149,0.42637,0.51209,1
1784418357.7113,211.80972,2524344158,0.42816,0.51755,1
1784418357.7178,211.81627,2524409566,0.42750,0.49458,1
1784418357.7243,211.82277,2524474540,0.42750,0.49458,1
1784418357.7310,211.82944,2524541296,0.42334,0.51759,1
1784418357.7379,211.83641,2524610953,0.43197,0.51909,1
1784418357.7444,211.84285,2524675447,0.43327,0.52627,1
1784418357.7513,211.84981,2524744962,0.42737,0.53183,1
1784418357.7578,211.85623,2524809211,0.44087,0.54129,1
1784418357.7647,211.86316,2524878449,0.44291,0.55084,1
1784418357.7711,211.86961,2524943063,0.43577,0.54775,1
1784418357.7783,211.87680,2525014912,0.43578,0.54669,1
1784418357.7849,211.88335,2525080387,0.43440,0.53941,1
1784418357.7915,211.88995,2525146461,0.42719,0.52847,1
1784418357.7982,211.89670,2525213944,0.43559,0.51879,1
1784418357.8050,211.90350,2525282021,0.43352,0.50911,1
1784418357.8120,211.91051,2525351968,0.43561,0.51277,1
1784418357.8181,211.91652,2525412101,0.42921,0.50856,1
1784418357.8250,211.92345,2525481448,0.42921,0.50856,1
1784418357.8315,211.92992,2525546105,0.42469,0.50997,1
1784418357.8382,211.93663,2525613153,0.42297,0.50933,1
1784418357.8448,211.94331,2525680056,0.42438,0.51663,1
1784418357.8515,211.95001,2525747020,0.42305,0.51789,1
1784418357.8585,211.95695,2525816397,0.43594,0.52813,1
1784418357.8649,211.96341,2525881070,0.43666,0.53045,1
1784418357.8719,211.97032,2525950174,0.44221,0.52669,1
1784418357.8784,211.97682,2526015150,0.43963,0.52119,1
1784418357.8853,211.98373,2526084191,0.43889,0.51890,1
1784418357.8918,211.99022,2526149139,0.42867,0.52432,1
1784418357.8984,211.99690,2526215870,0.42240,0.53419,1
1784418357.9054,212.00383,2526285252,0.42321,0.53650,1
1784418357.9118,212.01030,2526349892,0.42239,0.53096,1
1784418357.9188,212.01726,2526419513,0.41830,0.50910,1
1784418357.9252,212.02370,2526483869,0.41599,0.49927,1
1784418357.9322,212.03067,2526553658,0.41459,0.49288,1
1784418357.9386,212.03709,2526617828,0.41492,0.49829,1
1784418357.9456,212.04402,2526687059,0.41492,0.49829,1
1784418357.9520,212.05048,2526751684,0.41409,0.49000,1
1784418357.9589,212.05740,2526820946,0.42051,0.49551,1
1784418357.9657,212.06418,2526888679,0.42051,0.49551,1
1784418357.9721,212.07059,2526952812,0.41569,0.49495,1
1784418357.9791,212.07756,2527022468,0.41887,0.50722,1
1784418357.9859,212.08438,2527090703,0.41887,0.50722,1
1784418357.9926,212.09102,2527157030,0.41826,0.51612,1
1784418357.9995,212.09798,2527226621,0.41908,0.51782,1
1784418358.0059,212.10434,2527290256,0.41908,0.51782,1
1784418358.0123,212.11076,2527354573,0.42661,0.51302,1
1784418358.0192,212.11769,2527423803,0.42281,0.50471,1
1784418358.0258,212.12422,2527489139,0.42281,0.50471,1
1784418358.0324,212.13087,2527555666,0.42321,0.52187,1
1784418358.0394,212.13783,2527625307,0.42277,0.51139,1
1784418358.0458,212.14426,2527689453,0.42277,0.51139,1
1784418358.0527,212.15121,2527759108,0.42506,0.52108,1
1784418358.0594,212.15788,2527825691,0.42379,0.51948,1
1784418358.0662,212.16464,2527893380,0.42379,0.51948,1
1784418358.0726,212.17105,2527957413,0.41357,0.50660,1
1784418358.0795,212.17796,2528026606,0.41496,0.49967,1
1784418358.0860,212.18445,2528091337,0.41496,0.49967,1
1784418358.0927,212.19116,2528158483,0.41498,0.50152,1
1784418358.0997,212.19815,2528228343,0.41510,0.49657,1
1784418358.1061,212.20456,2528292532,0.41510,0.49657,1
1784418358.1131,212.21152,2528362048,0.42040,0.51272,1
1784418358.1195,212.21794,2528426298,0.42312,0.51135,1
1784418358.1262,212.22464,2528493245,0.42312,0.51135,1
1784418358.1333,212.23178,2528564655,0.42603,0.50471,1
1784418358.1396,212.23802,2528627171,0.43342,0.50123,1
1784418358.1465,212.24500,2528696837,0.43471,0.50870,1
1784418358.1532,212.25166,2528763557,0.42254,0.51100,1
1784418358.1600,212.25842,2528831181,0.41941,0.51453,1
1784418358.1669,212.26532,2528900102,0.42176,0.52452,1
1784418358.1735,212.27197,2528966614,0.42720,0.51956,1
1784418358.1800,212.27847,2529031628,0.43399,0.51668,1
1784418358.1869,212.28537,2529100682,0.43258,0.50891,1
1784418358.1932,212.29170,2529163999,0.42855,0.54685,1
1784418358.2003,212.29878,2529234737,0.43069,0.52922,1
1784418358.2066,212.30502,2529297105,0.42990,0.52691,1
1784418358.2135,212.31197,2529366600,0.43846,0.52786,1
1784418358.2200,212.31844,2529431211,0.44605,0.53426,1
1784418358.2269,212.32533,2529500252,0.44542,0.52825,1
1784418358.2333,212.33180,2529564995,0.41858,0.52284,1
1784418358.2401,212.33852,2529632137,0.41591,0.49939,1
1784418358.2467,212.34521,2529699030,0.41279,0.48731,1
1784418358.2534,212.35191,2529766076,0.42054,0.48550,1
1784418358.2604,212.35887,2529835604,0.42504,0.49235,1
1784418358.2668,212.36530,2529899836,0.42746,0.50343,1
1784418358.2738,212.37225,2529969423,0.42640,0.50500,1
1784418358.2803,212.37872,2530034073,0.43076,0.50439,1
1784418358.2869,212.38541,2530100981,0.43208,0.51181,1
1784418358.2939,212.39238,2530170641,0.42135,0.51766,1
1784418358.3003,212.39880,2530234884,0.42734,0.52572,1
1784418358.3073,212.40572,2530304049,0.42957,0.53553,1
1784418358.3138,212.41222,2530369063,0.43932,0.53822,1
1784418358.3204,212.41890,2530435894,0.43236,0.54488,1
1784418358.3271,212.42558,2530502749,0.43091,0.53750,1
1784418358.3338,212.43228,2530569789,0.42657,0.52748,1
1784418358.3408,212.43922,2530639176,0.42969,0.52089,1
1784418358.3474,212.44591,2530705957,0.42754,0.51124,1
1784418358.3542,212.45264,2530773248,0.43977,0.50816,1
1784418358.3610,212.45946,2530841423,0.42893,0.50829,1
1784418358.3677,212.46613,2530908135,0.43022,0.51560,1
1784418358.3743,212.47272,2530974073,0.42210,0.53256,1
1784418358.3810,212.47943,2531041194,0.42933,0.52865,1
1784418358.3874,212.48589,2531105694,0.43009,0.53098,1
1784418358.3943,212.49280,2531174828,0.43212,0.52370,1
1784418358.4008,212.49927,2531239545,0.45443,0.50893,1
1784418358.4075,212.50597,2531306633,0.45265,0.49909,1
1784418358.4145,212.51294,2531376313,0.45309,0.47991,1
1784418358.4209,212.51936,2531440538,0.46860,0.48641,1
1784418358.4276,212.52608,2531507678,0.46860,0.48641,1
1784418358.4346,212.53305,2531577341,0.46266,0.48950,1
1784418358.4410,212.53946,2531641550,0.46984,0.49424,1
1784418358.4479,212.54637,2531710695,0.46972,0.49128,1
1784418358.4544,212.55287,2531775600,0.46596,0.48735,1
1784418358.4613,212.55977,2531844620,0.45740,0.48495,1
1784418358.4678,212.56627,2531909572,0.45670,0.48228,1
1784418358.4745,212.57297,2531976555,0.45200,0.48790,1
1784418358.4818,212.58026,2532049548,0.45462,0.49465,1
1784418358.4882,212.58664,2532113291,0.45560,0.50022,1
1784418358.4949,212.59338,2532180819,0.46083,0.50530,1
1784418358.5013,212.59976,2532244532,0.46385,0.50613,1
1784418358.5080,212.60643,2532311245,0.46480,0.51351,1
1784418358.5152,212.61363,2532383199,0.47118,0.52751,1
1784418358.5216,212.62010,2532447934,0.47467,0.53615,1
1784418358.5281,212.62654,2532512264,0.47542,0.54097,1
1784418358.5350,212.63350,2532581905,0.46745,0.54134,1
1784418358.5415,212.63995,2532646475,0.47256,0.53399,1
1784418358.5484,212.64691,2532716050,0.47157,0.52383,1
1784418358.5553,212.65372,2532784126,0.47062,0.51842,1
1784418358.5618,212.66025,2532849385,0.46985,0.50644,1
1784418358.5683,212.66673,2532914304,0.46823,0.49617,1
1784418358.5750,212.67342,2532981004,0.46914,0.48198,1
1784418358.5819,212.68037,2533050600,0.46106,0.49196,1
1784418358.5884,212.68683,2533115207,0.46015,0.48649,1
1784418358.5951,212.69353,2533182183,0.46704,0.47564,1
1784418358.6018,212.70023,2533249213,0.46722,0.47122,1
1784418358.6084,212.70689,2533315913,0.46736,0.47405,1
1784418358.6154,212.71385,2533385429,0.46322,0.49136,1
1784418358.6223,212.72073,2533454299,0.46526,0.50147,1
1784418358.6289,212.72734,2533520371,0.46702,0.51240,1
1784418358.6352,212.73370,2533583905,0.46733,0.51823,1
1784418358.6422,212.74065,2533653415,0.46794,0.51682,1
1784418358.6486,212.74710,2533717937,0.46794,0.51682,1
1784418358.6553,212.75380,2533784975,0.46607,0.51786,1
1784418358.6623,212.76080,2533854969,0.46373,0.51545,1
1784418358.6687,212.76721,2533918964,0.46351,0.51269,1
1784418358.6757,212.77414,2533988370,0.46722,0.50235,1
1784418358.6821,212.78058,2534052734,0.46626,0.49319,1
1784418358.6888,212.78731,2534119990,0.46538,0.48766,1
1784418358.6959,212.79433,2534190240,0.46109,0.47911,1
1784418358.7022,212.80070,2534253928,0.46044,0.47973,1
1784418358.7092,212.80771,2534323995,0.46044,0.47973,1
1784418358.7156,212.81409,2534387764,0.46060,0.47072,1
1784418358.7226,212.82103,2534457282,0.46109,0.48689,1
1784418358.7290,212.82750,2534521857,0.46109,0.48689,1
1784418358.7360,212.83449,2534591727,0.45907,0.48060,1
1784418358.7428,212.84129,2534659869,0.47147,0.47888,1
1784418358.7494,212.84787,2534725665,0.47147,0.47888,1
1784418358.7561,212.85452,2534792077,0.46143,0.47459,1
1784418358.7628,212.86124,2534859337,0.46372,0.47191,1
1784418358.7692,212.86766,2534923488,0.46372,0.47191,1
1784418358.7761,212.87459,2534992818,0.45800,0.47505,1
1784418358.7829,212.88138,2535060708,0.45889,0.46183,1
1784418358.7893,212.88776,2535124541,0.45905,0.46481,1
1784418358.7962,212.89468,2535193761,0.46755,0.47691,1
1784418358.8027,212.90120,2535258843,0.47711,0.48545,1
1784418358.8094,212.90787,2535325534,0.47860,0.49606,1
1784418358.8164,212.91484,2535395252,0.47378,0.51146,1
1784418358.8228,212.92126,2535459540,0.47353,0.51767,1
1784418358.8298,212.92822,2535529114,0.47353,0.51767,1
1784418358.8364,212.93488,2535595700,0.47107,0.51339,1
1784418358.8432,212.94170,2535663938,0.46796,0.50969,1
1784418358.8496,212.94804,2535727403,0.46719,0.50483,1
1784418358.8566,212.95503,2535797171,0.45948,0.51598,1
1784418358.8630,212.96144,2535861357,0.45775,0.51025,1
1784418358.8699,212.96837,2535930566,0.45775,0.51025,1
1784418358.8764,212.97484,2535995262,0.45682,0.51063,1
1784418358.8831,212.98155,2536062449,0.45854,0.50990,1
1784418358.8898,212.98824,2536129304,0.45854,0.50990,1
1784418358.8967,212.99519,2536198827,0.46284,0.51016,1
1784418358.9034,213.00188,2536265727,0.46155,0.51139,1
1784418358.9103,213.00874,2536334385,0.46155,0.51139,1
1784418358.9169,213.01532,2536400151,0.46701,0.51389,1
1784418358.9235,213.02196,2536466507,0.46830,0.51058,1
1784418358.9303,213.02872,2536534021,0.46830,0.51058,1
1784418358.9370,213.03551,2536601981,0.47632,0.51473,1
1784418358.9437,213.04214,2536668377,0.47993,0.52119,1
1784418358.9501,213.04854,2536732255,0.47993,0.52119,1
1784418358.9570,213.05545,2536801340,0.47231,0.52691,1
1784418358.9635,213.06194,2536866264,0.47592,0.52642,1
1784418358.9702,213.06862,2536933111,0.47584,0.52363,1
1784418358.9771,213.07559,2537002790,0.46787,0.50190,1
1784418358.9835,213.08200,2537066934,0.45543,0.50346,1
1784418358.9905,213.08900,2537136979,0.45350,0.49258,1
1784418358.9969,213.09540,2537200954,0.45215,0.46044,1
1784418359.0039,213.10239,2537270750,0.44868,0.46605,1
1784418359.0103,213.10880,2537334826,0.44868,0.46605,1
1784418359.0173,213.11572,2537404182,0.45288,0.46405,1
1784418359.0238,213.12222,2537469189,0.46279,0.48865,1
1784418359.0305,213.12892,2537536113,0.46299,0.49156,1
1784418359.0374,213.13585,2537605382,0.46520,0.47966,1
1784418359.0441,213.14253,2537672182,0.46725,0.47159,1
1784418359.0508,213.14928,2537739603,0.46810,0.47722,1
1784418359.0572,213.15570,2537803939,0.46690,0.50266,1
1784418359.0642,213.16264,2537873330,0.48047,0.51167,1
1784418359.0706,213.16908,2537937707,0.48124,0.51711,1
1784418359.0773,213.17580,2538004922,0.48029,0.50455,1
1784418359.0843,213.18274,2538074378,0.47036,0.50218,1
1784418359.0907,213.18919,2538138908,0.47036,0.50218,1
1784418359.0977,213.19612,2538208149,0.47291,0.49471,1
1784418359.1045,213.20296,2538276537,0.47234,0.49083,1
1784418359.1112,213.20964,2538343322,0.47234,0.49083,1
1784418359.1175,213.21600,2538407007,0.47082,0.49106,1
1784418359.1245,213.22301,2538477004,0.47332,0.49016,1
1784418359.1313,213.22978,2538544676,0.47405,0.49513,1
1784418359.1378,213.23631,2538609993,0.47592,0.49570,1
1784418359.1443,213.24278,2538674698,0.47272,0.49342,1
1784418359.1510,213.24947,2538741631,0.47272,0.49342,1
1784418359.1579,213.25641,2538810935,0.47024,0.48643,1
1784418359.1644,213.26288,2538875705,0.47139,0.47790,1
1784418359.1713,213.26981,2538945025,0.47065,0.47279,1
1784418359.1778,213.27628,2539009738,0.47045,0.47708,1
1784418359.1845,213.28297,2539076686,0.46943,0.47098,1
1784418359.1912,213.28966,2539143494,0.46943,0.47098,1
1784418359.1979,213.29636,2539210398,0.46901,0.47494,1
1784418359.2049,213.30334,2539280417,0.46894,0.48010,1
1784418359.2113,213.30974,2539344347,0.46894,0.48010,1
1784418359.2182,213.31668,2539413703,0.47322,0.48518,1
1784418359.2247,213.32314,2539478304,0.46915,0.47731,1
1784418359.2314,213.32985,2539545370,0.46915,0.47731,1
1784418359.2383,213.33679,2539614849,0.46973,0.49388,1
1784418359.2448,213.34326,2539679507,0.47041,0.48912,1
1784418359.2517,213.35019,2539748859,0.47041,0.48912,1
1784418359.2582,213.35664,2539813317,0.47718,0.49624,1
1784418359.2651,213.36357,2539882581,0.47609,0.49962,1
1784418359.2716,213.37003,2539947238,0.47609,0.49962,1
1784418359.2783,213.37674,2540014245,0.47204,0.50933,1
1784418359.2852,213.38365,2540083475,0.47776,0.51415,1
1784418359.2917,213.39018,2540148784,0.47846,0.51894,1
1784418359.2988,213.39725,2540219369,0.48610,0.51231,1
1784418359.3053,213.40375,2540284459,0.48261,0.52004,1
1784418359.3120,213.41051,2540351987,0.48252,0.51720,1
1784418359.3188,213.41731,2540420113,0.48082,0.51631,1
1784418359.3254,213.42389,2540485776,0.47559,0.50347,1
1784418359.3323,213.43073,2540554136,0.47418,0.49599,1
1784418359.3386,213.43704,2540617258,0.47544,0.48869,1
1784418359.3453,213.44373,2540684217,0.47732,0.49315,1
1784418359.3520,213.45044,2540751231,0.47811,0.49873,1
1784418359.3589,213.45741,2540821054,0.47973,0.48273,1
1784418359.3654,213.46384,2540885268,0.48030,0.48117,1
1784418359.3723,213.47076,2540954489,0.48030,0.48117,1
1784418359.3790,213.47743,2541021219,0.48346,0.48562,1
1784418359.3858,213.48422,2541089196,0.47971,0.48332,1
1784418359.3921,213.49060,2541152882,0.47971,0.48332,1
1784418359.3995,213.49797,2541226670,0.48003,0.49641,1
1784418359.4055,213.50401,2541287038,0.47818,0.49855,1
1784418359.4126,213.51103,2541357187,0.47818,0.49855,1
1784418359.4189,213.51741,2541421034,0.47539,0.49768,1
1784418359.4259,213.52432,2541490125,0.47206,0.51219,1
1784418359.4323,213.53081,2541555044,0.47206,0.51219,1
1784418359.4390,213.53749,2541621785,0.46427,0.50877,1
1784418359.4460,213.54446,2541691587,0.47193,0.51427,1
1784418359.4524,213.55089,2541755725,0.47108,0.50880,1
1784418359.4594,213.55783,2541825243,0.47378,0.50127,1
1784418359.4658,213.56430,2541889878,0.48102,0.49878,1
1784418359.4728,213.57123,2541959207,0.48102,0.49878,1
1784418359.4792,213.57768,2542023757,0.48155,0.50919,1
1784418359.4861,213.58461,2542093016,0.48249,0.50043,1
1784418359.4929,213.59135,2542160405,0.48324,0.50598,1
1784418359.4997,213.59821,2542228970,0.47663,0.49210,1
1784418359.5064,213.60489,2542295835,0.47523,0.49446,1
1784418359.5127,213.61121,2542358936,0.47534,0.49698,1
1784418359.5197,213.61816,2542428601,0.47338,0.50371,1
1784418359.5261,213.62457,2542492693,0.47326,0.51227,1
1784418359.5330,213.63150,2542561861,0.47401,0.51717,1
1784418359.5399,213.63832,2542630059,0.47527,0.50272,1
1784418359.5464,213.64491,2542696080,0.48040,0.49793,1
1784418359.5533,213.65172,2542764158,0.48031,0.49526,1
1784418359.5598,213.65829,2542829826,0.50403,0.50336,1
1784418359.5663,213.66476,2542894600,0.50049,0.48173,1
1784418359.5730,213.67148,2542961652,0.49995,0.47663,1
1784418359.5800,213.67845,2543031373,0.49362,0.48633,1
1784418359.5864,213.68484,2543095334,0.49283,0.48351,1
1784418359.5933,213.69180,2543164907,0.49283,0.48351,1
1784418359.5998,213.69827,2543229608,0.50053,0.48937,1
1784418359.6067,213.70520,2543298902,0.50153,0.49300,1
1784418359.6132,213.71165,2543363494,0.50153,0.49300,1
1784418359.6199,213.71834,2543430233,0.49551,0.49778,1
1784418359.6269,213.72534,2543500336,0.50093,0.50725,1
1784418359.6333,213.73174,2543564267,0.50093,0.50725,1
1784418359.6400,213.73845,2543631443,0.49813,0.49099,1
1784418359.6467,213.74518,2543698694,0.50161,0.49473,1
1784418359.6534,213.75183,2543765282,0.50161,0.49473,1
1784418359.6604,213.75882,2543835143,0.50468,0.49559,1
1784418359.6668,213.76524,2543899410,0.48704,0.50215,1
1784418359.6737,213.77220,2543968921,0.48704,0.50215,1
1784418359.6805,213.77896,2544036509,0.50074,0.48466,1
1784418359.6873,213.78572,2544104140,0.49819,0.47799,1
1784418359.6938,213.79227,2544169644,0.49820,0.47495,1
1784418359.7009,213.79936,2544240461,0.49990,0.47666,1
1784418359.7070,213.80542,2544301139,0.49403,0.47056,1
1784418359.7139,213.81238,2544370644,0.49348,0.46783,1
1784418359.7204,213.81882,2544435059,0.49525,0.45903,1
1784418359.7271,213.82553,2544502191,0.50098,0.48015,1
1784418359.7337,213.83221,2544569094,0.50157,0.48585,1
1784418359.7405,213.83893,2544636186,0.50117,0.49874,1
1784418359.7474,213.84584,2544705351,0.50320,0.48874,1
1784418359.7543,213.85272,2544774146,0.50371,0.49373,1
1784418359.7608,213.85924,2544839315,0.49624,0.51090,1
1784418359.7672,213.86571,2544903954,0.50200,0.51056,1
1784418359.7742,213.87263,2544973210,0.50250,0.51262,1
1784418359.7806,213.87910,2545037895,0.50310,0.50396,1
1784418359.7873,213.88580,2545104958,0.49799,0.50292,1
1784418359.7943,213.89278,2545174749,0.49689,0.49524,1
1784418359.8007,213.89920,2545238863,0.49775,0.50158,1
1784418359.8077,213.90616,2545308514,0.49962,0.50277,1
1784418359.8145,213.91299,2545376855,0.49970,0.50346,1
1784418359.8211,213.91953,2545442115,0.49286,0.49028,1
1784418359.8275,213.92601,2545506973,0.49950,0.49770,1
1784418359.8345,213.93297,2545576555,0.49955,0.50020,1
1784418359.8409,213.93939,2545640864,0.50445,0.49809,1
1784418359.8476,213.94611,2545707919,0.49051,0.51685,1
1784418359.8546,213.95308,2545777726,0.49113,0.52172,1
1784418359.8613,213.95972,2545844081,0.49620,0.53904,1
1784418359.8680,213.96643,2545911163,0.50053,0.49767,1
1784418359.8748,213.97322,2545979157,0.50053,0.49507,1
1784418359.8814,213.97987,2546045691,0.49727,0.50765,1
1784418359.8883,213.98677,2546114669,0.49986,0.49111,1
1784418359.8949,213.99332,2546180122,0.49931,0.48609,1
1784418359.9012,213.99969,2546243869,0.49667,0.50558,1
1784418359.9081,214.00659,2546312861,0.49626,0.51153,1
1784418359.9149,214.01341,2546381001,0.49626,0.51153,1
1784418359.9216,214.02002,2546447075,0.49571,0.52579,1
1784418359.9280,214.02646,2546511568,0.49655,0.52759,1
1784418359.9347,214.03319,2546578839,0.49655,0.52759,1
1784418359.9417,214.04019,2546648808,0.49352,0.49970,1
1784418359.9481,214.04655,2546712400,0.49171,0.49664,1
1784418359.9551,214.05356,2546782452,0.49103,0.49101,1
1784418359.9615,214.05995,2546846415,0.48783,0.47514,1
1784418359.9684,214.06688,2546915749,0.48315,0.47021,1
1784418359.9751,214.07358,2546982650,0.48248,0.46704,1
1784418359.9818,214.08028,2547049654,0.49258,0.48545,1
1784418359.9883,214.08676,2547114538,0.48986,0.49499,1
1784418359.9950,214.09344,2547181431,0.49106,0.50301,1
1784418360.0017,214.10017,2547248726,0.49067,0.49979,1
1784418360.0084,214.10684,2547315361,0.49486,0.49590,1
1784418360.0153,214.11378,2547384767,0.49494,0.49661,1
1784418360.0218,214.12025,2547449479,0.49273,0.52312,1
1784418360.0287,214.12718,2547518790,0.50426,0.51725,1
1784418360.0352,214.13364,2547583302,0.50368,0.51180,1
1784418360.0422,214.14066,2547653399,0.50153,0.50458,1
1784418360.0490,214.14743,2547721238,0.49110,0.49299,1
1784418360.0556,214.15402,2547787187,0.49043,0.48747,1
1784418360.0622,214.16066,2547853488,0.48992,0.48314,1
1784418360.0691,214.16753,2547922153,0.48998,0.47453,1
1784418360.0756,214.17407,2547987567,0.48998,0.47453,1
1784418360.0824,214.18082,2548055028,0.49508,0.46937,1
1784418360.0888,214.18724,2548119258,0.49590,0.46788,1
1784418360.0957,214.19418,2548188747,0.49659,0.47616,1
1784418360.1022,214.20064,2548253259,0.48911,0.48179,1
1784418360.1091,214.20760,2548322887,0.49390,0.48364,1
1784418360.1156,214.21402,2548387092,0.49511,0.49191,1
1784418360.1223,214.22073,2548454180,0.49829,0.50760,1
1784418360.1292,214.22771,2548524016,0.49981,0.53511,1
1784418360.1357,214.23418,2548588705,0.49981,0.53511,1
1784418360.1423,214.24080,2548654963,0.50797,0.52128,1
1784418360.1490,214.24751,2548722018,0.51285,0.51926,1
1784418360.1560,214.25450,2548791951,0.51288,0.51641,1
1784418360.1627,214.26114,2548858363,0.50416,0.49026,1
1784418360.1694,214.26782,2548925136,0.50643,0.47283,1
1784418360.1762,214.27467,2548993632,0.50545,0.46499,1
1784418360.1828,214.28123,2549059183,0.51114,0.46053,1
1784418360.1892,214.28770,2549123883,0.51197,0.46445,1
1784418360.1959,214.29440,2549190903,0.51247,0.47029,1
1784418360.2026,214.30109,2549257823,0.50286,0.46892,1
1784418360.2093,214.30779,2549324794,0.51578,0.47036,1
1784418360.2163,214.31473,2549394187,0.51578,0.47036,1
1784418360.2227,214.32120,2549458810,0.50971,0.47381,1
1784418360.2296,214.32811,2549528022,0.51114,0.49006,1
1784418360.2364,214.33490,2549595972,0.51114,0.49006,1
1784418360.2428,214.34129,2549659895,0.50893,0.46901,1
1784418360.2498,214.34825,2549729350,0.51647,0.46918,1
1784418360.2565,214.35493,2549796294,0.51650,0.46620,1
1784418360.2633,214.36180,2549864996,0.51071,0.48400,1
1784418360.2696,214.36810,2549927909,0.50975,0.47004,1
1784418360.2766,214.37506,2549997450,0.50922,0.46716,1
1784418360.2830,214.38148,2550061738,0.50648,0.47146,1
1784418360.2899,214.38840,2550130840,0.50849,0.46051,1
1784418360.2964,214.39487,2550195608,0.50902,0.46639,1
1784418360.3033,214.40181,2550265076,0.51077,0.47118,1
1784418360.3102,214.40868,2550333722,0.51042,0.47374,1
1784418360.3165,214.41496,2550396504,0.51042,0.47374,1
1784418360.3234,214.42189,2550465832,0.51295,0.48797,1
1784418360.3303,214.42879,2550534758,0.51526,0.48863,1
1784418360.3369,214.43541,2550600956,0.51526,0.48863,1
1784418360.3435,214.44200,2550666870,0.49478,0.49148,1
1784418360.3503,214.44876,2550734550,0.49404,0.49870,1
1784418360.3567,214.45518,2550798688,0.49404,0.49870,1
1784418360.3636,214.46208,2550867742,0.49854,0.50913,1
1784418360.3701,214.46857,2550932612,0.49992,0.50913,1
1784418360.3768,214.47525,2550999448,0.49930,0.50361,1
1784418360.3837,214.48219,2551068873,0.48952,0.50527,1
1784418360.3902,214.48865,2551133379,0.48074,0.50054,1
1784418360.3972,214.49564,2551203217,0.48074,0.50054,1
1784418360.4036,214.50203,2551267250,0.48517,0.51147,1
1784418360.4103,214.50876,2551334485,0.48914,0.51500,1
1784418360.4170,214.51544,2551401312,0.48984,0.52042,1
1784418360.4239,214.52237,2551470566,0.49576,0.53085,1
1784418360.4308,214.52922,2551539138,0.49392,0.52483,1
1784418360.4371,214.53555,2551602474,0.49385,0.52210,1
1784418360.4441,214.54260,2551672926,0.50040,0.50956,1
1784418360.4507,214.54918,2551738696,0.50977,0.50269,1
1784418360.4578,214.55623,2551809221,0.50925,0.50245,1
1784418360.4642,214.56262,2551873073,0.50845,0.50884,1
1784418360.4708,214.56929,2551939885,0.51388,0.52206,1
1784418360.4773,214.57574,2552004297,0.51482,0.53227,1
1784418360.4842,214.58264,2552073378,0.50018,0.53640,1
1784418360.4909,214.58934,2552140256,0.48308,0.53340,1
1784418360.4974,214.59584,2552205248,0.48298,0.53097,1
1784418360.5043,214.60280,2552274854,0.49067,0.52575,1
1784418360.5108,214.60924,2552339242,0.49350,0.52048,1
1784418360.5177,214.61620,2552408849,0.49283,0.51290,1
1784418360.5242,214.62263,2552473229,0.50240,0.49974,1
1784418360.5312,214.62971,2552544103,0.50141,0.49195,1
1784418360.5375,214.63600,2552606862,0.50084,0.48921,1
1784418360.5445,214.64293,2552676213,0.50616,0.48772,1
1784418360.5509,214.64941,2552741091,0.50978,0.49226,1
1784418360.5579,214.65633,2552810151,0.51030,0.49786,1
1784418360.5643,214.66281,2552875002,0.50243,0.49732,1
1784418360.5710,214.66951,2552941955,0.50554,0.49914,1
1784418360.5777,214.67619,2553008877,0.50554,0.49914,1
1784418360.5844,214.68289,2553075801,0.50297,0.49912,1
1784418360.5914,214.68983,2553145310,0.50733,0.50579,1
1784418360.5978,214.69630,2553209928,0.50733,0.50579,1
1784418360.6048,214.70326,2553279461,0.50814,0.50847,1
1784418360.6112,214.70970,2553343950,0.50677,0.50754,1
1784418360.6181,214.71661,2553412992,0.50677,0.50754,1
1784418360.6250,214.72343,2553481277,0.49764,0.48953,1
1784418360.6316,214.73004,2553547273,0.48610,0.49847,1
1784418360.6384,214.73686,2553615599,0.48610,0.49847,1
1784418360.6450,214.74350,2553681931,0.48842,0.47820,1
1784418360.6514,214.74988,2553745647,0.49019,0.47739,1
1784418360.6581,214.75659,2553812782,0.49019,0.47739,1
1784418360.6648,214.76328,2553879710,0.48866,0.48565,1
1784418360.6715,214.76997,2553946659,0.49755,0.48295,1
1784418360.6786,214.77702,2554017210,0.49755,0.48295,1
1784418360.6851,214.78358,2554082829,0.49806,0.48458,1
1784418360.6920,214.79047,2554151511,0.50754,0.48173,1
1784418360.6983,214.79675,2554214512,0.50749,0.47867,1
1784418360.7052,214.80370,2554283814,0.51126,0.48986,1
1784418360.7117,214.81018,2554348730,0.50912,0.48316,1
1784418360.7184,214.81688,2554415693,0.50904,0.48536,1
1784418360.7251,214.82356,2554482507,0.50064,0.49395,1
1784418360.7318,214.83028,2554549662,0.50047,0.51101,1
1784418360.7388,214.83727,2554619635,0.50108,0.51657,1
1784418360.7452,214.84366,2554683470,0.49236,0.50588,1
1784418360.7522,214.85071,2554754027,0.49238,0.50269,1
1784418360.7586,214.85706,2554817531,0.49178,0.49777,1
1784418360.7655,214.86401,2554887090,0.48720,0.49355,1
1784418360.7720,214.87047,2554951525,0.48435,0.50169,1
1784418360.7789,214.87737,2555020569,0.48361,0.49611,1
1784418360.7854,214.88383,2555085273,0.48248,0.49243,1
1784418360.7923,214.89076,2555154499,0.48065,0.50568,1
1784418360.7988,214.89723,2555219256,0.47989,0.50028,1
1784418360.8057,214.90419,2555288781,0.48011,0.48436,1
1784418360.8125,214.91092,2555356108,0.47864,0.48011,1
1784418360.8193,214.91774,2555424384,0.47864,0.48011,1
1784418360.8259,214.92436,2555490536,0.48179,0.48791,1
1784418360.8325,214.93097,2555556540,0.48626,0.46947,1
1784418360.8392,214.93767,2555623555,0.48696,0.47514,1
1784418360.8457,214.94417,2555688536,0.49048,0.49876,1
1784418360.8524,214.95084,2555755276,0.49837,0.48047,1
1784418360.8594,214.95782,2555825120,0.49899,0.48620,1
1784418360.8658,214.96422,2555889068,0.50264,0.48858,1
1784418360.8727,214.97118,2555958621,0.50574,0.49213,1
1784418360.8792,214.97765,2556023337,0.50574,0.49213,1
1784418360.8858,214.98431,2556090068,0.51103,0.49250,1
1784418360.8928,214.99126,2556159467,0.51344,0.49721,1
1784418360.8993,214.99773,2556224120,0.51344,0.49721,1
1784418360.9062,215.00464,2556293239,0.51127,0.49259,1
1784418360.9129,215.01134,2556360234,0.51297,0.48725,1
1784418360.9196,215.01804,2556427232,0.51297,0.48725,1
1784418360.9260,215.02451,2556492002,0.48865,0.48419,1
1784418360.9327,215.03120,2556558898,0.48991,0.48545,1
1784418360.9398,215.03822,2556629134,0.48991,0.48545,1
1784418360.9462,215.04463,2556693177,0.49490,0.48392,1
1784418360.9532,215.05167,2556763575,0.49744,0.48373,1
1784418360.9595,215.05800,2556826824,0.49744,0.48373,1
1784418360.9665,215.06499,2556896820,0.50286,0.49245,1
1784418360.9732,215.07162,2556963226,0.50724,0.49394,1
1784418360.9798,215.07831,2557030068,0.50725,0.49649,1
1784418360.9863,215.08479,2557094805,0.50946,0.49875,1
1784418360.9932,215.09171,2557163999,0.51163,0.49527,1
1784418361.0000,215.09851,2557231989,0.51209,0.50031,1
1784418361.0067,215.10512,2557298027,0.51373,0.51113,1
1784418361.0134,215.11188,2557365622,0.51591,0.50571,1
1784418361.0207,215.11913,2557438152,0.51592,0.50322,1
1784418361.0268,215.12523,2557499196,0.51282,0.52673,1
1784418361.0332,215.13168,2557563763,0.51217,0.52025,1
1784418361.0401,215.13860,2557632919,0.51171,0.51258,1
1784418361.0466,215.14508,2557697650,0.51032,0.50066,1
1784418361.0533,215.15178,2557764701,0.50958,0.49058,1
1784418361.0603,215.15872,2557834093,0.50905,0.48502,1
1784418361.0669,215.16539,2557900828,0.50787,0.47839,1
1784418361.0736,215.17209,2557967845,0.50659,0.47556,1
1784418361.0801,215.17859,2558032738,0.50659,0.47556,1
1784418361.0868,215.18527,2558099643,0.50564,0.46640,1
1784418361.0938,215.19225,2558169357,0.50579,0.46701,1
1784418361.1002,215.19865,2558233511,0.50579,0.46999,1
1784418361.1071,215.20560,2558302953,0.50845,0.47104,1
1784418361.1136,215.21207,2558367540,0.50642,0.49672,1
1784418361.1203,215.21878,2558434654,0.50697,0.50228,1
1784418361.1270,215.22548,2558501674,0.50591,0.49622,1
1784418361.1339,215.23239,2558570754,0.49988,0.49462,1
1784418361.1404,215.23885,2558635356,0.49988,0.49462,1
1784418361.1471,215.24557,2558702592,0.46323,0.50919,1
1784418361.1541,215.25256,2558772582,0.47918,0.50330,1
1784418361.1605,215.25896,2558836522,0.47918,0.50330,1
1784418361.1674,215.26587,2558905570,0.46301,0.49894,1
1784418361.1739,215.27235,2558970446,0.45833,0.49990,1
1784418361.1808,215.27927,2559039571,0.45833,0.49990,1
1784418361.1873,215.28575,2559104436,0.45635,0.49525,1
1784418361.1942,215.29266,2559173529,0.45102,0.49165,1
1784418361.2010,215.29944,2559241234,0.45102,0.49165,1
1784418361.2076,215.30611,2559307905,0.45162,0.49055,1
1784418361.2147,215.31314,2559378249,0.44837,0.49230,1
1784418361.2208,215.31924,2559439349,0.44837,0.49230,1
1784418361.2275,215.32594,2559506275,0.44772,0.49197,1
1784418361.2342,215.33264,2559573284,0.44956,0.48956,1
1784418361.2411,215.33960,2559642872,0.44956,0.48956,1
1784418361.2476,215.34602,2559707118,0.45131,0.48717,1
1784418361.2546,215.35306,2559777447,0.45273,0.48459,1
1784418361.2610,215.35942,2559841097,0.45294,0.48708,1
1784418361.2680,215.36649,2559911746,0.45658,0.49952,1
1784418361.2744,215.37282,2559975044,0.45930,0.50110,1
1784418361.2813,215.37976,2560044474,0.46100,0.51107,1
1784418361.2878,215.38623,2560109162,0.46438,0.52739,1
1784418361.2944,215.39291,2560176064,0.46642,0.53410,1
1784418361.3014,215.39987,2560245703,0.46726,0.53900,1
1784418361.3083,215.40674,2560314309,0.46705,0.54539,1
1784418361.3149,215.41338,2560380724,0.46771,0.52588,1
1784418361.3213,215.41972,2560444110,0.46688,0.52087,1
1784418361.3282,215.42667,2560513597,0.46789,0.52735,1
1784418361.3346,215.43311,2560577919,0.46436,0.52719,1
1784418361.3416,215.44002,2560647118,0.46353,0.52231,1
1784418361.3480,215.44650,2560711876,0.46481,0.50596,1
1784418361.3548,215.45322,2560779089,0.45878,0.51354,1
1784418361.3614,215.45990,2560845912,0.45878,0.51354,1
1784418361.3681,215.46660,2560912959,0.45623,0.51106,1
1784418361.3753,215.47375,2560984524,0.45438,0.51356,1
1784418361.3818,215.48022,2561049139,0.45438,0.51356,1
1784418361.3886,215.48708,2561117692,0.45166,0.51533,1
1784418361.3952,215.49362,2561183154,0.44986,0.51189,1
1784418361.4022,215.50067,2561253668,0.44934,0.50636,1
1784418361.4083,215.50677,2561314679,0.44375,0.49310,1
1784418361.4153,215.51372,2561384088,0.43619,0.47574,1
1784418361.4217,215.52017,2561448701,0.43406,0.46497,1
1784418361.4286,215.52710,2561517889,0.44516,0.49248,1
1784418361.4351,215.53358,2561582814,0.42685,0.48576,1
1784418361.4421,215.54060,2561652948,0.42719,0.48852,1
1784418361.4485,215.54697,2561716533,0.44070,0.47763,1
1784418361.4554,215.55389,2561785838,0.43862,0.48043,1
1784418361.4619,215.56038,2561850752,0.43997,0.48866,1
1784418361.4688,215.56729,2561919771,0.43485,0.50565,1
1784418361.4753,215.57378,2561984606,0.43769,0.52232,1
1784418361.4820,215.58047,2562051648,0.43813,0.52179,1
1784418361.4890,215.58743,2562121288,0.42825,0.51305,1
1784418361.4954,215.59386,2562185516,0.42926,0.51481,1
1784418361.5023,215.60078,2562254689,0.42734,0.50753,1
1784418361.5088,215.60725,2562319407,0.43155,0.49301,1
1784418361.5155,215.61397,2562386584,0.42443,0.51006,1
1784418361.5222,215.62067,2562453575,0.42566,0.51549,1
1784418361.5291,215.62758,2562522630,0.43320,0.50920,1
1784418361.5359,215.63438,2562590776,0.42836,0.51022,1
1784418361.5423,215.64075,2562654362,0.42836,0.51022,1
1784418361.5492,215.64767,2562723587,0.43803,0.52177,1
1784418361.5557,215.65417,2562788632,0.43460,0.52643,1
1784418361.5624,215.66086,2562855466,0.43426,0.52367,1
1784418361.5694,215.66786,2562925590,0.43792,0.52079,1
1784418361.5760,215.67448,2562991697,0.43141,0.51466,1
1784418361.5829,215.68132,2563060160,0.43024,0.50932,1
1784418361.5896,215.68806,2563127540,0.42789,0.50971,1
1784418361.5961,215.69456,2563192619,0.42784,0.48960,1
1784418361.6026,215.70103,2563257244,0.42784,0.48960,1
1784418361.6093,215.70773,2563324276,0.43196,0.49437,1
1784418361.6162,215.71471,2563393953,0.43559,0.47738,1
1784418361.6227,215.72115,2563458413,0.43656,0.48227,1
1784418361.6297,215.72813,2563528314,0.42986,0.48897,1
1784418361.6360,215.73451,2563592048,0.43412,0.49545,1
1784418361.6430,215.74147,2563661639,0.43445,0.49833,1
1784418361.6495,215.74794,2563726313,0.43204,0.50186,1
1784418361.6564,215.75484,2563795293,0.42370,0.52141,1
1784418361.6632,215.76169,2563863774,0.42293,0.51920,1
1784418361.6698,215.76823,2563929283,0.42158,0.51433,1
1784418361.6762,215.77470,2563993969,0.42924,0.50227,1
1784418361.6832,215.78163,2564063233,0.43002,0.50465,1
1784418361.6899,215.78838,2564130689,0.42892,0.49235,1
1784418361.6963,215.79480,2564194851,0.43226,0.51505,1
1784418361.7034,215.80190,2564265902,0.43241,0.51573,1
1784418361.7097,215.80820,2564328892,0.42981,0.50714,1
1784418361.7167,215.81516,2564398485,0.45713,0.50420,1
1784418361.7231,215.82161,2564463014,0.45695,0.50126,1
1784418361.7301,215.82852,2564532133,0.46160,0.49916,1
1784418361.7365,215.83499,2564596789,0.45464,0.49044,1
1784418361.7432,215.84171,2564664004,0.45386,0.48779,1
1784418361.7502,215.84862,2564733047,0.46752,0.48752,1
1784418361.7569,215.85532,2564800059,0.45978,0.49438,1
1784418361.7636,215.86208,2564867626,0.46049,0.49703,1
1784418361.7701,215.86852,2564932088,0.47197,0.49433,1
1784418361.7771,215.87553,2565002187,0.47390,0.49080,1
1784418361.7836,215.88211,2565068086,0.47309,0.48524,1
1784418361.7903,215.88881,2565135035,0.46764,0.48200,1
1784418361.7971,215.89560,2565202894,0.45747,0.47916,1
1784418361.8035,215.90198,2565266623,0.45770,0.48204,1
1784418361.8105,215.90892,2565336150,0.45961,0.49149,1
1784418361.8171,215.91560,2565402873,0.46369,0.49339,1
1784418361.8236,215.92209,2565467753,0.46387,0.49589,1
1784418361.8306,215.92905,2565537419,0.45952,0.49832,1
1784418361.8370,215.93547,2565601547,0.45969,0.49682,1
1784418361.8439,215.94241,2565671080,0.46052,0.50171,1
1784418361.8504,215.94887,2565735619,0.46797,0.51751,1
1784418361.8573,215.95578,2565804749,0.47113,0.52095,1
1784418361.8638,215.96228,2565869686,0.47187,0.52400,1
1784418361.8705,215.96898,2565936650,0.47662,0.51808,1
1784418361.8775,215.97592,2566006191,0.47684,0.51328,1
1784418361.8841,215.98259,2566072830,0.47600,0.50559,1
1784418361.8909,215.98933,2566140180,0.46724,0.50005,1
1784418361.8973,215.99576,2566204502,0.45879,0.49457,1
1784418361.9042,216.00269,2566273743,0.45785,0.48905,1
1784418361.9107,216.00917,2566338618,0.45538,0.48744,1
1784418361.9174,216.01585,2566405449,0.46702,0.48744,1
1784418361.9244,216.02283,2566475108,0.46702,0.48744,1
1784418361.9308,216.02927,2566539537,0.46509,0.48441,1
1784418361.9377,216.03621,2566609005,0.47867,0.44992,1
1784418361.9442,216.04265,2566673457,0.47877,0.45290,1
1784418361.9514,216.04982,2566745179,0.46346,0.41930,1
1784418361.9578,216.05627,2566809591,0.46697,0.40192,1
1784418361.9647,216.06314,2566878370,0.46797,0.41118,1
1784418361.9710,216.06944,2566941342,0.47000,0.42374,1
1784418361.9779,216.07637,2567010658,0.47847,0.42005,1
1784418361.9844,216.08284,2567075258,0.47917,0.42568,1
1784418361.9913,216.08977,2567144526,0.47760,0.42663,1
1784418361.9978,216.09622,2567209115,0.47825,0.42699,1
1784418362.0045,216.10294,2567276201,0.47812,0.42407,1
1784418362.0114,216.10989,2567345886,0.47871,0.41992,1
1784418362.0179,216.11633,2567410208,0.48027,0.41874,1
1784418362.0248,216.12331,2567479921,0.47945,0.40981,1
1784418362.0313,216.12973,2567544265,0.48044,0.38421,1
1784418362.0382,216.13664,2567613322,0.47365,0.38321,1
1784418362.0447,216.14316,2567678481,0.47205,0.37022,1
1784418362.0516,216.15004,2567747341,0.45228,0.36867,1
1784418362.0580,216.15651,2567812006,0.45254,0.36074,1
1784418362.0648,216.16322,2567879070,0.45279,0.36415,1
1784418362.0717,216.17017,2567948595,0.45052,0.38636,1
1784418362.0781,216.17659,2568012854,0.45446,0.40281,1
1784418362.0853,216.18378,2568084618,0.45638,0.41545,1
1784418362.0915,216.18999,2568146805,0.46197,0.42158,1
1784418362.0985,216.19695,2568216365,0.46457,0.42054,1
1784418362.1052,216.20364,2568283292,0.46552,0.42895,1
1784418362.1118,216.21031,2568350065,0.47403,0.44522,1
1784418362.1183,216.21678,2568414776,0.47935,0.44042,1
1784418362.1250,216.22351,2568482005,0.47980,0.43986,1
1784418362.1320,216.23045,2568551474,0.48353,0.43330,1
1784418362.1387,216.23712,2568618089,0.48630,0.39671,1
1784418362.1455,216.24399,2568686735,0.48433,0.37884,1
1784418362.1521,216.25053,2568752234,0.47418,0.41075,1
1784418362.1592,216.25763,2568823233,0.45294,0.40984,1
1784418362.1652,216.26370,2568883902,0.45312,0.41303,1
1784418362.1723,216.27081,2568955046,0.46097,0.41746,1
1784418362.1786,216.27708,2569017811,0.45028,0.42684,1
1784418362.1856,216.28409,2569087786,0.45128,0.43300,1
1784418362.1920,216.29048,2569151745,0.45727,0.43378,1
1784418362.1989,216.29739,2569220841,0.45868,0.43541,1
1784418362.2054,216.30388,2569285749,0.45868,0.43541,1
1784418362.2121,216.31058,2569352759,0.46476,0.42936,1
1784418362.2191,216.31758,2569422671,0.46930,0.43192,1
1784418362.2255,216.32397,2569486624,0.47005,0.43735,1
1784418362.2325,216.33095,2569556453,0.47540,0.43946,1
1784418362.2389,216.33739,2569620762,0.47840,0.43947,1
1784418362.2459,216.34441,2569690942,0.47825,0.43626,1
1784418362.2523,216.35077,2569754573,0.47861,0.42257,1
1784418362.2592,216.35770,2569823910,0.47714,0.41547,1
1784418362.2657,216.36418,2569888697,0.47581,0.40694,1
1784418362.2724,216.37086,2569955577,0.46991,0.40210,1
1784418362.2791,216.37755,2570022461,0.46945,0.40964,1
1784418362.2858,216.38425,2570089422,0.47104,0.42149,1
1784418362.2927,216.39119,2570158824,0.47302,0.43218,1
1784418362.2992,216.39766,2570223493,0.47665,0.43148,1
1784418362.3059,216.40436,2570290445,0.47665,0.43148,1
1784418362.3126,216.41104,2570357333,0.47492,0.42845,1
1784418362.3195,216.41797,2570426619,0.46643,0.42168,1
1784418362.3263,216.42473,2570494251,0.46565,0.41613,1
1784418362.3329,216.43137,2570560621,0.46284,0.41653,1
1784418362.3398,216.43823,2570629268,0.47534,0.41949,1
1784418362.3463,216.44478,2570694658,0.47453,0.41317,1
1784418362.3531,216.45152,2570762119,0.47162,0.40755,1
1784418362.3595,216.45793,2570826237,0.46903,0.40264,1
1784418362.3664,216.46489,2570895871,0.46903,0.40264,1
1784418362.3729,216.47133,2570960181,0.46884,0.40432,1
1784418362.3796,216.47804,2571027294,0.48340,0.42329,1
1784418362.3866,216.48505,2571097349,0.48414,0.42951,1
1784418362.3932,216.49165,2571163497,0.48305,0.42678,1
1784418362.3997,216.49814,2571228232,0.47517,0.42376,1
1784418362.4063,216.50481,2571295019,0.47528,0.42658,1
1784418362.4134,216.51183,2571365206,0.52718,0.43415,1
1784418362.4198,216.51822,2571429026,0.56916,0.42838,1
1784418362.4267,216.52516,2571498582,0.56963,0.42761,1
1784418362.4332,216.53162,2571563023,0.60023,0.41436,1
1784418362.4401,216.53853,2571632260,0.61406,0.40079,1
1784418362.4465,216.54501,2571697017,0.61395,0.39512,1
1784418362.4532,216.55171,2571763969,0.60758,0.40528,1
1784418362.4602,216.55870,2571833936,0.60826,0.41887,1
1784418362.4666,216.56509,2571897877,0.60745,0.43644,1
1784418362.4736,216.57208,2571967672,0.60956,0.43816,1
1784418362.4801,216.57852,2572032129,0.60585,0.46398,1
1784418362.4871,216.58553,2572102151,0.60560,0.46948,1
1784418362.4934,216.59189,2572165800,0.60346,0.45246,1
1784418362.5004,216.59882,2572235099,0.60643,0.45357,1
1784418362.5069,216.60532,2572300035,0.60643,0.45357,1
1784418362.5138,216.61224,2572369382,0.60403,0.45396,1
1784418362.5206,216.61906,2572437590,0.60421,0.45747,1
1784418362.5272,216.62567,2572503635,0.60452,0.45469,1
1784418362.5340,216.63248,2572571632,0.60506,0.44795,1
1784418362.5406,216.63904,2572637255,0.60440,0.44312,1
1784418362.5470,216.64549,2572701779,0.60456,0.43470,1
1784418362.5537,216.65219,2572768840,0.60161,0.41531,1
1784418362.5604,216.65889,2572835807,0.60056,0.41469,1
1784418362.5671,216.66560,2572902907,0.60086,0.41176,1
1784418362.5742,216.67267,2572973657,0.60065,0.41327,1
1784418362.5805,216.67896,2573036534,0.60369,0.41076,1
1784418362.5874,216.68591,2573106043,0.60391,0.40508,1
1784418362.5939,216.69238,2573170718,0.60374,0.39697,1
1784418362.6009,216.69939,2573240724,0.60537,0.40421,1
1784418362.6073,216.70578,2573304684,0.60506,0.40712,1
1784418362.6140,216.71249,2573371862,0.60839,0.42100,1
1784418362.6207,216.71916,2573438585,0.59825,0.42684,1
1784418362.6274,216.72588,2573505687,0.59788,0.43803,1
1784418362.6343,216.73279,2573574793,0.60175,0.45131,1
1784418362.6408,216.73927,2573639570,0.60122,0.45819,1
1784418362.6477,216.74620,2573708981,0.60122,0.45819,1
1784418362.6542,216.75267,2573773587,0.60612,0.43764,1
1784418362.6611,216.75957,2573842629,0.60838,0.43307,1
1784418362.6676,216.76605,2573907370,0.60864,0.42741,1
1784418362.6743,216.77278,2573974652,0.61223,0.42788,1
1784418362.6810,216.77945,2574041410,0.61332,0.42773,1
1784418362.6877,216.78616,2574108593,0.61363,0.42478,1
1784418362.6948,216.79324,2574179337,0.60951,0.42961,1
1784418362.7011,216.79956,2574242506,0.60816,0.42959,1
1784418362.7080,216.80649,2574311817,0.60907,0.41451,1
1784418362.7149,216.81337,2574380582,0.59270,0.39201,1
1784418362.7215,216.81993,2574446284,0.59580,0.37770,1
1784418362.7279,216.82635,2574510447,0.59614,0.36492,1
1784418362.7348,216.83330,2574579905,0.59752,0.35812,1
1784418362.7413,216.83974,2574644221,0.59959,0.35754,1
1784418362.7480,216.84645,2574711375,0.59907,0.36726,1
1784418362.7549,216.85341,2574780924,0.59944,0.38189,1
1784418362.7614,216.85982,2574845143,0.60058,0.39623,1
1784418362.7684,216.86682,2574915131,0.60014,0.40903,1
1784418362.7748,216.87323,2574979190,0.59294,0.40957,1
1784418362.7817,216.88020,2575048876,0.59452,0.40086,1
1784418362.7881,216.88661,2575113099,0.59429,0.40376,1
1784418362.7953,216.89374,2575184319,0.59897,0.40805,1
1784418362.8016,216.90002,2575247169,0.59706,0.41550,1
1784418362.8085,216.90700,2575316912,0.59688,0.42118,1
1784418362.8154,216.91385,2575385417,0.59591,0.42417,1
1784418362.8219,216.92035,2575450352,0.60070,0.42234,1
1784418362.8284,216.92682,2575515061,0.60050,0.42804,1
1784418362.8353,216.93373,2575584194,0.60163,0.43987,1
1784418362.8418,216.94023,2575649296,0.60084,0.44821,1
1784418362.8488,216.94730,2575719931,0.60063,0.45384,1
1784418362.8551,216.95361,2575783012,0.60282,0.44411,1
1784418362.8622,216.96063,2575853238,0.60279,0.43856,1
1784418362.8685,216.96701,2575917005,0.60302,0.43281,1
1784418362.8755,216.97392,2575986185,0.59803,0.43255,1
1784418362.8819,216.98041,2576051035,0.59706,0.43277,1
1784418362.8887,216.98715,2576118386,0.59754,0.42412,1
1784418362.8957,216.99416,2576188463,0.56580,0.40457,1
1784418362.9023,217.00081,2576255023,0.55564,0.42099,1
1784418362.9090,217.00743,2576321221,0.55550,0.41540,1
1784418362.9160,217.01443,2576391192,0.53234,0.39908,1
1784418362.9221,217.02060,2576452915,0.53254,0.39805,1
1784418362.9290,217.02751,2576522029,0.53264,0.39461,1
1784418362.9355,217.03401,2576587032,0.51742,0.39055,1
1784418362.9422,217.04068,2576653719,0.51196,0.38830,1
1784418362.9492,217.04765,2576723418,0.51097,0.37539,1
1784418362.9556,217.05408,2576787714,0.52561,0.37181,1
1784418362.9626,217.06102,2576857126,0.52008,0.36070,1
1784418362.9690,217.06749,2576921811,0.52004,0.36707,1
1784418362.9760,217.07445,2576991330,0.53956,0.39069,1
1784418362.9824,217.08089,2577055736,0.53787,0.39848,1
1784418362.9894,217.08786,2577125488,0.53870,0.41716,1
1784418362.9958,217.09425,2577189511,0.53639,0.42756,1
1784418363.0025,217.10098,2577256684,0.53671,0.42648,1
1784418363.0095,217.10800,2577326986,0.53671,0.42648,1
1784418363.0159,217.11440,2577390799,0.53039,0.42869,1
1784418363.0226,217.12106,2577457584,0.52890,0.43173,1
1784418363.0293,217.12776,2577524497,0.52924,0.43735,1
1784418363.0363,217.13472,2577594181,0.52643,0.44648,1
1784418363.0427,217.14116,2577658510,0.52645,0.45479,1
1784418363.0497,217.14816,2577728556,0.52681,0.46035,1
1784418363.0561,217.15454,2577792364,0.52668,0.44443,1
1784418363.0630,217.16151,2577862123,0.52723,0.44750,1
1784418363.0695,217.16795,2577926498,0.52723,0.44750,1
1784418363.0764,217.17487,2577995580,0.52702,0.44473,1
1784418363.0832,217.18163,2578063098,0.52670,0.43960,1
1784418363.0898,217.18826,2578129544,0.52673,0.43660,1
1784418363.0967,217.19519,2578198752,0.53067,0.43245,1
1784418363.1035,217.20193,2578266218,0.53324,0.44734,1
1784418363.1098,217.20825,2578329482,0.53293,0.44178,1
1784418363.1166,217.21509,2578397754,0.53570,0.43084,1
1784418363.1231,217.22153,2578462217,0.53730,0.45386,1
1784418363.1298,217.22823,2578529167,0.53703,0.44842,1
1784418363.1367,217.23517,2578598662,0.52959,0.42010,1
1784418363.1432,217.24162,2578663114,0.53364,0.41899,1
1784418363.1501,217.24860,2578732887,0.53335,0.41340,1
1784418363.1566,217.25502,2578797090,0.53011,0.40332,1
1784418363.1635,217.26195,2578866423,0.52424,0.40598,1
1784418363.1700,217.26842,2578931063,0.52383,0.40252,1
1784418363.1767,217.27515,2578998400,0.51733,0.40121,1
1784418363.1836,217.28207,2579067608,0.51698,0.39102,1
1784418363.1901,217.28853,2579132187,0.51739,0.39372,1
1784418363.1970,217.29544,2579201254,0.52699,0.40268,1
1784418363.2035,217.30194,2579266274,0.53164,0.40218,1
1784418363.2105,217.30901,2579336982,0.53134,0.39650,1
1784418363.2171,217.31552,2579402189,0.52592,0.38710,1
1784418363.2238,217.32228,2579469680,0.53078,0.38411,1
1784418363.2302,217.32870,2579533897,0.53078,0.38411,1
1784418363.2372,217.33562,2579603123,0.52312,0.38965,1
1784418363.2436,217.34209,2579667846,0.51568,0.39513,1
1784418363.2503,217.34880,2579734990,0.51617,0.40457,1
1784418363.2570,217.35550,2579801901,0.52316,0.41362,1
1784418363.2640,217.36243,2579871212,0.52798,0.41968,1
1784418363.2707,217.36916,2579938445,0.52831,0.42532,1
1784418363.2775,217.37596,2580006452,0.53378,0.42936,1
1784418363.2842,217.38271,2580073931,0.54142,0.43248,1
1784418363.2909,217.38939,2580140746,0.54142,0.43248,1
1784418363.2973,217.39575,2580204461,0.57251,0.43777,1
1784418363.3043,217.40276,2580274445,0.58664,0.42754,1
1784418363.3109,217.40932,2580340130,0.58695,0.42462,1
1784418363.3173,217.41579,2580404722,0.60055,0.42326,1
1784418363.3240,217.42249,2580471832,0.60066,0.41571,1
1784418363.3310,217.42947,2580541588,0.60031,0.41858,1
1784418363.3381,217.43655,2580612399,0.60617,0.43428,1
1784418363.3444,217.44284,2580675337,0.59300,0.45114,1
1784418363.3508,217.44926,2580739522,0.59363,0.44408,1
1784418363.3577,217.45619,2580808886,0.59063,0.42624,1
1784418363.3642,217.46268,2580873751,0.59981,0.40465,1
1784418363.3711,217.46959,2580942818,0.59956,0.39902,1
1784418363.3776,217.47606,2581007553,0.61391,0.41763,1
1784418363.3845,217.48299,2581076773,0.59935,0.42875,1
1784418363.3914,217.48988,2581145811,0.59924,0.43789,1
1784418363.3977,217.49617,2581208587,0.59228,0.43006,1
1784418363.4047,217.50316,2581278532,0.60035,0.39933,1
1784418363.4111,217.50955,2581342419,0.60054,0.39367,1
1784418363.4180,217.51648,2581411659,0.59293,0.38898,1
1784418363.4245,217.52295,2581476367,0.59260,0.40392,1
1784418363.4312,217.52966,2581543549,0.59260,0.40392,1
1784418363.4382,217.53662,2581613054,0.58787,0.40001,1
1784418363.4446,217.54306,2581677487,0.59842,0.39326,1
1784418363.4516,217.55005,2581747376,0.59813,0.39622,1
1784418363.4582,217.55667,2581813614,0.60766,0.41471,1
1784418363.4649,217.56340,2581880975,0.61049,0.44287,1
1784418363.4718,217.57030,2581949845,0.61025,0.45186,1
1784418363.4785,217.57695,2582016342,0.60800,0.44322,1
1784418363.4848,217.58325,2582079468,0.60042,0.42921,1
1784418363.4917,217.59019,2582148848,0.60138,0.40835,1
1784418363.4982,217.59665,2582213384,0.59635,0.40234,1
1784418363.5052,217.60367,2582283635,0.59593,0.38501,1
1784418363.5116,217.61002,2582347143,0.59599,0.37565,1
1784418363.5185,217.61694,2582416412,0.59059,0.38995,1
1784418363.5253,217.62378,2582484756,0.59076,0.39882,1
1784418363.5319,217.63034,2582550380,0.59023,0.41408,1
1784418363.5384,217.63683,2582615151,0.59067,0.42469,1
1784418363.5451,217.64354,2582682294,0.59377,0.43975,1
1784418363.5521,217.65053,2582752121,0.59345,0.45142,1
1784418363.5585,217.65692,2582816059,0.59218,0.45397,1
1784418363.5654,217.66385,2582885393,0.59411,0.44638,1
1784418363.5721,217.67053,2582952270,0.59411,0.44638,1
1784418363.5788,217.67729,2583019772,0.59397,0.44528,1
1784418363.5853,217.68372,2583084070,0.60030,0.44508,1
1784418363.5922,217.69064,2583153289,0.60010,0.45060,1
1784418363.5987,217.69713,2583218158,0.60481,0.45168,1
1784418363.6056,217.70403,2583287177,0.60434,0.45224,1
1784418363.6120,217.71049,2583351891,0.60467,0.44931,1
1784418363.6187,217.71721,2583419006,0.59219,0.43999,1
1784418363.6257,217.72418,2583488665,0.59590,0.42791,1
1784418363.6321,217.73061,2583552901,0.59657,0.41342,1
1784418363.6392,217.73766,2583623451,0.60483,0.39887,1
1784418363.6456,217.74403,2583687219,0.60142,0.40734,1
1784418363.6525,217.75096,2583756529,0.60130,0.40101,1
1784418363.6593,217.75781,2583825087,0.59539,0.40011,1
1784418363.6660,217.76443,2583891296,0.58786,0.40392,1
1784418363.6724,217.77083,2583955146,0.58753,0.42137,1
1784418363.6793,217.77774,2584024244,0.59481,0.42685,1
1784418363.6857,217.78418,2584088752,0.59743,0.43758,1
1784418363.6924,217.79089,2584155830,0.59732,0.44671,1
1784418363.6994,217.79782,2584225186,0.59987,0.45875,1
1784418363.7060,217.80450,2584291941,0.60055,0.45183,1
1784418363.7128,217.81123,2584359189,0.60128,0.43754,1
1784418363.7192,217.81769,2584423760,0.59487,0.40671,1
1784418363.7261,217.82460,2584492909,0.59666,0.39173,1
1784418363.7326,217.83109,2584557690,0.59701,0.37956,1
1784418363.7396,217.83803,2584627125,0.60088,0.38470,1
1784418363.7460,217.84448,2584691723,0.59804,0.38352,1
1784418363.7529,217.85139,2584760889,0.59804,0.38352,1
1784418363.7597,217.85818,2584828772,0.60111,0.39833,1
1784418363.7664,217.86484,2584895226,0.60175,0.40321,1
1784418363.7732,217.87163,2584963248,0.60175,0.40321,1
1784418363.7797,217.87820,2585028901,0.60101,0.39024,1
1784418363.7862,217.88466,2585093491,0.60085,0.37272,1
1784418363.7929,217.89137,2585160641,0.60085,0.37272,1
1784418363.7999,217.89833,2585230205,0.60074,0.38047,1
1784418363.8063,217.90474,2585294332,0.60183,0.38568,1
1784418363.8132,217.91168,2585363661,0.60183,0.38568,1
1784418363.8197,217.91817,2585428619,0.60250,0.38750,1
1784418363.8266,217.92508,2585497688,0.60120,0.39052,1
1784418363.8334,217.93185,2585565512,0.60120,0.39052,1
1784418363.8400,217.93851,2585632004,0.60024,0.38419,1
1784418363.8468,217.94527,2585699536,0.60152,0.38420,1
1784418363.8537,217.95216,2585768568,0.60117,0.38760,1
1784418363.8605,217.95897,2585836586,0.59833,0.39520,1
1784418363.8669,217.96535,2585900356,0.59555,0.40198,1
1784418363.8737,217.97218,2585968777,0.59537,0.40839,1
1784418363.8803,217.97876,2586034446,0.59586,0.40816,1
1784418363.8871,217.98552,2586102130,0.59500,0.40762,1
1784418363.8934,217.99184,2586165293,0.59500,0.40762,1
1784418363.9001,217.99854,2586232201,0.59630,0.40654,1
1784418363.9068,218.00525,2586299363,0.63066,0.42192,1
1784418363.9137,218.01218,2586368661,0.63066,0.42192,1
1784418363.9202,218.01865,2586433383,0.63541,0.41599,1
1784418363.9271,218.02554,2586502342,0.65148,0.41644,1
1784418363.9336,218.03203,2586567152,0.65148,0.41644,1
1784418363.9405,218.03894,2586636316,0.64707,0.41038,1
1784418363.9470,218.04544,2586701243,0.64827,0.40629,1
1784418363.9537,218.05214,2586768308,0.64827,0.40629,1
1784418363.9606,218.05908,2586837774,0.64931,0.40957,1
1784418363.9671,218.06554,2586902267,0.64771,0.40816,1
1784418363.9740,218.07243,2586971224,0.64771,0.40816,1
1784418363.9804,218.07890,2587036018,0.64827,0.40560,1
1784418363.9872,218.08563,2587103184,0.64720,0.40369,1
1784418363.9938,218.09230,2587169927,0.64720,0.40369,1
1784418364.0005,218.09898,2587236787,0.64711,0.41992,1
1784418364.0074,218.10591,2587306069,0.64767,0.41734,1
1784418364.0139,218.11241,2587371066,0.64767,0.41734,1
1784418364.0209,218.11940,2587440891,0.65123,0.41723,1
1784418364.0274,218.12582,2587505104,0.65208,0.41199,1
1784418364.0343,218.13278,2587574802,0.65265,0.40860,1
1784418364.0411,218.13957,2587642653,0.65437,0.39804,1
1784418364.0477,218.14619,2587708916,0.65611,0.38749,1
1784418364.0543,218.15273,2587774108,0.65686,0.37796,1
1784418364.0610,218.15950,2587841962,0.64863,0.36698,1
1784418364.0675,218.16599,2587906777,0.64964,0.36973,1
1784418364.0742,218.17268,2587973750,0.64964,0.36973,1
1784418364.0812,218.17964,2588043391,0.65199,0.38681,1
1784418364.0876,218.18608,2588107781,0.65200,0.38389,1
1784418364.0946,218.19310,2588177843,0.65200,0.38389,1
1784418364.1010,218.19948,2588241664,0.65222,0.37878,1
1784418364.1079,218.20641,2588310940,0.65238,0.37642,1
1784418364.1144,218.21289,2588375752,0.65238,0.37642,1
1784418364.1211,218.21959,2588442840,0.64963,0.37519,1
1784418364.1282,218.22667,2588513595,0.64915,0.38750,1
1784418364.1345,218.23299,2588576708,0.64854,0.39390,1
1784418364.1414,218.23988,2588645771,0.64878,0.39854,1
1784418364.1479,218.24637,2588710535,0.64630,0.40586,1
1784418364.1549,218.25340,2588780935,0.64620,0.40887,1
1784418364.1613,218.25975,2588844485,0.65553,0.39345,1
1784418364.1682,218.26668,2588913735,0.65509,0.41148,1
1784418364.1747,218.27316,2588978555,0.65517,0.40844,1
1784418364.1816,218.28008,2589047601,0.65055,0.38895,1
1784418364.1881,218.28656,2589112453,0.64920,0.39562,1
1784418364.1948,218.29324,2589179391,0.64858,0.40209,1
1784418364.2018,218.30029,2589249804,0.64103,0.40901,1
1784418364.2082,218.30666,2589313495,0.65092,0.43252,1
1784418364.2151,218.31361,2589383104,0.64983,0.44077,1
1784418364.2218,218.32031,2589450065,0.65384,0.43726,1
1784418364.2287,218.32715,2589518427,0.65167,0.46434,1
1784418364.2352,218.33368,2589583658,0.65108,0.46978,1
1784418364.2419,218.34039,2589650797,0.64585,0.45137,1
1784418364.2488,218.34731,2589719938,0.65366,0.44431,1
1784418364.2553,218.35376,2589784472,0.65426,0.43873,1
1784418364.2618,218.36023,2589849204,0.64810,0.42337,1
1784418364.2687,218.36720,2589918908,0.65017,0.42421,1
1784418364.2752,218.37367,2589983587,0.65182,0.41131,1
1784418364.2821,218.38055,2590052425,0.64866,0.37101,1
1784418364.2886,218.38704,2590117377,0.64820,0.35274,1
1784418364.2953,218.39374,2590184299,0.64988,0.33351,1
1784418364.3022,218.40065,2590253451,0.64777,0.33441,1
1784418364.3089,218.40735,2590320346,0.65781,0.34006,1
1784418364.3157,218.41414,2590388276,0.65781,0.34006,1
1784418364.3220,218.42050,2590451991,0.64675,0.33889,1
1784418364.3288,218.42723,2590519274,0.64729,0.34394,1
1784418364.3357,218.43420,2590588894,0.64729,0.34394,1
1784418364.3422,218.44064,2590653358,0.64837,0.34172,1
1784418364.3491,218.44756,2590722430,0.64830,0.34391,1
1784418364.3555,218.45401,2590787018,0.64830,0.34391,1
1784418364.3625,218.46095,2590856406,0.65228,0.34071,1
1784418364.3689,218.46741,2590921017,0.64387,0.33778,1
1784418364.3757,218.47414,2590988227,0.64338,0.34128,1
1784418364.3823,218.48079,2591054803,0.64751,0.35128,1
1784418364.3893,218.48773,2591124252,0.64659,0.35620,1
1784418364.3960,218.49449,2591191841,0.64448,0.37820,1
1784418364.4025,218.50092,2591256020,0.64843,0.39647,1
1784418364.4094,218.50787,2591325574,0.64744,0.42318,1
1784418364.4162,218.51466,2591393599,0.64570,0.44116,1
1784418364.4230,218.52142,2591461167,0.65243,0.43897,1
1784418364.4293,218.52773,2591524178,0.65134,0.43604,1
1784418364.4363,218.53479,2591594821,0.65194,0.43025,1
1784418364.4427,218.54115,2591658395,0.65463,0.41637,1
1784418364.4496,218.54803,2591727216,0.65471,0.40980,1
1784418364.4560,218.55449,2591791868,0.65532,0.40394,1
1784418364.4630,218.56142,2591861002,0.64392,0.41953,1
1784418364.4694,218.56789,2591925700,0.64652,0.43514,1
1784418364.4761,218.57458,2591992705,0.64652,0.43514,1
1784418364.4831,218.58154,2592062377,0.64420,0.45066,1
1784418364.4895,218.58797,2592126584,0.65319,0.44740,1
1784418364.4964,218.59491,2592195990,0.65319,0.44740,1
1784418364.5031,218.60159,2592262914,0.65336,0.43868,1
1784418364.5097,218.60812,2592328214,0.65125,0.43653,1
1784418364.5163,218.61476,2592394584,0.65125,0.43653,1
1784418364.5230,218.62146,2592461524,0.64939,0.43148,1
1784418364.5300,218.62848,2592531745,0.65065,0.43238,1
1784418364.5364,218.63487,2592595561,0.65065,0.43238,1
1784418364.5433,218.64178,2592664727,0.65146,0.44962,1
1784418364.5498,218.64825,2592729450,0.65014,0.44702,1
1784418364.5567,218.65518,2592798796,0.65014,0.44702,1
1784418364.5632,218.66165,2592863475,0.65068,0.44156,1
1784418364.5699,218.66835,2592930422,0.65054,0.44291,1
1784418364.5769,218.67535,2593000514,0.65054,0.44291,1
1784418364.5835,218.68198,2593066636,0.64822,0.43484,1
1784418364.5903,218.68875,2593134436,0.64995,0.43857,1
1784418364.5967,218.69516,2593198558,0.64995,0.43857,1
1784418364.6037,218.70216,2593268546,0.65805,0.43495,1
1784418364.6103,218.70880,2593334946,0.65713,0.44709,1
1784418364.6173,218.71579,2593404740,0.65713,0.44709,1
1784418364.6237,218.72220,2593468888,0.65639,0.44509,1
1784418364.6302,218.72865,2593533400,0.65581,0.44584,1
1784418364.6373,218.73581,2593605004,0.65581,0.44584,1
1784418364.6438,218.74228,2593669655,0.65171,0.45418,1
1784418364.6503,218.74875,2593734357,0.65172,0.43823,1
1784418364.6572,218.75565,2593803443,0.65287,0.42896,1
1784418364.6637,218.76215,2593868376,0.65068,0.41641,1
1784418364.6706,218.76906,2593937445,0.65222,0.41279,1
1784418364.6771,218.77553,2594002164,0.65394,0.39769,1
1784418364.6838,218.78223,2594069162,0.65064,0.39670,1
1784418364.6907,218.78918,2594138811,0.64839,0.38528,1
1784418364.6974,218.79585,2594205402,0.64839,0.38528,1
1784418364.7041,218.80255,2594272364,0.65883,0.39858,1
1784418364.7106,218.80902,2594337196,0.65375,0.38866,1
1784418364.7173,218.81573,2594404217,0.65312,0.39500,1
1784418364.7240,218.82242,2594471053,0.65037,0.37755,1
1784418364.7307,218.82913,2594538250,0.65032,0.36046,1
1784418364.7376,218.83604,2594607328,0.64978,0.36401,1
1784418364.7440,218.84251,2594671995,0.64536,0.39288,1
1784418364.7507,218.84921,2594739078,0.65535,0.40514,1
1784418364.7574,218.85590,2594805866,0.65413,0.41444,1
1784418364.7641,218.86261,2594873070,0.64785,0.40557,1
1784418364.7714,218.86983,2594945132,0.65700,0.40842,1
1784418364.7778,218.87622,2595009139,0.65577,0.41993,1
1784418364.7845,218.88298,2595076726,0.62367,0.43964,1
1784418364.7912,218.88963,2595143245,0.61353,0.44165,1
1784418364.7980,218.89645,2595211513,0.61423,0.43220,1
1784418364.8048,218.90327,2595279656,0.62401,0.42221,1
1784418364.8113,218.90973,2595344210,0.63421,0.40700,1
1784418364.8177,218.91620,2595408888,0.63507,0.39578,1
1784418364.8247,218.92316,2595478514,0.63287,0.39470,1
1784418364.8311,218.92958,2595542669,0.62863,0.40070,1
1784418364.8381,218.93654,2595612366,0.62818,0.40715,1
1784418364.8445,218.94299,2595676799,0.62886,0.40989,1
1784418364.8512,218.94968,2595743692,0.62563,0.40586,1
1784418364.8582,218.95665,2595813337,0.62563,0.40586,1
1784418364.8649,218.96333,2595880235,0.62655,0.40106,1
1784418364.8715,218.97000,2595946908,0.62585,0.41892,1
1784418364.8780,218.97647,2596011598,0.62585,0.41892,1
1784418364.8847,218.98318,2596078706,0.62688,0.40858,1
1784418364.8917,218.99013,2596148166,0.62887,0.40877,1
1784418364.8981,218.99657,2596212516,0.62887,0.40877,1
1784418364.9051,219.00356,2596282499,0.61927,0.42870,1
1784418364.9115,219.00998,2596346741,0.61940,0.42803,1
1784418364.9184,219.01689,2596415756,0.61940,0.42803,1
1784418364.9249,219.02338,2596480736,0.62171,0.42257,1
1784418364.9316,219.03004,2596547367,0.62563,0.41728,1
1784418364.9387,219.03714,2596618310,0.62563,0.41728,1
1784418364.9450,219.04347,2596681582,0.62851,0.41383,1
1784418364.9521,219.05054,2596752305,0.63015,0.40788,1
1784418364.9584,219.05685,2596815411,0.63110,0.39806,1
1784418364.9654,219.06390,2596885969,0.63322,0.38524,1
1784418364.9720,219.07048,2596951674,0.63774,0.36624,1
1784418364.9789,219.07732,2597020004,0.63783,0.35960,1
1784418364.9854,219.08388,2597085761,0.63614,0.37070,1
1784418364.9922,219.09071,2597154067,0.63766,0.38057,1
1784418364.9986,219.09706,2597217534,0.63669,0.39276,1
1784418365.0056,219.10403,2597287215,0.63820,0.39728,1
1784418365.0120,219.11044,2597351276,0.63817,0.39626,1
1784418365.0189,219.11736,2597420480,0.63862,0.39328,1
1784418365.0257,219.12419,2597488880,0.60918,0.38911,1
1784418365.0323,219.13080,2597554927,0.62438,0.37300,1
1784418365.0388,219.13725,2597619395,0.62433,0.37382,1
1784418365.0457,219.14420,2597688828,0.61156,0.38328,1
1784418365.0522,219.15065,2597753376,0.61267,0.39072,1
1784418365.0592,219.15770,2597823903,0.61199,0.40024,1
1784418365.0656,219.16402,2597887047,0.60732,0.40890,1
1784418365.0725,219.17094,2597956370,0.60625,0.41843,1
1784418365.0790,219.17743,2598021228,0.60576,0.42976,1
1784418365.0857,219.18413,2598088236,0.60512,0.43600,1
1784418365.0926,219.19107,2598157633,0.60167,0.44461,1
1784418365.0991,219.19754,2598222279,0.60146,0.45027,1
1784418365.1060,219.20450,2598291952,0.59910,0.45515,1
1784418365.1124,219.21091,2598356055,0.60016,0.45371,1
1784418365.1194,219.21783,2598425284,0.60016,0.45371,1
1784418365.1262,219.22466,2598493530,0.59779,0.45643,1
1784418365.1326,219.23102,2598557116,0.59781,0.45856,1
1784418365.1392,219.23770,2598623925,0.59799,0.45297,1
1784418365.1459,219.24440,2598690945,0.59386,0.45090,1
1784418365.1529,219.25137,2598760655,0.59441,0.44958,1
1784418365.1596,219.25803,2598827111,0.59441,0.44958,1
1784418365.1663,219.26480,2598894969,0.59406,0.45704,1
1784418365.1730,219.27142,2598961125,0.59480,0.45572,1
1784418365.1797,219.27820,2599028819,0.59495,0.45838,1
1784418365.1861,219.28461,2599092911,0.59410,0.46567,1
1784418365.1931,219.29160,2599162865,0.59397,0.45959,1
1784418365.1999,219.29839,2599230751,0.59413,0.45412,1
1784418365.2064,219.30490,2599295987,0.59018,0.45557,1
1784418365.2129,219.31137,2599360606,0.58604,0.43442,1
1784418365.2198,219.31831,2599430081,0.58658,0.41897,1
1784418365.2263,219.32480,2599494863,0.57822,0.42033,1
1784418365.2333,219.33177,2599564611,0.58459,0.40234,1
1784418365.2397,219.33818,2599628750,0.58447,0.38770,1
1784418365.2464,219.34489,2599695820,0.58012,0.39712,1
1784418365.2535,219.35193,2599766135,0.57805,0.40546,1
1784418365.2601,219.35852,2599832182,0.57802,0.41161,1
1784418365.2665,219.36497,2599896608,0.56550,0.42222,1
1784418365.2732,219.37169,2599963754,0.56857,0.39677,1
1784418365.2799,219.37836,2600030432,0.56857,0.39677,1
1784418365.2866,219.38507,2600097688,0.56816,0.39382,1
1784418365.2935,219.39198,2600166718,0.56653,0.40183,1
1784418365.3000,219.39848,2600231720,0.56677,0.39851,1
1784418365.3067,219.40518,2600298699,0.56835,0.38752,1
1784418365.3134,219.41185,2600365397,0.56868,0.38134,1
1784418365.3201,219.41858,2600432628,0.56864,0.37504,1
1784418365.3271,219.42554,2600502290,0.57005,0.36996,1
1784418365.3337,219.43217,2600568725,0.56980,0.36483,1
1784418365.3405,219.43893,2600636291,0.56980,0.36483,1
1784418365.3469,219.44536,2600700474,0.57178,0.36191,1
1784418365.3539,219.45241,2600770990,0.57490,0.36389,1
1784418365.3603,219.45877,2600834605,0.57490,0.36389,1
1784418365.3674,219.46582,2600905132,0.57188,0.35835,1
1784418365.3737,219.47214,2600968323,0.57396,0.35585,1
1784418365.3806,219.47910,2601037891,0.57396,0.35585,1
1784418365.3873,219.48575,2601104402,0.57665,0.37539,1
1784418365.3940,219.49246,2601171564,0.57452,0.37033,1
1784418365.4005,219.49896,2601236470,0.57452,0.37033,1
1784418365.4072,219.50562,2601303108,0.56774,0.37132,1
1784418365.4141,219.51257,2601372568,0.56304,0.36421,1
1784418365.4206,219.51903,2601437159,0.56312,0.37058,1
1784418365.4275,219.52596,2601506443,0.56696,0.37238,1
1784418365.4340,219.53244,2601571245,0.56925,0.38211,1
1784418365.4407,219.53915,2601638475,0.56886,0.39471,1
1784418365.4474,219.54582,2601705079,0.57123,0.39318,1
1784418365.4541,219.55252,2601772145,0.57078,0.40234,1
1784418365.4610,219.55949,2601841827,0.57081,0.41458,1
1784418365.4675,219.56592,2601906108,0.57217,0.42019,1
1784418365.4744,219.57289,2601975811,0.57264,0.41726,1
1784418365.4812,219.57971,2602044076,0.57264,0.41726,1
1784418365.4879,219.58633,2602110324,0.57254,0.41890,1
1784418365.4943,219.59273,2602174232,0.57381,0.42092,1
1784418365.5012,219.59964,2602243242,0.57381,0.42092,1
1784418365.5077,219.60614,2602308256,0.57652,0.42411,1
1784418365.5146,219.61302,2602377200,0.57559,0.42569,1
1784418365.5210,219.61951,2602441980,0.57559,0.42569,1
1784418365.5277,219.62621,2602508991,0.56471,0.42841,1
1784418365.5347,219.63315,2602578444,0.56694,0.42999,1
1784418365.5414,219.63985,2602645313,0.56694,0.42999,1
1784418365.5483,219.64673,2602714210,0.56999,0.42136,1
1784418365.5548,219.65323,2602779225,0.57110,0.42322,1
1784418365.5617,219.66019,2602848740,0.57112,0.42891,1
1784418365.5679,219.66640,2602910857,0.57264,0.44632,1
1784418365.5749,219.67332,2602980201,0.57385,0.44829,1
1784418365.5813,219.67979,2603044889,0.57384,0.45392,1
1784418365.5883,219.68674,2603114224,0.57505,0.46337,1
1784418365.5947,219.69321,2603178962,0.57244,0.46969,1
1784418365.6017,219.70013,2603248219,0.57244,0.46969,1
1784418365.6081,219.70657,2603312688,0.57158,0.47119,1
1784418365.6151,219.71356,2603382502,0.57369,0.47084,1
1784418365.6215,219.72000,2603446896,0.57369,0.47084,1
1784418365.6282,219.72668,2603513832,0.57205,0.47475,1
1784418365.6352,219.73364,2603583382,0.57301,0.47865,1
1784418365.6417,219.74013,2603648175,0.57301,0.47865,1
1784418365.6486,219.74702,2603717199,0.57231,0.47532,1
1784418365.6550,219.75346,2603781601,0.57090,0.47602,1
1784418365.6619,219.76039,2603850809,0.57090,0.47602,1
1784418365.6684,219.76686,2603915562,0.57172,0.47663,1
1784418365.6751,219.77357,2603982716,0.57193,0.47458,1
1784418365.6821,219.78053,2604052281,0.57193,0.47458,1
1784418365.6885,219.78696,2604116457,0.57135,0.47810,1
1784418365.6954,219.79388,2604185735,0.57180,0.45910,1
1784418365.7019,219.80034,2604250339,0.57180,0.45910,1
1784418365.7086,219.80704,2604317320,0.57098,0.45752,1
1784418365.7155,219.81396,2604386606,0.57238,0.47748,1
1784418365.7220,219.82047,2604451602,0.57238,0.47748,1
1784418365.7289,219.82738,2604520625,0.57329,0.45566,1
1784418365.7357,219.83417,2604588598,0.57865,0.45670,1
1784418365.7423,219.84079,2604654791,0.57865,0.45670,1
1784418365.7491,219.84753,2604722247,0.57873,0.45557,1
1784418365.7557,219.85420,2604788889,0.58245,0.45725,1
1784418365.7624,219.86086,2604855488,0.58252,0.45165,1
1784418365.7689,219.86734,2604920354,0.57024,0.43921,1
1784418365.7758,219.87427,2604989574,0.57045,0.45426,1
1784418365.7823,219.88075,2605054483,0.57061,0.44586,1
1784418365.7890,219.88745,2605121397,0.58265,0.42758,1
1784418365.7960,219.89442,2605191087,0.61212,0.41073,1
1784418365.8026,219.90106,2605257491,0.61240,0.40505,1
1784418365.8093,219.90776,2605324451,0.63314,0.41723,1
1784418365.8158,219.91425,2605389407,0.64144,0.41623,1
1784418365.8231,219.92155,2605462508,0.64144,0.41623,1
1784418365.8291,219.92761,2605523096,0.64725,0.41783,1
1784418365.8361,219.93459,2605592800,0.65004,0.41446,1
1784418365.8428,219.94124,2605659357,0.65004,0.41446,1
1784418365.8495,219.94794,2605726316,0.64214,0.42045,1
1784418365.8564,219.95482,2605795092,0.64265,0.41637,1
1784418365.8629,219.96133,2605860293,0.64265,0.41637,1
1784418365.8694,219.96783,2605925212,0.64297,0.41431,1
1784418365.8761,219.97452,2605992155,0.64196,0.41201,1
1784418365.8828,219.98122,2606059088,0.64196,0.41201,1
1784418365.8897,219.98813,2606128252,0.64186,0.41150,1
1784418365.8961,219.99460,2606192963,0.64102,0.41134,1
1784418365.9029,220.00134,2606260267,0.64102,0.41134,1
1784418365.9098,220.00822,2606329189,0.64116,0.41233,1
1784418365.9163,220.01472,2606394102,0.63878,0.40873,1
1784418365.9233,220.02180,2606464976,0.63932,0.40229,1
1784418365.9297,220.02814,2606528328,0.64049,0.40118,1
1784418365.9367,220.03514,2606598265,0.63813,0.39771,1
1784418365.9430,220.04150,2606661958,0.63865,0.39135,1
1784418365.9500,220.04846,2606731539,0.63778,0.39106,1
1784418365.9564,220.05489,2606795842,0.63712,0.39238,1
1784418365.9631,220.06160,2606862949,0.63712,0.39238,1
1784418365.9698,220.06828,2606929790,0.63866,0.39305,1
1784418365.9765,220.07498,2606996755,0.63811,0.39621,1
1784418365.9835,220.08194,2607066365,0.63811,0.39621,1
1784418365.9899,220.08839,2607130901,0.64802,0.39550,1
1784418365.9968,220.09531,2607199936,0.64648,0.39671,1
1784418366.0033,220.10179,2607264749,0.64648,0.39671,1
1784418366.0100,220.10847,2607331696,0.64802,0.38995,1
1784418366.0170,220.11545,2607401451,0.63626,0.39425,1
1784418366.0247,220.12315,2607478402,0.63626,0.39425,1
1784418366.0303,220.12880,2607534831,0.64756,0.39985,1
1784418366.0368,220.13527,2607599622,0.64326,0.39569,1
1784418366.0435,220.14198,2607666673,0.64271,0.40203,1
1784418366.0502,220.14868,2607733734,0.64297,0.40243,1
1784418366.0569,220.15538,2607800697,0.64833,0.38986,1
1784418366.0636,220.16208,2607867708,0.64723,0.39944,1
1784418366.0705,220.16899,2607936772,0.66783,0.40430,1
1784418366.0772,220.17567,2608003730,0.65665,0.40802,1
1784418366.0837,220.18217,2608068662,0.65658,0.41076,1
1784418366.0904,220.18887,2608135634,0.66118,0.41152,1
1784418366.0974,220.19586,2608205581,0.65886,0.40820,1
1784418366.1043,220.20273,2608274121,0.65948,0.40250,1
1784418366.1107,220.20918,2608338743,0.67387,0.40904,1
1784418366.1174,220.21588,2608405653,0.67479,0.40922,1
1784418366.1241,220.22258,2608472693,0.67479,0.40922,1
1784418366.1306,220.22905,2608537437,0.67261,0.41306,1
1784418366.1373,220.23575,2608604453,0.67190,0.41008,1
1784418366.1443,220.24272,2608674201,0.67128,0.41305,1
1784418366.1507,220.24913,2608738253,0.67084,0.43064,1
1784418366.1577,220.25613,2608808198,0.67060,0.43172,1
1784418366.1641,220.26256,2608872466,0.66988,0.43729,1
1784418366.1712,220.26964,2608943231,0.66511,0.44003,1
1784418366.1775,220.27594,2609006255,0.67707,0.43997,1
1784418366.1844,220.28285,2609075451,0.67629,0.44554,1
1784418366.1909,220.28934,2609140217,0.66171,0.45266,1
1784418366.1978,220.29625,2609209403,0.67042,0.45925,1
1784418366.2046,220.30305,2609277389,0.67042,0.45925,1
1784418366.2110,220.30943,2609341279,0.66804,0.45420,1
1784418366.2179,220.31636,2609410451,0.67001,0.44863,1
1784418366.2244,220.32285,2609475303,0.67074,0.44308,1
1784418366.2313,220.32974,2609544368,0.67177,0.44568,1
1784418366.2377,220.33621,2609609065,0.67267,0.43822,1
1784418366.2447,220.34315,2609678467,0.67267,0.43822,1
1784418366.2512,220.34964,2609743239,0.67202,0.43891,1
1784418366.2581,220.35654,2609812266,0.67224,0.44319,1
1784418366.2645,220.36301,2609877043,0.67224,0.44319,1
1784418366.2712,220.36971,2609943949,0.67363,0.43672,1
1784418366.2782,220.37665,2610013441,0.67538,0.43417,1
1784418366.2847,220.38313,2610078273,0.67462,0.43979,1
1784418366.2920,220.39044,2610151336,0.67559,0.44203,1
1784418366.2983,220.39674,2610214313,0.67692,0.44986,1
1784418366.3051,220.40358,2610282752,0.67755,0.44688,1
1784418366.3117,220.41016,2610348519,0.67046,0.43524,1
1784418366.3187,220.41716,2610418567,0.66432,0.41805,1
1784418366.3252,220.42363,2610483229,0.66565,0.40670,1
1784418366.3318,220.43024,2610549206,0.66822,0.40292,1
1784418366.3385,220.43692,2610616121,0.66932,0.39354,1
1784418366.3452,220.44362,2610683034,0.66932,0.39354,1
1784418366.3517,220.45012,2610748168,0.66257,0.38901,1
1784418366.3586,220.45711,2610818002,0.66501,0.39443,1
1784418366.3650,220.46349,2610881784,0.66501,0.39443,1
1784418366.3719,220.47040,2610950957,0.66613,0.38872,1
1784418366.3784,220.47690,2611015841,0.67127,0.39262,1
1784418366.3853,220.48381,2611084978,0.67127,0.39262,1
1784418366.3922,220.49068,2611153713,0.67280,0.39445,1
1784418366.3988,220.49722,2611219113,0.67098,0.39840,1
1784418366.4052,220.50368,2611283665,0.67098,0.39840,1
1784418366.4121,220.51059,2611352795,0.67145,0.40716,1
1784418366.4188,220.51730,2611419918,0.67274,0.41059,1
1784418366.4253,220.52379,2611484830,0.67274,0.41059,1
1784418366.4320,220.53047,2611551655,0.67458,0.41432,1
1784418366.4390,220.53743,2611621270,0.67267,0.41731,1
1784418366.4454,220.54385,2611685472,0.67267,0.41731,1
1784418366.4523,220.55080,2611754815,0.67652,0.42675,1
1784418366.4592,220.55765,2611823362,0.67370,0.43611,1
1784418366.4658,220.56422,2611889181,0.67370,0.43611,1
1784418366.4722,220.57065,2611953439,0.67405,0.43596,1
1784418366.4792,220.57770,2612023873,0.67715,0.43224,1
1784418366.4858,220.58427,2612089728,0.67715,0.43224,1
1784418366.4926,220.59103,2612157246,0.67703,0.42717,1
1784418366.4994,220.59784,2612225239,0.67636,0.41716,1
1784418366.5060,220.60446,2612291498,0.67636,0.41716,1
1784418366.5128,220.61125,2612359458,0.67535,0.42142,1
1784418366.5193,220.61780,2612424935,0.67677,0.41748,1
1784418366.5258,220.62424,2612489339,0.67602,0.42305,1
1784418366.5325,220.63097,2612556516,0.67276,0.43441,1
1784418366.5392,220.63763,2612623289,0.67095,0.43887,1
1784418366.5459,220.64433,2612690271,0.67095,0.43887,1
1784418366.5528,220.65131,2612759936,0.67097,0.43330,1
1784418366.5593,220.65773,2612824236,0.67478,0.42859,1
1784418366.5662,220.66464,2612893402,0.67552,0.42306,1
1784418366.5727,220.67113,2612958250,0.67326,0.41952,1
1784418366.5794,220.67783,2613025177,0.67402,0.42456,1
1784418366.5863,220.68477,2613094566,0.67402,0.42456,1
1784418366.5928,220.69124,2613159251,0.67616,0.42104,1
1784418366.5997,220.69817,2613228507,0.67635,0.41705,1
1784418366.6067,220.70517,2613298573,0.67635,0.41705,1
1784418366.6131,220.71158,2613362647,0.67729,0.41928,1
1784418366.6196,220.71802,2613427069,0.67510,0.41203,1
1784418366.6265,220.72495,2613496300,0.67455,0.41496,1
1784418366.6329,220.73141,2613561095,0.67863,0.42461,1
1784418366.6399,220.73833,2613630257,0.67845,0.42520,1
1784418366.6463,220.74481,2613694965,0.67767,0.43083,1
1784418366.6533,220.75174,2613764267,0.68054,0.43495,1
1784418366.6602,220.75871,2613834044,0.68022,0.43748,1
1784418366.6667,220.76515,2613898429,0.68022,0.43748,1
1784418366.6735,220.77200,2613966998,0.63303,0.43951,1
1784418366.6802,220.77870,2614033878,0.61818,0.46135,1
1784418366.6868,220.78523,2614099165,0.61858,0.45846,1
1784418366.6936,220.79208,2614167811,0.54026,0.46645,1
1784418366.7000,220.79843,2614231189,0.49226,0.47637,1
1784418366.7068,220.80531,2614300088,0.49172,0.47388,1
1784418366.7133,220.81178,2614364772,0.42216,0.47508,1
1784418366.7202,220.81871,2614434086,0.39644,0.49374,1
1784418366.7267,220.82518,2614498746,0.39735,0.49624,1
1784418366.7337,220.83214,2614568248,0.32331,0.51293,1
1784418366.7401,220.83861,2614633005,0.33892,0.50865,1
1784418366.7471,220.84554,2614702212,0.33649,0.50098,1
1784418366.7535,220.85199,2614766742,0.34015,0.50261,1
1784418366.7602,220.85867,2614833665,0.32319,0.49345,1
1784418366.7672,220.86563,2614903185,0.32115,0.48794,1
1784418366.7737,220.87213,2614968165,0.31735,0.47827,1
1784418366.7807,220.87917,2615038545,0.31978,0.47730,1
1784418366.7870,220.88548,2615101675,0.32051,0.48019,1
1784418366.7939,220.89240,2615170896,0.32207,0.52318,1
1784418366.8007,220.89912,2615238116,0.32183,0.52544,1
1784418366.8073,220.90579,2615304879,0.32573,0.53534,1
1784418366.8142,220.91264,2615373273,0.31705,0.51925,1
1784418366.8207,220.91919,2615438794,0.31526,0.52224,1
1784418366.8272,220.92567,2615503680,0.31440,0.51932,1
1784418366.8341,220.93257,2615572689,0.33045,0.50681,1
1784418366.8406,220.93907,2615637624,0.31217,0.49696,1
1784418366.8473,220.94577,2615704641,0.30814,0.48661,1
1784418366.8543,220.95274,2615774317,0.32285,0.48274,1
1784418366.8607,220.95917,2615838588,0.31266,0.48312,1
1784418366.8677,220.96613,2615908215,0.31450,0.48796,1
1784418366.8741,220.97258,2615972658,0.32104,0.51319,1
1784418366.8811,220.97960,2616042873,0.31620,0.51066,1
1784418366.8875,220.98596,2616106512,0.31882,0.51819,1
1784418366.8944,220.99290,2616175904,0.33096,0.54255,1
1784418366.9014,220.99982,2616245061,0.32938,0.52933,1
1784418366.9078,221.00627,2616309562,0.33033,0.53246,1
1784418366.9143,221.01277,2616374552,0.32976,0.55572,1
1784418366.9210,221.01944,2616441334,0.32839,0.55418,1
1784418366.9280,221.02646,2616511438,0.32839,0.55418,1
1784418366.9344,221.03285,2616575464,0.32561,0.55183,1
1784418366.9411,221.03954,2616642241,0.32510,0.55280,1
1784418366.9478,221.04623,2616709279,0.32510,0.55280,1
1784418366.9548,221.05324,2616779271,0.32199,0.55120,1
1784418366.9612,221.05962,2616843021,0.32107,0.55578,1
1784418366.9681,221.06656,2616912467,0.32034,0.55343,1
1784418366.9746,221.07304,2616977289,0.32799,0.54442,1
1784418366.9813,221.07973,2617044128,0.32373,0.52102,1
1784418366.9882,221.08669,2617113794,0.32188,0.51625,1
1784418366.9949,221.09335,2617180486,0.32248,0.51359,1
1784418367.0016,221.10010,2617247867,0.32291,0.51654,1
1784418367.0080,221.10651,2617312023,0.32216,0.51368,1
1784418367.0152,221.11366,2617383472,0.31685,0.51678,1
1784418367.0214,221.11990,2617445922,0.31627,0.50517,1
1784418367.0284,221.12685,2617515368,0.31417,0.49976,1
1784418367.0352,221.13371,2617583967,0.31492,0.50906,1
1784418367.0418,221.14029,2617649736,0.31380,0.50651,1
1784418367.0482,221.14670,2617713962,0.31380,0.50651,1
1784418367.0552,221.15364,2617783371,0.31357,0.51286,1
1784418367.0616,221.16011,2617848078,0.31571,0.49347,1
1784418367.0687,221.16713,2617918236,0.31645,0.49625,1
1784418367.0753,221.17374,2617984259,0.31301,0.51918,1
1784418367.0820,221.18047,2618051528,0.32332,0.52599,1
1784418367.0884,221.18689,2618115812,0.32789,0.53830,1
1784418367.0954,221.19382,2618185119,0.34789,0.53563,1
1784418367.1018,221.20030,2618249994,0.35458,0.55870,1
1784418367.1085,221.20699,2618316774,0.35667,0.56287,1
1784418367.1154,221.21391,2618386062,0.35185,0.55480,1
1784418367.1221,221.22061,2618453031,0.34877,0.54292,1
1784418367.1288,221.22731,2618520020,0.34515,0.53297,1
1784418367.1355,221.23401,2618587013,0.34609,0.51882,1
1784418367.1420,221.24051,2618651977,0.34988,0.52026,1
1784418367.1490,221.24748,2618721703,0.34988,0.52026,1
1784418367.1554,221.25389,2618785753,0.34810,0.51625,1
1784418367.1624,221.26085,2618855438,0.34998,0.51262,1
1784418367.1692,221.26767,2618923548,0.34998,0.51262,1
1784418367.1758,221.27425,2618989310,0.35187,0.50236,1
1784418367.1822,221.28069,2619053781,0.35865,0.49793,1
1784418367.1891,221.28761,2619123088,0.35865,0.49793,1
1784418367.1956,221.29411,2619187987,0.35724,0.48848,1
1784418367.2023,221.30078,2619254664,0.35412,0.48298,1
1784418367.2093,221.30775,2619324486,0.35412,0.48298,1
1784418367.2157,221.31415,2619388386,0.35597,0.48760,1
1784418367.2226,221.32108,2619457718,0.35737,0.48383,1
1784418367.2291,221.32758,2619522635,0.35737,0.48383,1
1784418367.2361,221.33459,2619592932,0.35461,0.50080,1
1784418367.2425,221.34097,2619656684,0.35620,0.47910,1
1784418367.2494,221.34787,2619725629,0.35620,0.47910,1
1784418367.2562,221.35469,2619793891,0.35269,0.48829,1
1784418367.2630,221.36151,2619861953,0.35506,0.48670,1
1784418367.2693,221.36774,2619924322,0.35506,0.48670,1
1784418367.2762,221.37468,2619993666,0.35199,0.49258,1
1784418367.2827,221.38113,2620058305,0.35255,0.49594,1
1784418367.2894,221.38785,2620125400,0.35255,0.49594,1
1784418367.2963,221.39481,2620194998,0.35651,0.49474,1
1784418367.3028,221.40131,2620259914,0.35332,0.49573,1
1784418367.3097,221.40816,2620328498,0.35332,0.49573,1
1784418367.3162,221.41463,2620393241,0.35421,0.48871,1
1784418367.3231,221.42155,2620462467,0.35152,0.49179,1
1784418367.3296,221.42802,2620527154,0.35152,0.49179,1
1784418367.3363,221.43474,2620594221,0.35367,0.49407,1
1784418367.3432,221.44165,2620663428,0.35061,0.49176,1
1784418367.3497,221.44814,2620728206,0.35061,0.49176,1
1784418367.3567,221.45518,2620798780,0.35339,0.50297,1
1784418367.3631,221.46152,2620862137,0.34839,0.51141,1
1784418367.3701,221.46858,2620932699,0.34743,0.50943,1
1784418367.3764,221.47491,2620995990,0.34848,0.50741,1
1784418367.3832,221.48163,2621063252,0.34619,0.51161,1
1784418367.3899,221.48833,2621130181,0.34702,0.51472,1
1784418367.3965,221.49501,2621196995,0.34796,0.52636,1
1784418367.4035,221.50198,2621266706,0.34950,0.52419,1
1784418367.4099,221.50841,2621331051,0.35117,0.52898,1
1784418367.4169,221.51538,2621400729,0.35413,0.53574,1
1784418367.4236,221.52203,2621467197,0.35347,0.53249,1
1784418367.4303,221.52873,2621534175,0.35347,0.53249,1
1784418367.4371,221.53554,2621602300,0.35366,0.53578,1
1784418367.4438,221.54228,2621669710,0.35651,0.53855,1
1784418367.4504,221.54884,2621735415,0.35651,0.53855,1
1784418367.4571,221.55554,2621802398,0.35781,0.54534,1
1784418367.4636,221.56203,2621867120,0.35890,0.54134,1
1784418367.4702,221.56871,2621934017,0.35925,0.54083,1
1784418367.4769,221.57539,2622000877,0.35263,0.52747,1
1784418367.4837,221.58212,2622068092,0.34894,0.51814,1
1784418367.4903,221.58879,2622134802,0.34704,0.51266,1
1784418367.4970,221.59547,2622201699,0.33657,0.50457,1
1784418367.5040,221.60243,2622271259,0.34139,0.51165,1
1784418367.5104,221.60890,2622335856,0.33970,0.50688,1
1784418367.5173,221.61580,2622404969,0.34032,0.49246,1
1784418367.5241,221.62260,2622472918,0.33864,0.48668,1
1784418367.5308,221.62923,2622539227,0.33698,0.48184,1
1784418367.5372,221.63568,2622603695,0.33656,0.47516,1
1784418367.5439,221.64238,2622670720,0.33807,0.47512,1
1784418367.5509,221.64937,2622740560,0.33807,0.47512,1
1784418367.5573,221.65576,2622804597,0.33602,0.47312,1
1784418367.5643,221.66272,2622874093,0.33701,0.47484,1
1784418367.5707,221.66916,2622938507,0.33701,0.47484,1
1784418367.5777,221.67612,2623008119,0.33159,0.46955,1
1784418367.5841,221.68256,2623072528,0.34503,0.47029,1
1784418367.5910,221.68948,2623141815,0.34664,0.47522,1
1784418367.5975,221.69597,2623206571,0.36556,0.47712,1
1784418367.6042,221.70267,2623273635,0.36216,0.48013,1
1784418367.6112,221.70963,2623343190,0.36368,0.48511,1
1784418367.6176,221.71606,2623407625,0.36014,0.48065,1
1784418367.6246,221.72310,2623477843,0.35852,0.47702,1
1784418367.6314,221.72989,2623545875,0.35697,0.47199,1
1784418367.6383,221.73677,2623614561,0.35150,0.46681,1
1784418367.6444,221.74286,2623675457,0.34425,0.45802,1
1784418367.6513,221.74979,2623744815,0.34392,0.45860,1
1784418367.6582,221.75664,2623813335,0.34458,0.46244,1
1784418367.6647,221.76320,2623878833,0.34457,0.47756,1
1784418367.6712,221.76965,2623943500,0.34984,0.49355,1
1784418367.6781,221.77657,2624012577,0.35298,0.50530,1
1784418367.6846,221.78305,2624077421,0.35106,0.50781,1
1784418367.6918,221.79022,2624149150,0.35106,0.50781,1
1784418367.6982,221.79666,2624213596,0.34443,0.50373,1
1784418367.7047,221.80313,2624278162,0.34140,0.51144,1
1784418367.7116,221.81009,2624347858,0.33963,0.50645,1
1784418367.7181,221.81653,2624412147,0.33702,0.51803,1
1784418367.7248,221.82324,2624479320,0.33319,0.49714,1
1784418367.7317,221.83015,2624548487,0.33353,0.49656,1
1784418367.7381,221.83661,2624612990,0.33991,0.50738,1
1784418367.7449,221.84332,2624680198,0.34882,0.48438,1
1784418367.7516,221.85002,2624747164,0.34692,0.47859,1
1784418367.7583,221.85672,2624814065,0.34529,0.49119,1
1784418367.7652,221.86365,2624883348,0.34840,0.47569,1
1784418367.7719,221.87035,2624950360,0.34840,0.47569,1
1784418367.7784,221.87683,2625015218,0.40136,0.47290,1
1784418367.7850,221.88350,2625081871,0.40877,0.48846,1
1784418367.7917,221.89021,2625149009,0.40800,0.48653,1
1784418367.7987,221.89719,2625218789,0.42341,0.49361,1
1784418367.8052,221.90363,2625283110,0.41881,0.49688,1
1784418367.8121,221.91060,2625352935,0.41897,0.49758,1
1784418367.8189,221.91737,2625420688,0.42247,0.50536,1
1784418367.8255,221.92401,2625486970,0.42612,0.50668,1
1784418367.8320,221.93042,2625551160,0.42579,0.50375,1
1784418367.8389,221.93733,2625620173,0.42548,0.48321,1
1784418367.8453,221.94379,2625684833,0.42595,0.47639,1
1784418367.8520,221.95050,2625751970,0.42474,0.47072,1
1784418367.8587,221.95720,2625818947,0.42337,0.46768,1
1784418367.8654,221.96390,2625885902,0.42349,0.47268,1
1784418367.8724,221.97089,2625955715,0.42349,0.47268,1
1784418367.8790,221.97751,2626022035,0.42463,0.48080,1
1784418367.8858,221.98427,2626089640,0.41304,0.48180,1
1784418367.8924,221.99091,2626156029,0.41304,0.48180,1
1784418367.8992,221.99767,2626223595,0.41658,0.48329,1
1784418367.9057,222.00414,2626288226,0.41767,0.48432,1
1784418367.9125,222.01100,2626356934,0.41767,0.48432,1
1784418367.9190,222.01747,2626421629,0.41478,0.48485,1
1784418367.9257,222.02420,2626488898,0.41760,0.48297,1
1784418367.9324,222.03088,2626555800,0.41760,0.48297,1
1784418367.9391,222.03758,2626622757,0.41557,0.48252,1
1784418367.9462,222.04466,2626693538,0.42605,0.49018,1
1784418367.9525,222.05096,2626756595,0.42605,0.49018,1
1784418367.9594,222.05791,2626826010,0.42487,0.48865,1
1784418367.9661,222.06459,2626892841,0.42421,0.47913,1
1784418367.9728,222.07129,2626959816,0.42421,0.47913,1
1784418367.9793,222.07777,2627024663,0.42032,0.47713,1
1784418367.9860,222.08447,2627091657,0.43166,0.48060,1
1784418367.9930,222.09146,2627161460,0.43231,0.48599,1
1784418367.9994,222.09787,2627225581,0.39449,0.49156,1
1784418368.0065,222.10497,2627296488,0.37508,0.49191,1
1784418368.0132,222.11168,2627363774,0.37710,0.49706,1
1784418368.0198,222.11829,2627429810,0.39136,0.49716,1
1784418368.0262,222.12465,2627493413,0.38807,0.48166,1
1784418368.0332,222.13162,2627563131,0.38748,0.48149,1
1784418368.0396,222.13805,2627627366,0.38845,0.50092,1
1784418368.0467,222.14514,2627698339,0.38762,0.51788,1
1784418368.0530,222.15146,2627761512,0.39202,0.53326,1
1784418368.0597,222.15814,2627828332,0.39424,0.53447,1
1784418368.0664,222.16486,2627895455,0.39591,0.53393,1
1784418368.0733,222.17181,2627965033,0.39452,0.52900,1
1784418368.0802,222.17863,2628033286,0.39281,0.52423,1
1784418368.0868,222.18523,2628099174,0.38989,0.52084,1
1784418368.0932,222.19162,2628163080,0.38850,0.51592,1
1784418368.0999,222.19838,2628230646,0.38459,0.51852,1
1784418368.1066,222.20509,2628297850,0.38484,0.51631,1
1784418368.1133,222.21173,2628364183,0.38484,0.51631,1
1784418368.1202,222.21869,2628433843,0.38101,0.51333,1
1784418368.1267,222.22514,2628498291,0.38142,0.51683,1
1784418368.1336,222.23210,2628567864,0.38142,0.51683,1
1784418368.1401,222.23853,2628632158,0.39053,0.52405,1
1784418368.1470,222.24544,2628701331,0.38739,0.49784,1
1784418368.1535,222.25192,2628766164,0.38739,0.49784,1
1784418368.1602,222.25864,2628833313,0.38772,0.51262,1
1784418368.1672,222.26566,2628903448,0.38515,0.51121,1
1784418368.1736,222.27202,2628967170,0.38658,0.51617,1
1784418368.1806,222.27911,2629037991,0.38817,0.51906,1
1784418368.1872,222.28566,2629103568,0.38942,0.52535,1
1784418368.1941,222.29253,2629172098,0.39085,0.53032,1
1784418368.2006,222.29904,2629237357,0.39020,0.53280,1
1784418368.2073,222.30579,2629304711,0.39030,0.53152,1
1784418368.2141,222.31261,2629372998,0.38921,0.52599,1
1784418368.2208,222.31926,2629439520,0.38344,0.51398,1
1784418368.2271,222.32561,2629502984,0.38029,0.50648,1
1784418368.2341,222.33253,2629572231,0.37720,0.49590,1
1784418368.2405,222.33899,2629636851,0.37573,0.49301,1
1784418368.2472,222.34570,2629703916,0.37214,0.48676,1
1784418368.2539,222.35239,2629770807,0.37214,0.48676,1
1784418368.2606,222.35910,2629837973,0.37458,0.48499,1
1784418368.2676,222.36609,2629907828,0.37292,0.48835,1
1784418368.2740,222.37250,2629971863,0.37292,0.48835,1
1784418368.2809,222.37939,2630040931,0.37411,0.49049,1
1784418368.2874,222.38588,2630105674,0.37597,0.49135,1
1784418368.2943,222.39281,2630175001,0.37597,0.49135,1
1784418368.3011,222.39960,2630242904,0.37447,0.48919,1
1784418368.3075,222.40598,2630306710,0.37691,0.48935,1
1784418368.3145,222.41295,2630376322,0.37691,0.48935,1
1784418368.3209,222.41937,2630440650,0.36593,0.49362,1
1784418368.3279,222.42633,2630510288,0.36192,0.49669,1
1784418368.3343,222.43277,2630574597,0.36097,0.49474,1
1784418368.3413,222.43973,2630644238,0.34301,0.50434,1
1784418368.3477,222.44615,2630708418,0.34459,0.50544,1
1784418368.3546,222.45309,2630777830,0.34542,0.50865,1
1784418368.3611,222.45956,2630842558,0.35156,0.52281,1
1784418368.3678,222.46628,2630909739,0.34768,0.52396,1
1784418368.3748,222.47324,2630979322,0.34936,0.52875,1
1784418368.3815,222.47995,2631046383,0.35552,0.53615,1
1784418368.3882,222.48666,2631113612,0.35140,0.52671,1
1784418368.3948,222.49329,2631179726,0.35140,0.52671,1
1784418368.4016,222.50005,2631247333,0.35411,0.52897,1
1784418368.4080,222.50645,2631311427,0.35062,0.53016,1
1784418368.4149,222.51338,2631380697,0.35062,0.53016,1
1784418368.4214,222.51987,2631445585,0.35980,0.53630,1
1784418368.4281,222.52655,2631512475,0.35842,0.53579,1
1784418368.4351,222.53352,2631582166,0.35842,0.53579,1
1784418368.4415,222.53995,2631646447,0.35375,0.53294,1
1784418368.4485,222.54692,2631716065,0.35794,0.53916,1
1784418368.4549,222.55336,2631780440,0.35732,0.53665,1
1784418368.4618,222.56026,2631849528,0.34776,0.52813,1
1784418368.4683,222.56676,2631914439,0.34495,0.52325,1
1784418368.4753,222.57381,2631984993,0.34420,0.52035,1
1784418368.4817,222.58012,2632048160,0.35030,0.51981,1
1784418368.4886,222.58711,2632118074,0.35050,0.51413,1
1784418368.4951,222.59354,2632182220,0.35026,0.51345,1
1784418368.5021,222.60054,2632252302,0.35491,0.51058,1
1784418368.5087,222.60716,2632318519,0.35462,0.50862,1
1784418368.5152,222.61363,2632383247,0.35303,0.50383,1
1784418368.5219,222.62032,2632450095,0.35840,0.50048,1
1784418368.5285,222.62701,2632517064,0.35370,0.49813,1
1784418368.5355,222.63394,2632586334,0.35274,0.49626,1
1784418368.5419,222.64041,2632651101,0.35414,0.50116,1
1784418368.5489,222.64734,2632720231,0.35829,0.50227,1
1784418368.5557,222.65414,2632788308,0.35946,0.50482,1
1784418368.5621,222.66052,2632852139,0.36125,0.51023,1
1784418368.5691,222.66760,2632922870,0.35769,0.50932,1
1784418368.5757,222.67419,2632988930,0.35592,0.50394,1
1784418368.5825,222.68092,2633056148,0.35704,0.49724,1
1784418368.5891,222.68753,2633122211,0.35670,0.50315,1
1784418368.5958,222.69427,2633189718,0.35670,0.50315,1
1784418368.6022,222.70071,2633254062,0.36213,0.50207,1
1784418368.6089,222.70741,2633320970,0.34846,0.50094,1
1784418368.6156,222.71411,2633388057,0.35005,0.50565,1
1784418368.6223,222.72078,2633454781,0.34640,0.52042,1
1784418368.6293,222.72774,2633524229,0.35210,0.52610,1
1784418368.6357,222.73421,2633589048,0.35210,0.52610,1
1784418368.6427,222.74117,2633658523,0.34629,0.52356,1
1784418368.6492,222.74762,2633723055,0.34473,0.51953,1
1784418368.6561,222.75459,2633792807,0.34381,0.51776,1
1784418368.6625,222.76099,2633856841,0.34432,0.50305,1
1784418368.6694,222.76791,2633925976,0.33948,0.53094,1
1784418368.6763,222.77477,2633994594,0.34201,0.53862,1
1784418368.6829,222.78133,2634060182,0.34921,0.52513,1
1784418368.6893,222.78777,2634124618,0.34918,0.52529,1
1784418368.6962,222.79469,2634193883,0.35085,0.53007,1
1784418368.7027,222.80119,2634258803,0.35722,0.52309,1
1784418368.7094,222.80788,2634325666,0.36033,0.52222,1
1784418368.7164,222.81485,2634395344,0.36138,0.52460,1
1784418368.7230,222.82149,2634461800,0.36484,0.52666,1
1784418368.7298,222.82829,2634529864,0.36843,0.54961,1
1784418368.7362,222.83467,2634593652,0.36781,0.54682,1
1784418368.7432,222.84163,2634663236,0.35938,0.53671,1
1784418368.7496,222.84810,2634727919,0.35780,0.52898,1
1784418368.7567,222.85512,2634798119,0.35437,0.51891,1
1784418368.7632,222.86169,2634863925,0.35502,0.51516,1
1784418368.7700,222.86845,2634931426,0.35408,0.50763,1
1784418368.7769,222.87538,2635000754,0.35408,0.50763,1
1784418368.7833,222.88181,2635064958,0.33956,0.50391,1
1784418368.7900,222.88849,2635131767,0.34570,0.51833,1
1784418368.7967,222.89517,2635198654,0.34640,0.52114,1
1784418368.8032,222.90166,2635263545,0.35000,0.51718,1
1784418368.8099,222.90834,2635330377,0.35329,0.51638,1
1784418368.8168,222.91527,2635399586,0.35411,0.51952,1
1784418368.8233,222.92175,2635464496,0.34746,0.52818,1
1784418368.8302,222.92867,2635533522,0.35573,0.53351,1
1784418368.8370,222.93547,2635601662,0.35679,0.53579,1
1784418368.8436,222.94209,2635667802,0.35741,0.53180,1
1784418368.8501,222.94853,2635732259,0.35769,0.53283,1
1784418368.8570,222.95546,2635801449,0.35769,0.53283,1
1784418368.8638,222.96223,2635869180,0.35990,0.53158,1
1784418368.8702,222.96864,2635933283,0.36558,0.53563,1
1784418368.8769,222.97534,2636000318,0.36655,0.53759,1
1784418368.8835,222.98201,2636067002,0.36691,0.53700,1
1784418368.8903,222.98872,2636134135,0.36641,0.52837,1
1784418368.8972,222.99565,2636203403,0.36313,0.51829,1
1784418368.9037,223.00212,2636268064,0.36028,0.51234,1
1784418368.9104,223.00883,2636335314,0.34891,0.50951,1
1784418368.9170,223.01550,2636401991,0.34891,0.50951,1
1784418368.9237,223.02220,2636468911,0.34375,0.51425,1
1784418368.9307,223.02919,2636538856,0.35508,0.52723,1
1784418368.9372,223.03564,2636603282,0.35666,0.53185,1
1784418368.9441,223.04253,2636672232,0.34657,0.53265,1
1784418368.9510,223.04942,2636741204,0.34773,0.51328,1
1784418368.9576,223.05611,2636807983,0.34773,0.51328,1
1784418368.9639,223.06241,2636871042,0.34191,0.50190,1
1784418368.9709,223.06935,2636940403,0.34035,0.50299,1
1784418368.9773,223.07579,2637004866,0.33866,0.49815,1
1784418368.9840,223.08250,2637071923,0.34329,0.48259,1
1784418368.9910,223.08943,2637141222,0.34266,0.48050,1
1784418368.9974,223.09590,2637205899,0.34172,0.47855,1
1784418369.0043,223.10281,2637275116,0.34238,0.48540,1
1784418369.0110,223.10951,2637342096,0.34897,0.49923,1
1784418369.0175,223.11600,2637406844,0.35143,0.50729,1
1784418369.0242,223.12270,2637473830,0.34536,0.51568,1
1784418369.0309,223.12938,2637540765,0.34565,0.52101,1
1784418369.0378,223.13631,2637609933,0.34735,0.52583,1
1784418369.0443,223.14281,2637674936,0.34840,0.53263,1
1784418369.0512,223.14970,2637743946,0.34909,0.52956,1
1784418369.0577,223.15617,2637808630,0.34909,0.52956,1
1784418369.0644,223.16287,2637875626,0.34938,0.53241,1
1784418369.0713,223.16980,2637944879,0.34918,0.52721,1
1784418369.0782,223.17665,2638013449,0.34918,0.52721,1
1784418369.0848,223.18326,2638079469,0.34814,0.52456,1
1784418369.0912,223.18968,2638143660,0.35253,0.52549,1
1784418369.0981,223.19659,2638212863,0.35253,0.52549,1
1784418369.1046,223.20309,2638277918,0.35004,0.52671,1
1784418369.1115,223.20999,2638346845,0.35391,0.52762,1
1784418369.1182,223.21669,2638413748,0.35391,0.52762,1
1784418369.1249,223.22339,2638480763,0.35421,0.52646,1
1784418369.1317,223.23021,2638549006,0.35655,0.52682,1
1784418369.1383,223.23679,2638614713,0.35819,0.53165,1
1784418369.1451,223.24358,2638682715,0.36196,0.53465,1
1784418369.1517,223.25020,2638748840,0.36605,0.53636,1
1784418369.1582,223.25671,2638813986,0.36710,0.53868,1
1784418369.1649,223.26335,2638880416,0.36877,0.53192,1
1784418369.1720,223.27042,2638951063,0.37080,0.52399,1
1784418369.1783,223.27676,2639014580,0.36864,0.51612,1
1784418369.1853,223.28377,2639084528,0.36872,0.50313,1
1784418369.1917,223.29016,2639148569,0.36828,0.49566,1
1784418369.1987,223.29712,2639218048,0.36505,0.48503,1
1784418369.2051,223.30354,2639282325,0.35237,0.49536,1
1784418369.2118,223.31026,2639349482,0.35436,0.49247,1
1784418369.2185,223.31694,2639416246,0.35436,0.49247,1
1784418369.2252,223.32364,2639483256,0.34808,0.49174,1
1784418369.2319,223.33032,2639550202,0.34094,0.50069,1
1784418369.2386,223.33704,2639617210,0.34262,0.50550,1
1784418369.2455,223.34396,2639686574,0.34443,0.50714,1
1784418369.2520,223.35045,2639751443,0.34629,0.50511,1
1784418369.2589,223.35738,2639820617,0.34597,0.50582,1
1784418369.2654,223.36383,2639885158,0.34922,0.50879,1
1784418369.2721,223.37054,2639952282,0.34967,0.51706,1
1784418369.2791,223.37752,2640022085,0.35157,0.52257,1
1784418369.2855,223.38393,2640086137,0.35555,0.52567,1
1784418369.2924,223.39085,2640155426,0.35685,0.52662,1
1784418369.2988,223.39731,2640219959,0.35685,0.52662,1
1784418369.3056,223.40402,2640287148,0.35630,0.52642,1
1784418369.3125,223.41101,2640356947,0.35631,0.52579,1
1784418369.3194,223.41789,2640425765,0.35631,0.52579,1
1784418369.3259,223.42436,2640490525,0.35464,0.52495,1
1784418369.3326,223.43109,2640557807,0.35116,0.52614,1
1784418369.3394,223.43790,2640625946,0.35149,0.52549,1
1784418369.3458,223.44427,2640689599,0.34673,0.52105,1
1784418369.3527,223.45117,2640758621,0.35903,0.52156,1
1784418369.3592,223.45763,2640823178,0.35720,0.51610,1
1784418369.3661,223.46454,2640892327,0.35863,0.51119,1
1784418369.3725,223.47101,2640956965,0.35661,0.50590,1
1784418369.3793,223.47772,2641024121,0.35503,0.50109,1
1784418369.3862,223.48468,2641093639,0.34647,0.49706,1
1784418369.3926,223.49107,2641157713,0.34288,0.49168,1
1784418369.3996,223.49803,2641227202,0.34125,0.48687,1
1784418369.4060,223.50450,2641291904,0.36530,0.47353,1
1784418369.4129,223.51141,2641360981,0.37352,0.47771,1
1784418369.4194,223.51790,2641425831,0.37493,0.48259,1
1784418369.4263,223.52481,2641495035,0.35437,0.48157,1
1784418369.4332,223.53162,2641563124,0.36998,0.48607,1
1784418369.4397,223.53821,2641628929,0.37145,0.49100,1
1784418369.4465,223.54497,2641696521,0.37764,0.49036,1
1784418369.4531,223.55161,2641763008,0.37657,0.49384,1
1784418369.4599,223.55832,2641830135,0.37514,0.48893,1
1784418369.4663,223.56477,2641894664,0.37135,0.49534,1
1784418369.4732,223.57169,2641963814,0.37692,0.49072,1
1784418369.4797,223.57817,2642028634,0.37745,0.49359,1
1784418369.4864,223.58488,2642095773,0.37625,0.50129,1
1784418369.4931,223.59157,2642162516,0.38267,0.51159,1
1784418369.5000,223.59850,2642231887,0.38475,0.51965,1
1784418369.5068,223.60524,2642299368,0.38125,0.54104,1
1784418369.5134,223.61189,2642365805,0.37840,0.52347,1
1784418369.5203,223.61879,2642434759,0.37840,0.52347,1
1784418369.5294,223.62791,2642526010,0.38038,0.54043,1
1784418369.5333,223.63177,2642564664,0.38092,0.51789,1
1784418369.5400,223.63846,2642631500,0.38092,0.51789,1
1784418369.5469,223.64540,2642700945,0.38232,0.51689,1
1784418369.5534,223.65184,2642765330,0.38261,0.52039,1
1784418369.5603,223.65878,2642834665,0.38261,0.52039,1
1784418369.5671,223.66559,2642902735,0.38160,0.53722,1
1784418369.5735,223.67197,2642966555,0.38338,0.51585,1
1784418369.5802,223.67863,2643033243,0.38434,0.51820,1
1784418369.5869,223.68536,2643100544,0.39014,0.51061,1
1784418369.5939,223.69232,2643170110,0.40714,0.54718,1
1784418369.6003,223.69873,2643234279,0.40587,0.54249,1
1784418369.6072,223.70566,2643303473,0.43068,0.52754,1
1784418369.6137,223.71214,2643368266,0.43488,0.51853,1
1784418369.6204,223.71886,2643435440,0.43355,0.51092,1
1784418369.6273,223.72581,2643505077,0.41257,0.49969,1
1784418369.6338,223.73224,2643569223,0.41327,0.48917,1
1784418369.6407,223.73920,2643638854,0.41196,0.48361,1
1784418369.6472,223.74562,2643703159,0.43248,0.56360,1
1784418369.6541,223.75255,2643772396,0.42802,0.72692,1
1784418369.6606,223.75902,2643837151,0.42802,0.72692,1
1784418369.6673,223.76572,2643904105,0.42802,0.72692,0
1784418369.6740,223.77242,2643971115,0.42802,0.72692,0
1784418369.6806,223.77911,2644038052,0.42802,0.72692,0
1784418369.6876,223.78610,2644107905,0.42802,0.72692,0
1784418369.6941,223.79253,2644172206,0.42802,0.72692,0
1784418369.7010,223.79951,2644242115,0.42802,0.72692,0
1784418369.7078,223.80629,2644309777,0.42802,0.72692,0
1784418369.7145,223.81300,2644376997,0.42802,0.72692,0
1784418369.7208,223.81931,2644440037,0.42802,0.72692,0
1784418369.7278,223.82625,2644509378,0.42802,0.72692,0
1784418369.7342,223.83270,2644573912,0.42802,0.72692,0
1784418369.7412,223.83963,2644643211,0.42802,0.72692,0
1784418369.7477,223.84612,2644708102,0.42802,0.72692,0
1784418369.7546,223.85303,2644777127,0.42802,0.72692,0
1784418369.7610,223.85950,2644841825,0.42802,0.72692,0
1784418369.7677,223.86620,2644908840,0.42802,0.72692,0
1784418369.7747,223.87314,2644978250,0.42802,0.72692,0
1784418369.7811,223.87958,2645042753,0.42802,0.72692,0
1784418369.7881,223.88654,2645112277,0.42802,0.72692,0
1784418369.7945,223.89301,2645176938,0.42802,0.72692,0
1784418369.8015,223.89992,2645246027,0.42802,0.72692,0
1784418369.8082,223.90668,2645313699,0.42802,0.72692,0
1784418369.8151,223.91356,2645382453,0.42802,0.72692,0
1784418369.8213,223.91980,2645444924,0.42802,0.72692,0
1784418369.8282,223.92671,2645514107,0.42802,0.72692,0
1784418369.8347,223.93320,2645578845,0.42802,0.72692,0
1784418369.8417,223.94012,2645648184,0.42802,0.72692,0
1784418369.8481,223.94658,2645712650,0.42802,0.72692,0
1784418369.8550,223.95349,2645781863,0.42802,0.72692,0
1784418369.8615,223.95998,2645846748,0.42802,0.72692,0
1784418369.8682,223.96667,2645913586,0.42407,0.55388,1
1784418369.8753,223.97372,2645984194,0.42269,0.53256,1
1784418369.8816,223.98009,2646047801,0.42539,0.54610,1
1784418369.8887,223.98715,2646118385,0.44129,0.54103,1
1784418369.8952,223.99370,2646183933,0.44537,0.55474,1
1784418369.9021,224.00058,2646252650,0.44749,0.56483,1
1784418369.9087,224.00713,2646318175,0.44709,0.55016,1
1784418369.9154,224.01382,2646385152,0.45593,0.53577,1
1784418369.9218,224.02025,2646449351,0.45400,0.52405,1
1784418369.9287,224.02718,2646518669,0.45060,0.51731,1
1784418369.9352,224.03366,2646583584,0.44487,0.51293,1
1784418369.9419,224.04036,2646650555,0.44363,0.50512,1
1784418369.9489,224.04733,2646720258,0.44316,0.49497,1
1784418369.9555,224.05397,2646786575,0.44035,0.48514,1
1784418369.9622,224.06071,2646854047,0.44021,0.48444,1
1784418369.9687,224.06714,2646918289,0.43607,0.48530,1
1784418369.9756,224.07410,2646987849,0.43824,0.49212,1
1784418369.9821,224.08055,2647052485,0.43824,0.49212,1
1784418369.9890,224.08746,2647121611,0.43690,0.48603,1
1784418369.9955,224.09393,2647186270,0.43767,0.47498,1
1784418370.0025,224.10092,2647256169,0.43670,0.47003,1
1784418370.0089,224.10733,2647320219,0.42560,0.46396,1
1784418370.0158,224.11427,2647389634,0.42595,0.46214,1
1784418370.0225,224.12100,2647456923,0.42595,0.46214,1
1784418370.0290,224.12743,2647521131,0.42494,0.46110,1
1784418370.0359,224.13437,2647590648,0.42783,0.45402,1
1784418370.0424,224.14082,2647655081,0.42666,0.44822,1
1784418370.0493,224.14775,2647724358,0.42479,0.46303,1
1784418370.0562,224.15462,2647793070,0.42365,0.45629,1
1784418370.0627,224.16121,2647859028,0.42249,0.45066,1
1784418370.0692,224.16763,2647923250,0.41078,0.41664,1
1784418370.0761,224.17458,2647992683,0.41196,0.44114,1
1784418370.0826,224.18103,2648057275,0.41359,0.44974,1
1784418370.0896,224.18808,2648127646,0.41694,0.47226,1
1784418370.0962,224.19466,2648193432,0.42074,0.48979,1
1784418370.1029,224.20135,2648260386,0.42355,0.50348,1
1784418370.1094,224.20782,2648325160,0.42499,0.50499,1
1784418370.1163,224.21474,2648394250,0.42648,0.52873,1
1784418370.1232,224.22165,2648463340,0.42724,0.53109,1
1784418370.1297,224.22815,2648528392,0.42633,0.50578,1
1784418370.1364,224.23483,2648595312,0.42347,0.49992,1
1784418370.1429,224.24133,2648660219,0.42236,0.49497,1
1784418370.1498,224.24823,2648729182,0.42379,0.49959,1
1784418370.1562,224.25470,2648793885,0.42239,0.49559,1
1784418370.1629,224.26141,2648860972,0.42239,0.49559,1
1784418370.1699,224.26833,2648930236,0.41985,0.50090,1
1784418370.1763,224.27478,2648994749,0.42530,0.50542,1
1784418370.1832,224.28171,2649064002,0.42365,0.49700,1
1784418370.1901,224.28860,2649132970,0.43276,0.47243,1
1784418370.1967,224.29514,2649198283,0.42967,0.45147,1
1784418370.2031,224.30157,2649262710,0.42854,0.44573,1
1784418370.2100,224.30850,2649331929,0.43778,0.45426,1
1784418370.2165,224.31497,2649396697,0.43750,0.47192,1
1784418370.2234,224.32190,2649465979,0.43859,0.47751,1
1784418370.2299,224.32837,2649530613,0.43808,0.45846,1
1784418370.2366,224.33508,2649597724,0.44604,0.45903,1
1784418370.2436,224.34207,2649667666,0.44604,0.45903,1
1784418370.2500,224.34851,2649731943,0.44305,0.45681,1
1784418370.2570,224.35547,2649801603,0.44372,0.45994,1
1784418370.2634,224.36189,2649865786,0.44372,0.45994,1
1784418370.2703,224.36880,2649934958,0.44289,0.46151,1
1784418370.2771,224.37561,2650002962,0.44326,0.46754,1
1784418370.2838,224.38222,2650069149,0.44352,0.47051,1
1784418370.2905,224.38901,2650137030,0.44032,0.47870,1
1784418370.2969,224.39537,2650200551,0.44034,0.48627,1
1784418370.3039,224.40237,2650270640,0.44170,0.49449,1
1784418370.3103,224.40877,2650334518,0.44564,0.50243,1
1784418370.3173,224.41573,2650404164,0.44460,0.51620,1
1784418370.3237,224.42215,2650468455,0.44530,0.51851,1
1784418370.3306,224.42908,2650537667,0.44774,0.51749,1
1784418370.3371,224.43555,2650602380,0.44820,0.51729,1
1784418370.3441,224.44260,2650672813,0.44698,0.50960,1
1784418370.3505,224.44894,2650736331,0.44962,0.50499,1
1784418370.3572,224.45563,2650803215,0.44927,0.49581,1
1784418370.3641,224.46259,2650872782,0.44826,0.49030,1
1784418370.3706,224.46909,2650937700,0.43865,0.50174,1
1784418370.3775,224.47597,2651006517,0.44306,0.49722,1
1784418370.3840,224.48245,2651071439,0.44306,0.49722,1
1784418370.3907,224.48914,2651138272,0.44796,0.47742,1
1784418370.3976,224.49611,2651207984,0.43637,0.47926,1
1784418370.4041,224.50253,2651272260,0.43668,0.48208,1
1784418370.4112,224.50969,2651343834,0.42899,0.51128,1
1784418370.4175,224.51595,2651406307,0.42185,0.49779,1
1784418370.4244,224.52289,2651475837,0.42419,0.50817,1
1784418370.4309,224.52933,2651540153,0.43009,0.53511,1
1784418370.4378,224.53624,2651609325,0.42966,0.51422,1
1784418370.4445,224.54295,2651676493,0.43074,0.51912,1
1784418370.4512,224.54964,2651743302,0.43248,0.53014,1
1784418370.4577,224.55612,2651808131,0.42892,0.52823,1
1784418370.4646,224.56310,2651877854,0.42892,0.52823,1
1784418370.4715,224.56992,2651946107,0.42692,0.51714,1
1784418370.4783,224.57678,2652014709,0.42567,0.51515,1
1784418370.4847,224.58315,2652078423,0.42567,0.51515,1
1784418370.4911,224.58960,2652142964,0.42910,0.51537,1
1784418370.4981,224.59653,2652212222,0.42378,0.50955,1
1784418370.5046,224.60303,2652277141,0.42378,0.50955,1
1784418370.5115,224.60994,2652346240,0.42857,0.50394,1
1784418370.5179,224.61641,2652410965,0.42536,0.50456,1
1784418370.5246,224.62311,2652477935,0.42568,0.50713,1
1784418370.5316,224.63008,2652547798,0.43087,0.52364,1
1784418370.5380,224.63651,2652611902,0.42993,0.52551,1
1784418370.5450,224.64343,2652681254,0.43104,0.53046,1
1784418370.5514,224.64990,2652745913,0.42917,0.52695,1
1784418370.5583,224.65681,2652815020,0.43015,0.52818,1
1784418370.5648,224.66330,2652879909,0.42983,0.52554,1
1784418370.5715,224.67000,2652946894,0.43542,0.51764,1
1784418370.5786,224.67709,2653017823,0.43435,0.51075,1
1784418370.5852,224.68362,2653083226,0.43222,0.50070,1
1784418370.5916,224.69008,2653147736,0.42476,0.49796,1
1784418370.5986,224.69702,2653217083,0.41950,0.48844,1
1784418370.6050,224.70348,2653281660,0.41837,0.48342,1
1784418370.6117,224.71016,2653348571,0.43432,0.48381,1
1784418370.6187,224.71712,2653418058,0.43517,0.49330,1
1784418370.6251,224.72357,2653482626,0.43517,0.49330,1
1784418370.6320,224.73051,2653552120,0.44222,0.47802,1
1784418370.6387,224.73720,2653618815,0.43838,0.48155,1
1784418370.6455,224.74393,2653686153,0.43838,0.48155,1
1784418370.6522,224.75070,2653753962,0.44641,0.48478,1
1784418370.6588,224.75731,2653820009,0.44968,0.48360,1
1784418370.6658,224.76422,2653889140,0.44865,0.47786,1
1784418370.6721,224.77055,2653952460,0.46133,0.48253,1
1784418370.6787,224.77716,2654018554,0.45967,0.48509,1
1784418370.6854,224.78387,2654085647,0.45852,0.47657,1
1784418370.6923,224.79080,2654154954,0.45213,0.46736,1
1784418370.6992,224.79764,2654223275,0.45264,0.45245,1
1784418370.7055,224.80397,2654286565,0.45170,0.44676,1
1784418370.7122,224.81064,2654353340,0.46011,0.45652,1
1784418370.7189,224.81735,2654420428,0.45981,0.46147,1
1784418370.7259,224.82439,2654490748,0.45981,0.46147,1
1784418370.7323,224.83073,2654554265,0.45786,0.46383,1
1784418370.7392,224.83768,2654623720,0.45973,0.46516,1
1784418370.7457,224.84416,2654688475,0.45990,0.46798,1
1784418370.7526,224.85109,2654757756,0.47730,0.47867,1
1784418370.7591,224.85754,2654822335,0.46589,0.48767,1
1784418370.7660,224.86449,2654891720,0.46760,0.49855,1
1784418370.7725,224.87096,2654956444,0.47544,0.50926,1
1784418370.7794,224.87785,2655025439,0.47365,0.50843,1
1784418370.7859,224.88434,2655090275,0.47448,0.51390,1
1784418370.7926,224.89102,2655157068,0.47017,0.51575,1
1784418370.7995,224.89795,2655226384,0.47057,0.50913,1
1784418370.8060,224.90442,2655291166,0.47072,0.51158,1
1784418370.8127,224.91113,2655358292,0.47161,0.51988,1
1784418370.8197,224.91812,2655428053,0.47249,0.52621,1
1784418370.8261,224.92453,2655492240,0.47324,0.53100,1
1784418370.8332,224.93164,2655563335,0.47212,0.53446,1
1784418370.8397,224.93814,2655628348,0.47173,0.53520,1
1784418370.8464,224.94489,2655695825,0.47173,0.53520,1
1784418370.8531,224.95155,2655762472,0.47740,0.53861,1
1784418370.8598,224.95825,2655829473,0.47704,0.53549,1
1784418370.8663,224.96472,2655894097,0.47704,0.53549,1
1784418370.8732,224.97163,2655963185,0.47958,0.53945,1
1784418370.8796,224.97810,2656027979,0.47873,0.53152,1
1784418370.8866,224.98503,2656097225,0.47846,0.52628,1
1784418370.8934,224.99182,2656165052,0.47974,0.50891,1
1784418370.9001,224.99860,2656232830,0.48311,0.50062,1
1784418370.9067,225.00513,2656298243,0.48170,0.49024,1
1784418370.9134,225.01183,2656365189,0.45679,0.47893,1
1784418370.9198,225.01831,2656430059,0.45631,0.47696,1
1784418370.9265,225.02499,2656496838,0.45537,0.47137,1
1784418370.9335,225.03195,2656566479,0.45900,0.45721,1
1784418370.9399,225.03841,2656630965,0.44732,0.45166,1
1784418370.9468,225.04530,2656699966,0.44634,0.44599,1
1784418370.9533,225.05177,2656764653,0.44846,0.46397,1
1784418370.9603,225.05873,2656834234,0.45355,0.46476,1
1784418370.9667,225.06519,2656898742,0.45490,0.47566,1
1784418370.9734,225.07188,2656965695,0.48757,0.47903,1
1784418370.9803,225.07880,2657034904,0.50227,0.49081,1
1784418370.9871,225.08554,2657102335,0.50397,0.50452,1
1784418370.9935,225.09196,2657166613,0.50037,0.50892,1
1784418371.0002,225.09868,2657233626,0.49252,0.50515,1
1784418371.0072,225.10565,2657303392,0.49192,0.50023,1
1784418371.0138,225.11230,2657369915,0.50451,0.48889,1
1784418371.0206,225.11908,2657437773,0.50574,0.49646,1
1784418371.0278,225.12624,2657509232,0.50574,0.49646,1
1784418371.0341,225.13258,2657572717,0.50157,0.49692,1
1784418371.0407,225.13913,2657638140,0.49526,0.49030,1
1784418371.0474,225.14586,2657705439,0.49526,0.49030,1
1784418371.0538,225.15228,2657769795,0.49563,0.49690,1
1784418371.0605,225.15898,2657836695,0.49503,0.49311,1
1784418371.0672,225.16565,2657903477,0.49561,0.49807,1
1784418371.0739,225.17233,2657970277,0.49229,0.50886,1
1784418371.0808,225.17928,2658039703,0.49577,0.51441,1
1784418371.0875,225.18597,2658106630,0.49577,0.51441,1
1784418371.0942,225.19267,2658173698,0.49139,0.51214,1
1784418371.1007,225.19917,2658238571,0.49167,0.50777,1
1784418371.1074,225.20586,2658305401,0.49107,0.50289,1
1784418371.1143,225.21277,2658374552,0.48757,0.50460,1
1784418371.1211,225.21956,2658442536,0.48764,0.48534,1
1784418371.1275,225.22595,2658506489,0.48771,0.48787,1
1784418371.1345,225.23293,2658576236,0.48440,0.50406,1
1784418371.1409,225.23933,2658640260,0.48606,0.50776,1
1784418371.1479,225.24641,2658711051,0.48671,0.51270,1
1784418371.1543,225.25276,2658774526,0.48533,0.52611,1
1784418371.1613,225.25975,2658844385,0.48193,0.52090,1
1784418371.1677,225.26613,2658908146,0.48169,0.51560,1
1784418371.1746,225.27307,2658977648,0.49330,0.51142,1
1784418371.1814,225.27985,2659045435,0.49232,0.50263,1
1784418371.1878,225.28622,2659109170,0.49038,0.48677,1
1784418371.1947,225.29321,2659179029,0.48881,0.48474,1
1784418371.2014,225.29985,2659245471,0.48626,0.48226,1
1784418371.2081,225.30658,2659312637,0.48626,0.48226,1
1784418371.2150,225.31342,2659381105,0.49008,0.46305,1
1784418371.2215,225.32001,2659446958,0.49127,0.47375,1
1784418371.2283,225.32681,2659515056,0.49196,0.48227,1
1784418371.2349,225.33334,2659580396,0.49284,0.49076,1
1784418371.2414,225.33983,2659645224,0.49353,0.50064,1
1784418371.2480,225.34651,2659712061,0.49419,0.50616,1
1784418371.2547,225.35321,2659778976,0.48618,0.51759,1
1784418371.2615,225.35992,2659846114,0.48771,0.52139,1
1784418371.2684,225.36682,2659915188,0.48780,0.52387,1
1784418371.2748,225.37329,2659979860,0.49234,0.51572,1
1784418371.2815,225.38000,2660046973,0.49185,0.51982,1
1784418371.2886,225.38705,2660117446,0.49306,0.52950,1
1784418371.2950,225.39342,2660181074,0.49647,0.51631,1
1784418371.3019,225.40033,2660250218,0.49634,0.52137,1
1784418371.3083,225.40680,2660314831,0.49634,0.52137,1
1784418371.3150,225.41350,2660381846,0.49778,0.51496,1
1784418371.3221,225.42052,2660452018,0.48810,0.50649,1
1784418371.3284,225.42688,2660515719,0.48740,0.49882,1
1784418371.3355,225.43394,2660586432,0.48994,0.51037,1
1784418371.3418,225.44029,2660649795,0.48907,0.50550,1
1784418371.3488,225.44725,2660719385,0.48844,0.50059,1
1784418371.3552,225.45370,2660783983,0.49061,0.51146,1
1784418371.3622,225.46068,2660853662,0.49084,0.51154,1
1784418371.3686,225.46707,2660917688,0.49084,0.51154,1
1784418371.3755,225.47400,2660986898,0.49420,0.51101,1
1784418371.3820,225.48047,2661051623,0.49232,0.50730,1
1784418371.3890,225.48744,2661121399,0.49230,0.50439,1
1784418371.3957,225.49420,2661188924,0.48534,0.49282,1
1784418371.4021,225.50060,2661252794,0.48544,0.48921,1
1784418371.4091,225.50757,2661322668,0.48472,0.48364,1
1784418371.4157,225.51419,2661388852,0.48963,0.47295,1
1784418371.4226,225.52109,2661457746,0.48866,0.46993,1
1784418371.4290,225.52748,2661521722,0.48798,0.46427,1
1784418371.4360,225.53442,2661591124,0.49076,0.47287,1
1784418371.4423,225.54074,2661654388,0.49666,0.44685,1
1784418371.4492,225.54768,2661723682,0.49606,0.44114,1
1784418371.4557,225.55415,2661788461,0.49653,0.45864,1
1784418371.4624,225.56085,2661855494,0.49962,0.45972,1
1784418371.4693,225.56778,2661924717,0.50021,0.46807,1
1784418371.4762,225.57471,2661994010,0.49246,0.47876,1
1784418371.4827,225.58121,2662059052,0.49008,0.47495,1
1784418371.4892,225.58766,2662123481,0.49149,0.48892,1
1784418371.4962,225.59467,2662193629,0.50485,0.49463,1
1784418371.5026,225.60106,2662257534,0.50617,0.49898,1
1784418371.5095,225.60797,2662326625,0.50660,0.50144,1
1784418371.5163,225.61481,2662394936,0.49668,0.50311,1
1784418371.5227,225.62117,2662458574,0.49698,0.50227,1
1784418371.5294,225.62782,2662525191,0.49636,0.49442,1
1784418371.5361,225.63457,2662592509,0.49882,0.49095,1
1784418371.5431,225.64153,2662662216,0.49834,0.48894,1
1784418371.5495,225.64792,2662726106,0.49711,0.47779,1
1784418371.5564,225.65485,2662795400,0.49486,0.47731,1
1784418371.5629,225.66133,2662860174,0.49515,0.47845,1
1784418371.5702,225.66870,2662933984,0.49515,0.47845,1
1784418371.5763,225.67473,2662994193,0.49753,0.44419,1
1784418371.5832,225.68167,2663063596,0.50029,0.46202,1
1784418371.5900,225.68849,2663131854,0.50087,0.46771,1
1784418371.5967,225.69514,2663198312,0.50015,0.46597,1
1784418371.6033,225.70175,2663264366,0.49751,0.46532,1
1784418371.6100,225.70847,2663331519,0.49751,0.46532,1
1784418371.6168,225.71523,2663399135,0.50352,0.45177,1
1784418371.6232,225.72163,2663463207,0.50149,0.47372,1
1784418371.6299,225.72833,2663530186,0.50149,0.47372,1
1784418371.6365,225.73500,2663596976,0.49871,0.47065,1
1784418371.6432,225.74171,2663664070,0.50024,0.47291,1
1784418371.6502,225.74863,2663733166,0.49965,0.46727,1
1784418371.6570,225.75542,2663801052,0.49553,0.46095,1
1784418371.6633,225.76181,2663865086,0.49767,0.45882,1
1784418371.6703,225.76874,2663934345,0.49767,0.45882,1
1784418371.6770,225.77544,2664001203,0.49620,0.46268,1
1784418371.6837,225.78214,2664068186,0.50344,0.45725,1
1784418371.6904,225.78886,2664135538,0.50344,0.45725,1
1784418371.6968,225.79529,2664199837,0.50410,0.45951,1
1784418371.7039,225.80235,2664270502,0.50410,0.45007,1
1784418371.7102,225.80870,2664333880,0.50356,0.44438,1
1784418371.7171,225.81561,2664402964,0.50903,0.44629,1
1784418371.7236,225.82210,2664467943,0.50710,0.42698,1
1784418371.7303,225.82880,2664534817,0.50710,0.42698,1
1784418371.7370,225.83548,2664601702,0.47388,0.44516,1
1784418371.7437,225.84219,2664668785,0.47897,0.46694,1
1784418371.7507,225.84915,2664738409,0.47975,0.47525,1
1784418371.7571,225.85556,2664802588,0.48555,0.48723,1
1784418371.7641,225.86252,2664872116,0.48815,0.47457,1
1784418371.7705,225.86899,2664936826,0.48954,0.48596,1
1784418371.7774,225.87590,2665005850,0.47808,0.50704,1
1784418371.7842,225.88264,2665073361,0.47990,0.50640,1
1784418371.7908,225.88931,2665140048,0.47912,0.50086,1
1784418371.7977,225.89618,2665208703,0.48396,0.49198,1
1784418371.8040,225.90250,2665271884,0.48451,0.48172,1
1784418371.8110,225.90947,2665341568,0.48379,0.47611,1
1784418371.8174,225.91586,2665405588,0.48340,0.47403,1
1784418371.8241,225.92256,2665472569,0.48549,0.47830,1
1784418371.8311,225.92952,2665542116,0.48620,0.48389,1
1784418371.8375,225.93596,2665606502,0.48196,0.48064,1
1784418371.8445,225.94292,2665676151,0.48679,0.48419,1
1784418371.8509,225.94934,2665740349,0.48679,0.48419,1
1784418371.8578,225.95627,2665809653,0.48348,0.47533,1
1784418371.8643,225.96275,2665874405,0.48386,0.48912,1
1784418371.8710,225.96945,2665941359,0.48313,0.48357,1
1784418371.8780,225.97643,2666011154,0.48001,0.48366,1
1784418371.8844,225.98283,2666075308,0.47972,0.48293,1
1784418371.8913,225.98976,2666144539,0.47972,0.48293,1
1784418371.8981,225.99661,2666213014,0.47943,0.47961,1
1784418371.9048,226.00322,2666279049,0.47844,0.48070,1
1784418371.9112,226.00964,2666343283,0.47920,0.48627,1
1784418371.9179,226.01633,2666410250,0.48651,0.48593,1
1784418371.9248,226.02328,2666479699,0.48692,0.49497,1
1784418371.9313,226.02974,2666544283,0.48764,0.50056,1
1784418371.9380,226.03644,2666611330,0.48078,0.49122,1
1784418371.9447,226.04312,2666678187,0.47985,0.49490,1
1784418371.9514,226.04984,2666745210,0.47985,0.49490,1
1784418371.9584,226.05690,2666815857,0.48858,0.49782,1
1784418371.9650,226.06345,2666881354,0.48707,0.49430,1
1784418371.9717,226.07021,2666948955,0.48780,0.50187,1
1784418371.9786,226.07707,2667017680,0.48171,0.51781,1
1784418371.9853,226.08376,2667084512,0.48348,0.53084,1
1784418371.9916,226.09007,2667147586,0.48417,0.53572,1
1784418371.9986,226.09709,2667217824,0.48122,0.53067,1
1784418372.0050,226.10344,2667281258,0.49119,0.52440,1
1784418372.0119,226.11034,2667350246,0.49028,0.51388,1
1784418372.0186,226.11710,2667417930,0.49377,0.50808,1
1784418372.0250,226.12350,2667481919,0.49099,0.48554,1
1784418372.0321,226.13060,2667552914,0.48971,0.47492,1
1784418372.0384,226.13690,2667615987,0.48693,0.47733,1
1784418372.0453,226.14381,2667685125,0.48278,0.47224,1
1784418372.0518,226.15030,2667749877,0.48290,0.47519,1
1784418372.0588,226.15723,2667819181,0.48419,0.48419,1
1784418372.0655,226.16397,2667886607,0.48434,0.49179,1
1784418372.0719,226.17038,2667950773,0.48508,0.49739,1
1784418372.0789,226.17741,2668021047,0.48895,0.50183,1
1784418372.0853,226.18381,2668084913,0.49079,0.50759,1
1784418372.0923,226.19072,2668154129,0.49087,0.51012,1
1784418372.0991,226.19756,2668222405,0.52156,0.50851,1
1784418372.1054,226.20389,2668285864,0.54158,0.51358,1
1784418372.1121,226.21059,2668352734,0.54206,0.52338,1
1784418372.1188,226.21729,2668419715,0.55563,0.52931,1
1784418372.1258,226.22427,2668489655,0.56619,0.52711,1
1784418372.1322,226.23068,2668553766,0.56634,0.51884,1
1784418372.1391,226.23759,2668622869,0.56452,0.51368,1
1784418372.1456,226.24409,2668687871,0.56962,0.49519,1
1784418372.1525,226.25099,2668756867,0.56980,0.48246,1
1784418372.1593,226.25780,2668824828,0.57798,0.48136,1
1784418372.1660,226.26442,2668891161,0.57631,0.48293,1
1784418372.1728,226.27126,2668959531,0.57631,0.48293,1
1784418372.1796,226.27809,2669027779,0.55802,0.47455,1
1784418372.1861,226.28459,2669092801,0.55790,0.46998,1
1784418372.1925,226.29097,2669156585,0.55768,0.47291,1
1784418372.1994,226.29788,2669225762,0.55009,0.47675,1
1784418372.2062,226.30470,2669293888,0.54815,0.47817,1
1784418372.2128,226.31128,2669359678,0.54836,0.48390,1
1784418372.2193,226.31776,2669424500,0.55536,0.50127,1
1784418372.2260,226.32446,2669491525,0.55472,0.49078,1
1784418372.2331,226.33157,2669562573,0.55486,0.49576,1
1784418372.2394,226.33784,2669625430,0.55598,0.49547,1
1784418372.2464,226.34486,2669695581,0.55826,0.49843,1
1784418372.2528,226.35126,2669759560,0.55822,0.50615,1
1784418372.2597,226.35817,2669828595,0.55919,0.50565,1
1784418372.2662,226.36467,2669893534,0.56105,0.50933,1
1784418372.2731,226.37161,2669963079,0.56114,0.51443,1
1784418372.2799,226.37837,2670030624,0.56501,0.50576,1
1784418372.2866,226.38504,2670097322,0.56464,0.50402,1
1784418372.2932,226.39166,2670163462,0.56481,0.50129,1
1784418372.2997,226.39813,2670228239,0.56377,0.54116,1
1784418372.3064,226.40485,2670295421,0.56572,0.53611,1
1784418372.3131,226.41153,2670362154,0.56547,0.53376,1
1784418372.3200,226.41846,2670431407,0.56537,0.52626,1
1784418372.3268,226.42531,2670499953,0.56725,0.53345,1
1784418372.3332,226.43163,2670563125,0.56744,0.53091,1
1784418372.3401,226.43855,2670632514,0.56693,0.51265,1
1784418372.3470,226.44542,2670701167,0.56792,0.50600,1
1784418372.3535,226.45200,2670766813,0.56783,0.49608,1
1784418372.3604,226.45882,2670835005,0.56618,0.50141,1
1784418372.3669,226.46539,2670900912,0.56763,0.49777,1
1784418372.3734,226.47189,2670965913,0.56763,0.49777,1
1784418372.3804,226.47885,2671035356,0.56541,0.50021,1
1784418372.3871,226.48555,2671102410,0.58056,0.50918,1
1784418372.3935,226.49193,2671166141,0.58062,0.50365,1
1784418372.4004,226.49884,2671235283,0.58127,0.49544,1
1784418372.4068,226.50531,2671300057,0.57960,0.49286,1
1784418372.4138,226.51225,2671369455,0.57965,0.48733,1
1784418372.4202,226.51871,2671433943,0.58253,0.47389,1
1784418372.4270,226.52542,2671501086,0.58103,0.47420,1
1784418372.4339,226.53235,2671570343,0.58080,0.47685,1
1784418372.4403,226.53879,2671634796,0.57867,0.49258,1
1784418372.4473,226.54572,2671704106,0.57856,0.47686,1
1784418372.4541,226.55257,2671772535,0.57870,0.48502,1
1784418372.4606,226.55911,2671838036,0.57764,0.49145,1
1784418372.4671,226.56558,2671902791,0.57590,0.48803,1
1784418372.4740,226.57251,2671972008,0.57590,0.48875,1
1784418372.4805,226.57898,2672036732,0.59418,0.48757,1
1784418372.4872,226.58568,2672103745,0.59354,0.49021,1
1784418372.4942,226.59265,2672173436,0.59354,0.49021,1
1784418372.5006,226.59908,2672237721,0.58636,0.48900,1
1784418372.5073,226.60577,2672304649,0.58551,0.49194,1
1784418372.5143,226.61273,2672374158,0.58542,0.49692,1
1784418372.5211,226.61961,2672443028,0.57895,0.49941,1
1784418372.5277,226.62616,2672508511,0.58023,0.50501,1
1784418372.5343,226.63280,2672574850,0.58023,0.50501,1
1784418372.5410,226.63950,2672641926,0.57711,0.49620,1
1784418372.5477,226.64621,2672708981,0.57704,0.49209,1
1784418372.5544,226.65289,2672775821,0.57706,0.48708,1
1784418372.5613,226.65973,2672844159,0.57500,0.47649,1
1784418372.5676,226.66608,2672907608,0.57354,0.47884,1
1784418372.5746,226.67305,2672977377,0.57354,0.47884,1
1784418372.5810,226.67947,2673041647,0.57195,0.47308,1
1784418372.5880,226.68651,2673112058,0.57252,0.49260,1
1784418372.5944,226.69286,2673175471,0.57252,0.49260,1
1784418372.6014,226.69986,2673245516,0.57401,0.48879,1
1784418372.6078,226.70627,2673309598,0.57343,0.49124,1
1784418372.6145,226.71295,2673376447,0.57343,0.49124,1
1784418372.6214,226.71989,2673445896,0.57604,0.49113,1
1784418372.6279,226.72633,2673510272,0.57634,0.48796,1
1784418372.6348,226.73328,2673579607,0.57634,0.48796,1
1784418372.6413,226.73975,2673644445,0.57587,0.50484,1
1784418372.6482,226.74667,2673713571,0.57662,0.50413,1
1784418372.6550,226.75342,2673781149,0.57662,0.50413,1
1784418372.6614,226.75984,2673845386,0.58119,0.49225,1
1784418372.6683,226.76678,2673914748,0.58051,0.49678,1
1784418372.6752,226.77364,2673983215,0.58051,0.49678,1
1784418372.6817,226.78017,2674048570,0.58657,0.50775,1
1784418372.6882,226.78664,2674113235,0.58600,0.50713,1
1784418372.6949,226.79335,2674180339,0.58600,0.50713,1
1784418372.7016,226.80005,2674247381,0.58886,0.50004,1
1784418372.7083,226.80672,2674314116,0.59054,0.49543,1
1784418372.7153,226.81380,2674384857,0.59054,0.49543,1
1784418372.7217,226.82014,2674448291,0.57951,0.49434,1
1784418372.7287,226.82721,2674519045,0.57914,0.49163,1
1784418372.7351,226.83356,2674582418,0.57888,0.49424,1
1784418372.7421,226.84058,2674652713,0.58369,0.49206,1
1784418372.7485,226.84695,2674716513,0.58334,0.49533,1
1784418372.7554,226.85385,2674785414,0.58327,0.50038,1
1784418372.7618,226.86031,2674849977,0.59278,0.49903,1
1784418372.7686,226.86707,2674917634,0.59036,0.49808,1
1784418372.7755,226.87399,2674986863,0.59036,0.49808,1
1784418372.7819,226.88040,2675050879,0.59400,0.49843,1
1784418372.7889,226.88734,2675120409,0.59226,0.49688,1
1784418372.7953,226.89381,2675185084,0.59226,0.49688,1
1784418372.8020,226.90050,2675251849,0.59136,0.50095,1
1784418372.8091,226.90759,2675322779,0.59150,0.50213,1
1784418372.8159,226.91437,2675390645,0.59137,0.50718,1
1784418372.8224,226.92088,2675455671,0.58801,0.51050,1
1784418372.8288,226.92731,2675519946,0.58753,0.52175,1
1784418372.8358,226.93430,2675589850,0.58753,0.52175,1
1784418372.8422,226.94069,2675653814,0.58565,0.51009,1
1784418372.8489,226.94740,2675720961,0.58690,0.50830,1
1784418372.8559,226.95441,2675791045,0.58700,0.50325,1
1784418372.8623,226.96078,2675854720,0.58193,0.51188,1
1784418372.8693,226.96776,2675924420,0.58225,0.50874,1
1784418372.8761,226.97461,2675992950,0.58248,0.50612,1
1784418372.8826,226.98111,2676058028,0.57686,0.50284,1
1784418372.8891,226.98759,2676122856,0.58142,0.49713,1
1784418372.8960,226.99451,2676191929,0.58148,0.49214,1
1784418372.9028,227.00128,2676259791,0.58224,0.49403,1
1784418372.9094,227.00790,2676325983,0.57763,0.49936,1
1784418372.9162,227.01462,2676393063,0.57763,0.49936,1
1784418372.9230,227.02142,2676461119,0.57764,0.50789,1
1784418372.9296,227.02808,2676527619,0.57803,0.49016,1
1784418372.9365,227.03499,2676596856,0.57803,0.49016,1
1784418372.9432,227.04169,2676663797,0.57883,0.49567,1
1784418372.9494,227.04787,2676725526,0.57950,0.49432,1
1784418372.9563,227.05481,2676794937,0.57950,0.49432,1
1784418372.9628,227.06126,2676859606,0.57938,0.49569,1
1784418372.9695,227.06798,2676926617,0.57669,0.49659,1
1784418372.9765,227.07492,2676996157,0.57669,0.49659,1
1784418372.9829,227.08138,2677060633,0.58102,0.50397,1
1784418372.9898,227.08827,2677129670,0.57773,0.50696,1
1784418372.9963,227.09476,2677194459,0.57773,0.50696,1
1784418373.0032,227.10167,2677263618,0.57606,0.48686,1
1784418373.0097,227.10815,2677328518,0.57821,0.49323,1
1784418373.0164,227.11485,2677395512,0.57821,0.49323,1
1784418373.0235,227.12195,2677466409,0.57620,0.50079,1
1784418373.0300,227.12846,2677531595,0.57897,0.49513,1
1784418373.0367,227.13521,2677598990,0.57897,0.49513,1
1784418373.0432,227.14163,2677663215,0.57664,0.49715,1
1784418373.0502,227.14870,2677733839,0.57405,0.49922,1
1784418373.0566,227.15506,2677797474,0.57405,0.49922,1
1784418373.0635,227.16196,2677866468,0.57523,0.49496,1
1784418373.0704,227.16887,2677935651,0.57322,0.49632,1
1784418373.0771,227.17555,2678002491,0.57322,0.49632,1
1784418373.0834,227.18182,2678065206,0.56748,0.51310,1
1784418373.0903,227.18880,2678134933,0.56975,0.50950,1
1784418373.0972,227.19565,2678203328,0.56972,0.50397,1
1784418373.1038,227.20230,2678269894,0.58069,0.49401,1
1784418373.1104,227.20889,2678335778,0.58877,0.48690,1
1784418373.1171,227.21558,2678402676,0.58889,0.48132,1
1784418373.1240,227.22246,2678471415,0.59069,0.47089,1
1784418373.1305,227.22896,2678536494,0.60051,0.46738,1
1784418373.1369,227.23541,2678601057,0.60051,0.46738,1
1784418373.1436,227.24211,2678668075,0.59630,0.48248,1
1784418373.1506,227.24908,2678737697,0.59557,0.48335,1
1784418373.1571,227.25552,2678802105,0.59596,0.48046,1
1784418373.1641,227.26259,2678872841,0.59503,0.46312,1
1784418373.1704,227.26891,2678935974,0.59633,0.46030,1
1784418373.1774,227.27582,2679005156,0.59633,0.46030,1
1784418373.1839,227.28232,2679070048,0.58097,0.45440,1
1784418373.1908,227.28923,2679139165,0.59260,0.45444,1
1784418373.1976,227.29607,2679207502,0.59245,0.46020,1
1784418373.2039,227.30240,2679270963,0.59217,0.46624,1
1784418373.2106,227.30910,2679337960,0.59152,0.46051,1
1784418373.2173,227.31580,2679404897,0.59152,0.46051,1
1784418373.2243,227.32272,2679474086,0.59179,0.45406,1
1784418373.2311,227.32957,2679542630,0.58869,0.45543,1
1784418373.2376,227.33611,2679608026,0.58869,0.45543,1
1784418373.2441,227.34258,2679672723,0.58678,0.46076,1
1784418373.2508,227.34929,2679739825,0.58923,0.46335,1
1784418373.2578,227.35626,2679809459,0.58923,0.46335,1
1784418373.2642,227.36269,2679873738,0.58864,0.46543,1
1784418373.2711,227.36960,2679942916,0.58958,0.46885,1
1784418373.2776,227.37608,2680007726,0.58958,0.46885,1
1784418373.2843,227.38278,2680074744,0.59146,0.47337,1
1784418373.2913,227.38980,2680144930,0.58940,0.47759,1
1784418373.2981,227.39659,2680212840,0.58940,0.47759,1
1784418373.3048,227.40326,2680279534,0.58840,0.46311,1
1784418373.3113,227.40981,2680345018,0.59167,0.47507,1
1784418373.3181,227.41652,2680412039,0.59167,0.47507,1
1784418373.3245,227.42297,2680476701,0.59440,0.47808,1
1784418373.3312,227.42966,2680543545,0.59553,0.48414,1
1784418373.3382,227.43666,2680613459,0.59532,0.48143,1
1784418373.3446,227.44307,2680677612,0.59250,0.48530,1
1784418373.3517,227.45015,2680748440,0.59537,0.48462,1
1784418373.3582,227.45668,2680813762,0.59537,0.48462,1
1784418373.3656,227.46411,2680887977,0.58882,0.49747,1
1784418373.3717,227.47012,2680948105,0.57050,0.50365,1
1784418373.3784,227.47682,2681015159,0.57053,0.50904,1
1784418373.3848,227.48328,2681079735,0.59483,0.48316,1
1784418373.3917,227.49017,2681148694,0.59581,0.49342,1
1784418373.3982,227.49666,2681213441,0.59517,0.50654,1
1784418373.4049,227.50336,2681280487,0.59452,0.51649,1
1784418373.4118,227.51031,2681350123,0.59564,0.52590,1
1784418373.4183,227.51674,2681414238,0.59530,0.53575,1
1784418373.4250,227.52345,2681481455,0.60095,0.53996,1
1784418373.4317,227.53014,2681548256,0.59871,0.54942,1
1784418373.4384,227.53683,2681615251,0.59891,0.54459,1
1784418373.4453,227.54376,2681684457,0.58485,0.53118,1
1784418373.4521,227.55061,2681753052,0.59816,0.52714,1
1784418373.4587,227.55714,2681818417,0.59862,0.51969,1
1784418373.4652,227.56364,2681883316,0.58836,0.52025,1
1784418373.4719,227.57034,2681950313,0.58763,0.51272,1
1784418373.4788,227.57730,2682019898,0.58803,0.50495,1
1784418373.4855,227.58395,2682086418,0.59198,0.50398,1
1784418373.4923,227.59079,2682154879,0.59460,0.48993,1
1784418373.4991,227.59756,2682222485,0.59494,0.47876,1
1784418373.5056,227.60408,2682287646,0.59878,0.46723,1
1784418373.5121,227.61052,2682352164,0.59340,0.46231,1
1784418373.5188,227.61723,2682419219,0.59316,0.45962,1
1784418373.5257,227.62416,2682488581,0.58334,0.46649,1
1784418373.5322,227.63063,2682553140,0.58279,0.46596,1
1784418373.5391,227.63756,2682622469,0.58272,0.47160,1
1784418373.5456,227.64404,2682687394,0.58621,0.46854,1
1784418373.5523,227.65073,2682754166,0.58732,0.47087,1
1784418373.5593,227.65775,2682824334,0.58721,0.47654,1
1784418373.5657,227.66412,2682888174,0.57814,0.47491,1
1784418373.5726,227.67108,2682957667,0.57736,0.47143,1
1784418373.5793,227.67772,2683024122,0.57733,0.47725,1
1784418373.5862,227.68462,2683093060,0.57779,0.48496,1
1784418373.5924,227.69089,2683155795,0.57894,0.47840,1
1784418373.5994,227.69789,2683225780,0.57894,0.47840,1
1784418373.6058,227.70430,2683289986,0.58805,0.49534,1
1784418373.6125,227.71101,2683357005,0.57645,0.49531,1
1784418373.6192,227.71768,2683423798,0.57645,0.49531,1
1784418373.6259,227.72440,2683490863,0.58283,0.48730,1
1784418373.6329,227.73134,2683560354,0.58351,0.49135,1
1784418373.6393,227.73778,2683624663,0.58359,0.48566,1
1784418373.6462,227.74471,2683693922,0.60051,0.48388,1
1784418373.6531,227.75153,2683762157,0.59973,0.48073,1
1784418373.6596,227.75810,2683827964,0.59994,0.47509,1
1784418373.6664,227.76488,2683895633,0.59484,0.47479,1
1784418373.6728,227.77130,2683959919,0.59011,0.47468,1
1784418373.6799,227.77838,2684030668,0.59031,0.47732,1
1784418373.6864,227.78491,2684095970,0.59980,0.47919,1
1784418373.6931,227.79161,2684163076,0.59751,0.48544,1
1784418373.6999,227.79840,2684230866,0.59693,0.49110,1
1784418373.7063,227.80478,2684294692,0.57885,0.48249,1
1784418373.7132,227.81171,2684364011,0.58023,0.49097,1
1784418373.7197,227.81816,2684428584,0.58038,0.49917,1
1784418373.7266,227.82510,2684497951,0.57609,0.50537,1
1784418373.7331,227.83157,2684562608,0.57234,0.50245,1
1784418373.7398,227.83826,2684629420,0.57232,0.49185,1
1784418373.7467,227.84521,2684699112,0.59210,0.48731,1
1784418373.7532,227.85167,2684763609,0.58640,0.48603,1
1784418373.7601,227.85858,2684832720,0.58682,0.47758,1
1784418373.7666,227.86505,2684897460,0.58285,0.47539,1
1784418373.7733,227.87175,2684964428,0.59127,0.46992,1
1784418373.7802,227.87869,2685033816,0.59127,0.46992,1
1784418373.7867,227.88515,2685098445,0.59678,0.47434,1
1784418373.7934,227.89186,2685165533,0.59595,0.47895,1
1784418373.8001,227.89856,2685232451,0.59527,0.49221,1
1784418373.8068,227.90526,2685299466,0.59310,0.48823,1
1784418373.8137,227.91220,2685368916,0.59090,0.50226,1
1784418373.8202,227.91866,2685433430,0.59063,0.51286,1
1784418373.8271,227.92555,2685502487,0.58887,0.52400,1
1784418373.8336,227.93205,2685567399,0.58854,0.52780,1
1784418373.8403,227.93872,2685634097,0.58826,0.53036,1
1784418373.8473,227.94572,2685704138,0.58985,0.51592,1
1784418373.8538,227.95222,2685769227,0.59149,0.52256,1
1784418373.8607,227.95915,2685838401,0.59149,0.52256,1
1784418373.8673,227.96576,2685904473,0.59250,0.52253,1
1784418373.8742,227.97266,2685973526,0.58331,0.51335,1
1784418373.8805,227.97896,2686036487,0.58367,0.50580,1
1784418373.8874,227.98586,2686105477,0.58469,0.50765,1
1784418373.8942,227.99269,2686173810,0.57740,0.50017,1
1784418373.9008,227.99924,2686239307,0.57768,0.49228,1
1784418373.9072,228.00569,2686303901,0.58177,0.48581,1
1784418373.9139,228.01241,2686371039,0.58501,0.49468,1
1784418373.9209,228.01935,2686440401,0.58519,0.48360,1
1784418373.9274,228.02582,2686505123,0.58536,0.46750,1
1784418373.9341,228.03252,2686572099,0.58803,0.46240,1
1784418373.9408,228.03922,2686639105,0.58786,0.45976,1
1784418373.9474,228.04590,2686705965,0.57879,0.46802,1
1784418373.9544,228.05283,2686775104,0.58261,0.47119,1
1784418373.9612,228.05968,2686843655,0.58247,0.48239,1
1784418373.9676,228.06604,2686907311,0.59712,0.49336,1
1784418373.9742,228.07269,2686973861,0.59117,0.49927,1
1784418373.9809,228.07939,2687040877,0.59067,0.51229,1
1784418373.9879,228.08635,2687110473,0.59588,0.51789,1
1784418373.9943,228.09280,2687174976,0.59519,0.52189,1
1784418374.0010,228.09950,2687241952,0.59528,0.52425,1
1784418374.0079,228.10641,2687311110,0.60214,0.52239,1
1784418374.0144,228.11290,2687375909,0.59911,0.51630,1
1784418374.0211,228.11960,2687442925,0.59949,0.50653,1
1784418374.0278,228.12628,2687509745,0.60558,0.50331,1
1784418374.0346,228.13303,2687577242,0.60506,0.49617,1
1784418374.0415,228.13992,2687646168,0.60539,0.49322,1
1784418374.0481,228.14661,2687712985,0.60935,0.48561,1
1784418374.0549,228.15335,2687780357,0.60066,0.47883,1
1784418374.0616,228.16010,2687847903,0.60088,0.47315,1
1784418374.0683,228.16675,2687914379,0.59819,0.46998,1
1784418374.0751,228.17354,2687982268,0.59742,0.46937,1
1784418374.0814,228.17989,2688045739,0.59742,0.46937,1
1784418374.0881,228.18657,2688112654,0.59790,0.47170,1
1784418374.0948,228.19328,2688179711,0.59876,0.47051,1
1784418374.1018,228.20024,2688249265,0.59876,0.47051,1
1784418374.1082,228.20665,2688313398,0.60081,0.46647,1
1784418374.1151,228.21359,2688382876,0.60066,0.46438,1
1784418374.1216,228.22008,2688447628,0.60066,0.46438,1
1784418374.1283,228.22676,2688514525,0.60335,0.46217,1
1784418374.1352,228.23369,2688583734,0.60397,0.46215,1
1784418374.1417,228.24014,2688648315,0.60397,0.46215,1
1784418374.1484,228.24686,2688715550,0.59904,0.48054,1
1784418374.1553,228.25381,2688785058,0.60415,0.47104,1
1784418374.1618,228.26025,2688849397,0.60415,0.47104,1
1784418374.1687,228.26717,2688918576,0.60035,0.47972,1
1784418374.1752,228.27367,2688983516,0.60181,0.46127,1
1784418374.1819,228.28033,2689050307,0.60181,0.46127,1
1784418374.1888,228.28728,2689119726,0.59772,0.46815,1
1784418374.1953,228.29373,2689184235,0.59692,0.47078,1
1784418374.2022,228.30066,2689253494,0.59692,0.47078,1
1784418374.2087,228.30716,2689318463,0.60306,0.47124,1
1784418374.2156,228.31409,2689387791,0.59249,0.47575,1
1784418374.2221,228.32053,2689452215,0.59219,0.47869,1
1784418374.2290,228.32750,2689521871,0.60051,0.49388,1
1784418374.2360,228.33444,2689591332,0.59662,0.50968,1
1784418374.2424,228.34087,2689655540,0.59643,0.51514,1
1784418374.2493,228.34773,2689724246,0.59656,0.49658,1
1784418374.2558,228.35426,2689789589,0.59783,0.50197,1
1784418374.2625,228.36099,2689856811,0.59758,0.50447,1
1784418374.2690,228.36742,2689921035,0.59102,0.52255,1
1784418374.2759,228.37434,2689990307,0.59185,0.52955,1
1784418374.2827,228.38116,2690058506,0.59158,0.53911,1
1784418374.2890,228.38751,2690122026,0.58884,0.53111,1
1784418374.2960,228.39445,2690191501,0.59228,0.53543,1
1784418374.3025,228.40092,2690256142,0.59252,0.53287,1
1784418374.3092,228.40762,2690323159,0.60532,0.53484,1
1784418374.3161,228.41460,2690392872,0.60700,0.52474,1
1784418374.3226,228.42105,2690457465,0.60749,0.51511,1
1784418374.3295,228.42798,2690526656,0.60514,0.51019,1
1784418374.3360,228.43442,2690591048,0.60408,0.51750,1
1784418374.3428,228.44131,2690660126,0.60408,0.51750,1
1784418374.3493,228.44778,2690724782,0.60513,0.50728,1
1784418374.3560,228.45450,2690791947,0.60177,0.51093,1
1784418374.3630,228.46149,2690861792,0.60177,0.51093,1
1784418374.3694,228.46790,2690925832,0.60297,0.50631,1
1784418374.3763,228.47481,2690995024,0.60349,0.50856,1
1784418374.3828,228.48129,2691059800,0.60349,0.50856,1
1784418374.3896,228.48804,2691127212,0.60359,0.50296,1
1784418374.3965,228.49495,2691196450,0.60502,0.50697,1
1784418374.4031,228.50160,2691262951,0.60502,0.50697,1
1784418374.4098,228.50830,2691329954,0.60670,0.49974,1
1784418374.4163,228.51480,2691394853,0.60715,0.50442,1
1784418374.4230,228.52150,2691461858,0.60715,0.50442,1
1784418374.4300,228.52843,2691531141,0.60649,0.50249,1
1784418374.4370,228.53542,2691601051,0.60821,0.50258,1
1784418374.4435,228.54192,2691666059,0.60821,0.50258,1
1784418374.4498,228.54828,2691729741,0.61456,0.49923,1
1784418374.4568,228.55525,2691799370,0.61488,0.49579,1
1784418374.4632,228.56168,2691863619,0.61564,0.48729,1
1784418374.4701,228.56860,2691932974,0.62609,0.47577,1
1784418374.4766,228.57509,2691997831,0.62813,0.48852,1
1784418374.4835,228.58200,2692066845,0.62811,0.48590,1
1784418374.4903,228.58873,2692134155,0.60644,0.49123,1
1784418374.4967,228.59518,2692198733,0.60766,0.50382,1
1784418374.5034,228.60187,2692265610,0.60710,0.51475,1
1784418374.5101,228.60855,2692332450,0.61145,0.50862,1
1784418374.5170,228.61548,2692401678,0.61805,0.50737,1
1784418374.5235,228.62196,2692466560,0.61767,0.50989,1
1784418374.5305,228.62894,2692536344,0.60772,0.51446,1
1784418374.5369,228.63535,2692600421,0.61071,0.49896,1
1784418374.5439,228.64232,2692670130,0.61048,0.50635,1
1784418374.5503,228.64874,2692734304,0.61466,0.51722,1
1784418374.5572,228.65567,2692803576,0.61500,0.51018,1
1784418374.5637,228.66216,2692868447,0.61531,0.50517,1
1784418374.5704,228.66882,2692935212,0.61831,0.49461,1
1784418374.5774,228.67584,2693005330,0.61124,0.49949,1
1784418374.5838,228.68224,2693069269,0.61192,0.49155,1
1784418374.5907,228.68916,2693138491,0.61157,0.48424,1
1784418374.5972,228.69565,2693203332,0.61449,0.47723,1
1784418374.6041,228.70256,2693272474,0.61482,0.47153,1
1784418374.6108,228.70930,2693339901,0.61453,0.47151,1
1784418374.6175,228.71596,2693406523,0.61318,0.46993,1
1784418374.6242,228.72270,2693473986,0.61278,0.47292,1
1784418374.6311,228.72954,2693542299,0.61127,0.48009,1
1784418374.6379,228.73639,2693610871,0.62109,0.48857,1
1784418374.6441,228.74254,2693672371,0.62069,0.49422,1
1784418374.6510,228.74950,2693741870,0.61937,0.49975,1
1784418374.6574,228.75591,2693806014,0.61543,0.50491,1
1784418374.6646,228.76303,2693877264,0.61543,0.50491,1
1784418374.6711,228.76956,2693942570,0.61464,0.50293,1
1784418374.6778,228.77623,2694009246,0.61405,0.50415,1
1784418374.6846,228.78304,2694077313,0.61373,0.50672,1
1784418374.6910,228.78943,2694141179,0.60966,0.49756,1
1784418374.6979,228.79633,2694210231,0.61871,0.50407,1
1784418374.7043,228.80281,2694274992,0.61804,0.51404,1
1784418374.7110,228.80949,2694341925,0.61458,0.52382,1
1784418374.7180,228.81645,2694411452,0.61362,0.53039,1
1784418374.7245,228.82292,2694476082,0.61398,0.52783,1
1784418374.7314,228.82983,2694545209,0.61462,0.51860,1
1784418374.7378,228.83629,2694609765,0.61269,0.51464,1
1784418374.7446,228.84303,2694677221,0.61327,0.50484,1
1784418374.7514,228.84991,2694746044,0.61085,0.50358,1
1784418374.7579,228.85638,2694810750,0.60957,0.50145,1
1784418374.7646,228.86308,2694877798,0.60957,0.50145,1
1784418374.7716,228.87004,2694947279,0.61686,0.48385,1
1784418374.7780,228.87650,2695011793,0.61471,0.48628,1
1784418374.7850,228.88347,2695081670,0.61471,0.48628,1
1784418374.7914,228.88989,2695145875,0.61522,0.48838,1
1784418374.7984,228.89684,2695215191,0.61604,0.50763,1
1784418374.8050,228.90350,2695281935,0.61573,0.51249,1
1784418374.8118,228.91022,2695349097,0.61701,0.51685,1
1784418374.8182,228.91670,2695413969,0.61658,0.51849,1
1784418374.8254,228.92384,2695485401,0.61658,0.51849,1
1784418374.8319,228.93039,2695550729,0.62020,0.51412,1
1784418374.8383,228.93677,2695614576,0.61869,0.51293,1
1784418374.8450,228.94348,2695681702,0.61902,0.50807,1
1784418374.8520,228.95047,2695751642,0.61056,0.50360,1
1784418374.8586,228.95709,2695817901,0.61282,0.50524,1
1784418374.8651,228.96356,2695882531,0.61282,0.50524,1
1784418374.8718,228.97028,2695949678,0.61275,0.50755,1
1784418374.8787,228.97720,2696018980,0.61571,0.50472,1
1784418374.8854,228.98389,2696085759,0.61571,0.50472,1
1784418374.8919,228.99037,2696150624,0.60321,0.50096,1
1784418374.8986,228.99706,2696217462,0.60504,0.49718,1
1784418374.9053,229.00377,2696284553,0.60504,0.49718,1
1784418374.9122,229.01071,2696354081,0.60862,0.48839,1
1784418374.9187,229.01717,2696418531,0.60850,0.48994,1
1784418374.9257,229.02414,2696488372,0.60850,0.48994,1
1784418374.9321,229.03053,2696552296,0.60928,0.50632,1
1784418374.9390,229.03749,2696621803,0.61016,0.50173,1
1784418374.9455,229.04395,2696686310,0.60982,0.50430,1
1784418374.9525,229.05096,2696756559,0.61875,0.50486,1
1784418374.9589,229.05734,2696820289,0.60882,0.50863,1
1784418374.9657,229.06421,2696888980,0.60856,0.51358,1
1784418374.9723,229.07074,2696954247,0.61126,0.51323,1
1784418374.9790,229.07744,2697021351,0.61049,0.51025,1
1784418374.9860,229.08450,2697091993,0.61049,0.51025,1
1784418374.9924,229.09085,2697155346,0.61717,0.50618,1
1784418374.9994,229.09785,2697225402,0.61522,0.50340,1
1784418375.0062,229.10464,2697293360,0.61555,0.50076,1
1784418375.0128,229.11130,2697359858,0.61292,0.52597,1
1784418375.0192,229.11766,2697423454,0.61513,0.51613,1
1784418375.0261,229.12454,2697492356,0.61511,0.51382,1
1784418375.0326,229.13106,2697557521,0.61526,0.51411,1
1784418375.0393,229.13773,2697624099,0.60298,0.51646,1
1784418375.0462,229.14465,2697693511,0.60275,0.52135,1
1784418375.0527,229.15112,2697758171,0.60212,0.52515,1
1784418375.0596,229.15805,2697827486,0.60408,0.51903,1
1784418375.0661,229.16452,2697892164,0.60408,0.51903,1
1784418375.0730,229.17143,2697961234,0.60272,0.52018,1
1784418375.0794,229.17790,2698025861,0.61522,0.52582,1
1784418375.0862,229.18462,2698093016,0.61522,0.52582,1
1784418375.0932,229.19170,2698163870,0.61233,0.53175,1
1784418375.0996,229.19803,2698227249,0.61374,0.53819,1
1784418375.1062,229.20471,2698294046,0.61406,0.53569,1
1784418375.1133,229.21173,2698364224,0.61417,0.49791,1
1784418375.1196,229.21809,2698427889,0.61689,0.50569,1
1784418375.1266,229.22505,2698497367,0.61721,0.50075,1
1784418375.1330,229.23149,2698561771,0.60489,0.50386,1
1784418375.1401,229.23859,2698632811,0.60517,0.50870,1
1784418375.1464,229.24489,2698695722,0.60517,0.50870,1
1784418375.1533,229.25180,2698764988,0.60584,0.49502,1
1784418375.1598,229.25829,2698829694,0.60625,0.49789,1
1784418375.1666,229.26503,2698897196,0.60625,0.49789,1
1784418375.1735,229.27196,2698966505,0.60867,0.50596,1
1784418375.1799,229.27840,2699030919,0.60680,0.51100,1
1784418375.1869,229.28537,2699100543,0.60680,0.51100,1
1784418375.1937,229.29219,2699168762,0.60716,0.50793,1
1784418375.2003,229.29881,2699235098,0.60460,0.50961,1
1784418375.2074,229.30586,2699305470,0.60460,0.50961,1
1784418375.2136,229.31210,2699367959,0.60635,0.50719,1
1784418375.2201,229.31856,2699432543,0.60632,0.50818,1
1784418375.2271,229.32556,2699502548,0.60600,0.51065,1
1784418375.2335,229.33199,2699566744,0.60349,0.48362,1
1784418375.2404,229.33891,2699636107,0.59573,0.50772,1
1784418375.2472,229.34569,2699703802,0.59556,0.51267,1
1784418375.2536,229.35207,2699767587,0.60473,0.50918,1
1784418375.2603,229.35876,2699834511,0.60468,0.50742,1
1784418375.2670,229.36546,2699901570,0.60475,0.50988,1
1784418375.2741,229.37253,2699972152,0.61031,0.50394,1
1784418375.2804,229.37888,2700035714,0.61018,0.52266,1
1784418375.2874,229.38588,2700105652,0.61088,0.51478,1
1784418375.2938,229.39224,2700169360,0.60657,0.52193,1
1784418375.3007,229.39917,2700238628,0.60561,0.51019,1
1784418375.3072,229.40565,2700303523,0.60610,0.49997,1
1784418375.3139,229.41235,2700370391,0.60133,0.48859,1
1784418375.3206,229.41904,2700437347,0.60389,0.49187,1
1784418375.3273,229.42574,2700504250,0.60389,0.49187,1
1784418375.3342,229.43266,2700573465,0.60123,0.48420,1
1784418375.3407,229.43913,2700638301,0.59976,0.48576,1
1784418375.3474,229.44585,2700705413,0.59997,0.48022,1
1784418375.3543,229.45277,2700774680,0.60038,0.46967,1
1784418375.3610,229.45946,2700841528,0.60091,0.45615,1
1784418375.3678,229.46622,2700909157,0.60112,0.45050,1
1784418375.3746,229.47305,2700977375,0.60062,0.44331,1
1784418375.3813,229.47974,2701044230,0.60159,0.44211,1
1784418375.3880,229.48645,2701111425,0.60159,0.44211,1
1784418375.3950,229.49342,2701181216,0.60477,0.45713,1
1784418375.4010,229.49942,2701241133,0.60169,0.45721,1
1784418375.4081,229.50653,2701312170,0.60169,0.45721,1
1784418375.4144,229.51283,2701375175,0.60067,0.47461,1
1784418375.4213,229.51974,2701444317,0.60353,0.46741,1
1784418375.4281,229.52658,2701512779,0.60330,0.47293,1
1784418375.4345,229.53293,2701576203,0.60414,0.47560,1
1784418375.4414,229.53989,2701645837,0.60274,0.47497,1
1784418375.4478,229.54631,2701710025,0.60251,0.48056,1
1784418375.4548,229.55331,2701780106,0.60166,0.48078,1
1784418375.4612,229.55971,2701844036,0.59955,0.47916,1
1784418375.4680,229.56642,2701911122,0.59955,0.47916,1
1784418375.4746,229.57310,2701978030,0.59743,0.47577,1
1784418375.4816,229.58006,2702047578,0.59657,0.48037,1
1784418375.4883,229.58672,2702114141,0.59657,0.48037,1
1784418375.4951,229.59360,2702182892,0.60196,0.47324,1
1784418375.5017,229.60017,2702248664,0.60316,0.47701,1
1784418375.5081,229.60658,2702312787,0.60280,0.47992,1
1784418375.5148,229.61330,2702379822,0.59601,0.49056,1
1784418375.5218,229.62024,2702449243,0.59345,0.49907,1
1784418375.5282,229.62668,2702513735,0.59328,0.50462,1
1784418375.5352,229.63364,2702583301,0.61064,0.50896,1
1784418375.5416,229.64009,2702647768,0.59837,0.51045,1
1784418375.5483,229.64679,2702714738,0.59811,0.51293,1
1784418375.5552,229.65370,2702783943,0.60229,0.52055,1
1784418375.5620,229.66042,2702851098,0.60225,0.52614,1
1784418375.5687,229.66721,2702918910,0.60234,0.52847,1
1784418375.5754,229.67383,2702985158,0.59884,0.52337,1
1784418375.5823,229.68073,2703054117,0.59594,0.52601,1
1784418375.5885,229.68698,2703116783,0.59611,0.52124,1
1784418375.5954,229.69389,2703185874,0.60291,0.51871,1
1784418375.6019,229.70039,2703250790,0.60050,0.52760,1
1784418375.6086,229.70708,2703317656,0.60088,0.52484,1
1784418375.6155,229.71399,2703386855,0.60741,0.50599,1
1784418375.6220,229.72049,2703451802,0.61207,0.47669,1
1784418375.6291,229.72755,2703522526,0.61200,0.47393,1
1784418375.6354,229.73387,2703585569,0.62025,0.45805,1
1784418375.6423,229.74081,2703655022,0.61684,0.46847,1
1784418375.6488,229.74725,2703719477,0.61648,0.47429,1
1784418375.6555,229.75397,2703786579,0.61383,0.47724,1
1784418375.6622,229.76065,2703853472,0.61829,0.47667,1
1784418375.6689,229.76736,2703920492,0.61829,0.47667,1
1784418375.6759,229.77432,2703990150,0.61833,0.47583,1
1784418375.6823,229.78076,2704054511,0.61606,0.47858,1
1784418375.6892,229.78767,2704123621,0.61606,0.47858,1
1784418375.6957,229.79416,2704188475,0.61645,0.47963,1
1784418375.7024,229.80086,2704255411,0.61825,0.47694,1
1784418375.7094,229.80782,2704325007,0.61825,0.47694,1
1784418375.7158,229.81424,2704389294,0.61858,0.47803,1
1784418375.7227,229.82120,2704458921,0.61820,0.48411,1
1784418375.7292,229.82765,2704523435,0.61820,0.48411,1
1784418375.7361,229.83456,2704592562,0.61879,0.47768,1
1784418375.7428,229.84131,2704659982,0.61887,0.47850,1
1784418375.7495,229.84796,2704726483,0.61887,0.47850,1
1784418375.7564,229.85483,2704795227,0.62215,0.49344,1
1784418375.7631,229.86160,2704862950,0.62097,0.49415,1
1784418375.7697,229.86815,2704928448,0.62097,0.49415,1
1784418375.7761,229.87453,2704992193,0.62392,0.48938,1
1784418375.7830,229.88144,2705061335,0.62262,0.50700,1
1784418375.7895,229.88794,2705126260,0.62225,0.50957,1
1784418375.7962,229.89462,2705193121,0.62574,0.50870,1
1784418375.8028,229.90131,2705259939,0.62521,0.51745,1
1784418375.8098,229.90823,2705329312,0.62482,0.52233,1
1784418375.8167,229.91519,2705398807,0.62483,0.51932,1
1784418375.8230,229.92143,2705461200,0.62330,0.51691,1
1784418375.8300,229.92851,2705532057,0.62330,0.51691,1
1784418375.8363,229.93481,2705594980,0.62505,0.51739,1
1784418375.8433,229.94176,2705664491,0.62642,0.51455,1
1784418375.8501,229.94858,2705732739,0.62642,0.51455,1
1784418375.8564,229.95491,2705796081,0.62217,0.53174,1
1784418375.8635,229.96194,2705866369,0.62227,0.53110,1
1784418375.8698,229.96831,2705929936,0.62227,0.53110,1
1784418375.8768,229.97527,2705999595,0.61804,0.53081,1
1784418375.8832,229.98170,2706063912,0.61616,0.53166,1
1784418375.8902,229.98865,2706133328,0.61616,0.53166,1
1784418375.8966,229.99510,2706197918,0.61488,0.52743,1
1784418375.9036,230.00204,2706267327,0.62383,0.52464,1
1784418375.9100,230.00851,2706332050,0.62426,0.52211,1
1784418375.9170,230.01543,2706401245,0.63013,0.51164,1
1784418375.9237,230.02216,2706468507,0.62769,0.50673,1
1784418375.9301,230.02859,2706532851,0.62769,0.50673,1
1784418375.9370,230.03551,2706601970,0.62486,0.51252,1
1784418375.9438,230.04231,2706670088,0.62096,0.51907,1
1784418375.9505,230.04893,2706736303,0.62096,0.51907,1
1784418375.9572,230.05569,2706803932,0.62013,0.51495,1
1784418375.9636,230.06209,2706867831,0.61881,0.50181,1
1784418375.9706,230.06906,2706937532,0.61914,0.49686,1
1784418375.9770,230.07547,2707001648,0.63824,0.49515,1
1784418375.9841,230.08255,2707072434,0.63424,0.50433,1
1784418375.9904,230.08888,2707135706,0.63424,0.50433,1
1784418375.9973,230.09578,2707204755,0.63097,0.49333,1
1784418376.0038,230.10228,2707269640,0.62652,0.49646,1
1784418376.0105,230.10896,2707336548,0.62612,0.49905,1
1784418376.0174,230.11588,2707405687,0.62575,0.50613,1
1784418376.0239,230.12238,2707470612,0.64157,0.49364,1
1784418376.0306,230.12907,2707537678,0.64106,0.49871,1
1784418376.0375,230.13597,2707606674,0.63835,0.50532,1
1784418376.0440,230.14246,2707671510,0.64201,0.50669,1
1784418376.0507,230.14917,2707738585,0.64243,0.50400,1
1784418376.0574,230.15585,2707805376,0.65389,0.49288,1
1784418376.0641,230.16254,2707872255,0.65194,0.49506,1
1784418376.0710,230.16946,2707941545,0.65252,0.49004,1
1784418376.0775,230.17593,2708006217,0.65209,0.49335,1
1784418376.0842,230.18265,2708073448,0.64882,0.49470,1
1784418376.0909,230.18935,2708140345,0.64834,0.49729,1
1784418376.0976,230.19604,2708207348,0.64247,0.51128,1
1784418376.1046,230.20303,2708277181,0.65413,0.51729,1
1784418376.1110,230.20944,2708341392,0.65353,0.52217,1
1784418376.1179,230.21637,2708410662,0.65255,0.50847,1
1784418376.1244,230.22285,2708475393,0.65146,0.51071,1
1784418376.1313,230.22975,2708544438,0.65146,0.51071,1
1784418376.1381,230.23660,2708612930,0.64714,0.51588,1
1784418376.1448,230.24323,2708679106,0.64527,0.51390,1
1784418376.1512,230.24963,2708743242,0.64580,0.51135,1
1784418376.1579,230.25632,2708810010,0.64369,0.51072,1
1784418376.1648,230.26328,2708879648,0.64165,0.50692,1
1784418376.1712,230.26971,2708944087,0.64272,0.49911,1
1784418376.1782,230.27664,2709013257,0.64255,0.48574,1
1784418376.1850,230.28345,2709081385,0.64228,0.48101,1
1784418376.1916,230.29007,2709147595,0.64284,0.47535,1
1784418376.1981,230.29652,2709212171,0.63950,0.46285,1
1784418376.2051,230.30357,2709282624,0.63937,0.46329,1
1784418376.2118,230.31026,2709349541,0.63937,0.46329,1
1784418376.2182,230.31662,2709413129,0.63506,0.46060,1
1784418376.2251,230.32359,2709482775,0.64859,0.45885,1
1784418376.2316,230.33006,2709547524,0.64859,0.45885,1
1784418376.2385,230.33693,2709616171,0.64811,0.45769,1
1784418376.2449,230.34340,2709680958,0.64767,0.45165,1
1784418376.2516,230.35010,2709747831,0.64767,0.45165,1
1784418376.2587,230.35716,2709818577,0.64914,0.45147,1
1784418376.2650,230.36349,2709881847,0.65022,0.47215,1
1784418376.2721,230.37056,2709952436,0.65022,0.47215,1
1784418376.2784,230.37688,2710015742,0.64228,0.46246,1
1784418376.2853,230.38380,2710085023,0.64510,0.46156,1
1784418376.2918,230.39029,2710149864,0.64510,0.46156,1
1784418376.2985,230.39699,2710216795,0.64720,0.45570,1
1784418376.3055,230.40396,2710286463,0.65069,0.47316,1
1784418376.3121,230.41061,2710353090,0.64958,0.47865,1
1784418376.3189,230.41733,2710420220,0.65258,0.48182,1
1784418376.3257,230.42415,2710488394,0.65291,0.47497,1
1784418376.3324,230.43085,2710555321,0.65166,0.48602,1
1784418376.3387,230.43721,2710618942,0.65624,0.50433,1
1784418376.3456,230.44411,2710688017,0.64603,0.50628,1
1784418376.3525,230.45096,2710756453,0.64603,0.50628,1
1784418376.3590,230.45749,2710821809,0.65185,0.50326,1
1784418376.3655,230.46397,2710886670,0.64508,0.50277,1
1784418376.3724,230.47089,2710955803,0.64601,0.49690,1
1784418376.3789,230.47737,2711020567,0.64882,0.48043,1
1784418376.3856,230.48405,2711087507,0.65219,0.47217,1
1784418376.3926,230.49104,2711157352,0.65403,0.45546,1
1784418376.3992,230.49770,2711223815,0.65940,0.44074,1
1784418376.4057,230.50417,2711288607,0.66140,0.43603,1
1784418376.4124,230.51085,2711355428,0.66140,0.43603,1
1784418376.4191,230.51755,2711422460,0.65176,0.45280,1
1784418376.4260,230.52448,2711491717,0.65054,0.45492,1
1784418376.4328,230.53122,2711559151,0.64993,0.46069,1
1784418376.4394,230.53789,2711625819,0.65072,0.47095,1
1784418376.4459,230.54436,2711690432,0.65065,0.46894,1
1784418376.4526,230.55104,2711757275,0.65127,0.46324,1
1784418376.4595,230.55797,2711826605,0.64890,0.44617,1
1784418376.4660,230.56445,2711891375,0.65073,0.43968,1
1784418376.4729,230.57137,2711960506,0.65133,0.43388,1
1784418376.4794,230.57784,2712025324,0.66121,0.44001,1
1784418376.4861,230.58452,2712092164,0.66115,0.43912,1
1784418376.4933,230.59172,2712164169,0.66047,0.44488,1
1784418376.4995,230.59795,2712226362,0.65475,0.45597,1
1784418376.5065,230.60497,2712296491,0.66505,0.46364,1
1784418376.5131,230.61157,2712362559,0.66505,0.46364,1
1784418376.5199,230.61832,2712430091,0.66035,0.46236,1
1784418376.5263,230.62476,2712494488,0.65825,0.45239,1
1784418376.5330,230.63145,2712561399,0.65719,0.45809,1
1784418376.5400,230.63844,2712631401,0.63413,0.49329,1
1784418376.5466,230.64510,2712697824,0.58933,0.49897,1
1784418376.5534,230.65187,2712765645,0.58960,0.50969,1
1784418376.5600,230.65845,2712831399,0.52397,0.53794,1
1784418376.5668,230.66527,2712899529,0.48335,0.52768,1
1784418376.5732,230.67162,2712963104,0.48260,0.52238,1
1784418376.5801,230.67853,2713032258,0.41473,0.56681,1
1784418376.5866,230.68506,2713097461,0.36828,0.57684,1
1784418376.5932,230.69170,2713163899,0.36932,0.58170,1
1784418376.6002,230.69867,2713233668,0.33448,0.62746,1
1784418376.6067,230.70514,2713298271,0.31400,0.61850,1
1784418376.6136,230.71207,2713367591,0.31817,0.62711,1
1784418376.6201,230.71852,2713432103,0.29154,0.64902,1
1784418376.6272,230.72571,2713503991,0.31518,0.64952,1
1784418376.6340,230.73242,2713571188,0.31351,0.64503,1
1784418376.6401,230.73860,2713632970,0.29820,0.61829,1
1784418376.6471,230.74557,2713702710,0.28551,0.62424,1
1784418376.6536,230.75203,2713767197,0.27882,0.61198,1
1784418376.6605,230.75893,2713836153,0.27892,0.59887,1
1784418376.6669,230.76540,2713900911,0.27796,0.59902,1
1784418376.6736,230.77209,2713967785,0.27650,0.59690,1
1784418376.6807,230.77919,2714038786,0.27544,0.58538,1
1784418376.6875,230.78596,2714106526,0.27578,0.58661,1
1784418376.6941,230.79259,2714172796,0.27578,0.58661,1
1784418376.7007,230.79912,2714238086,0.27733,0.58482,1
1784418376.7075,230.80595,2714306400,0.27673,0.57923,1
1784418376.7141,230.81252,2714372067,0.27915,0.58393,1
1784418376.7207,230.81921,2714439048,0.28249,0.60886,1
1784418376.7276,230.82605,2714507348,0.28311,0.61663,1
1784418376.7339,230.83238,2714570784,0.28555,0.62113,1
1784418376.7409,230.83934,2714640240,0.28557,0.61754,1
1784418376.7473,230.84578,2714704649,0.28623,0.61091,1
1784418376.7542,230.85269,2714773806,0.28286,0.60401,1
1784418376.7607,230.85916,2714838530,0.27893,0.59846,1
1784418376.7674,230.86586,2714905494,0.27678,0.58225,1
1784418376.7744,230.87283,2714975243,0.27201,0.57302,1
1784418376.7808,230.87927,2715039696,0.26476,0.59285,1
1784418376.7875,230.88599,2715106730,0.26727,0.56569,1
1784418376.7944,230.89291,2715176098,0.26968,0.57034,1
1784418376.8010,230.89951,2715241919,0.26354,0.57355,1
1784418376.8078,230.90628,2715309722,0.26943,0.57569,1
1784418376.8147,230.91316,2715378536,0.27188,0.58038,1
1784418376.8210,230.91948,2715441638,0.26448,0.57932,1
1784418376.8277,230.92616,2715508484,0.26303,0.57886,1
1784418376.8344,230.93285,2715575403,0.26303,0.57886,1
1784418376.8413,230.93979,2715644825,0.26439,0.57758,1
1784418376.8478,230.94626,2715709555,0.26866,0.59037,1
1784418376.8545,230.95296,2715776528,0.27048,0.59490,1
1784418376.8612,230.95964,2715843373,0.25337,0.60343,1
1784418376.8679,230.96635,2715910442,0.24690,0.61328,1
1784418376.8750,230.97342,2715981120,0.25211,0.62190,1
1784418376.8815,230.97995,2716046456,0.26298,0.62884,1
1784418376.8883,230.98680,2716114925,0.26219,0.62516,1
1784418376.8950,230.99350,2716181840,0.26458,0.62919,1
1784418376.9016,231.00008,2716247634,0.27258,0.63515,1
1784418376.9088,231.00722,2716319124,0.27753,0.63632,1
1784418376.9148,231.01326,2716379450,0.27986,0.64036,1
1784418376.9217,231.02014,2716448380,0.28336,0.63692,1
1784418376.9281,231.02661,2716513097,0.28616,0.64055,1
1784418376.9349,231.03334,2716580284,0.28434,0.63612,1
1784418376.9416,231.04004,2716647230,0.28428,0.62273,1
1784418376.9483,231.04672,2716714201,0.28451,0.62383,1
1784418376.9552,231.05371,2716783969,0.27763,0.61128,1
1784418376.9619,231.06033,2716850318,0.25946,0.60701,1
1784418376.9686,231.06706,2716917522,0.25130,0.59457,1
1784418376.9751,231.07352,2716982044,0.25336,0.59903,1
1784418376.9820,231.08043,2717051229,0.25333,0.62088,1
1784418376.9884,231.08690,2717115953,0.26323,0.62005,1
1784418376.9951,231.09360,2717182915,0.26830,0.62876,1
1784418377.0021,231.10052,2717252179,0.26409,0.61993,1
1784418377.0086,231.10704,2717317255,0.26483,0.60353,1
1784418377.0155,231.11397,2717386584,0.26246,0.59929,1
1784418377.0219,231.12039,2717450840,0.26503,0.59589,1
1784418377.0286,231.12709,2717517858,0.26841,0.60827,1
1784418377.0353,231.13379,2717584866,0.26841,0.60827,1
1784418377.0420,231.14049,2717651830,0.27225,0.61336,1
1784418377.0490,231.14748,2717721670,0.27257,0.61095,1
1784418377.0554,231.15388,2717785812,0.27257,0.61095,1
1784418377.0624,231.16084,2717855270,0.27239,0.61428,1
1784418377.0688,231.16730,2717919866,0.26906,0.61819,1
1784418377.0757,231.17421,2717989021,0.27139,0.62227,1
1784418377.0826,231.18103,2718057199,0.27977,0.62817,1
1784418377.0891,231.18761,2718123038,0.27955,0.63377,1
1784418377.0956,231.19409,2718187866,0.28100,0.63568,1
1784418377.1027,231.20120,2718258860,0.28093,0.62661,1
1784418377.1090,231.20747,2718321645,0.27821,0.62138,1
1784418377.1157,231.21419,2718388768,0.27492,0.61482,1
1784418377.1227,231.22112,2718458112,0.27298,0.60172,1
1784418377.1291,231.22757,2718522657,0.26927,0.58985,1
1784418377.1360,231.23448,2718591771,0.26668,0.58503,1
1784418377.1425,231.24097,2718656652,0.26991,0.58167,1
1784418377.1494,231.24791,2718726007,0.26783,0.57873,1
1784418377.1559,231.25436,2718790577,0.26783,0.57873,1
1784418377.1626,231.26108,2718857637,0.26511,0.57211,1
1784418377.1696,231.26804,2718927235,0.26389,0.56870,1
1784418377.1763,231.27481,2718995077,0.26487,0.57128,1
1784418377.1829,231.28139,2719060825,0.27016,0.59399,1
1784418377.1894,231.28786,2719125511,0.27171,0.60487,1
1784418377.1965,231.29497,2719196603,0.27330,0.60706,1
1784418377.2030,231.30148,2719261685,0.27307,0.61378,1
1784418377.2095,231.30795,2719326454,0.27066,0.62547,1
1784418377.2162,231.31465,2719393468,0.26807,0.62097,1
1784418377.2231,231.32159,2719462836,0.26767,0.62355,1
1784418377.2296,231.32805,2719527364,0.26085,0.61732,1
1784418377.2365,231.33496,2719596582,0.26085,0.61732,1
1784418377.2434,231.34183,2719665200,0.27196,0.60979,1
1784418377.2499,231.34837,2719730708,0.27298,0.60610,1
1784418377.2564,231.35486,2719795490,0.27298,0.60610,1
1784418377.2631,231.36156,2719862410,0.26509,0.60653,1
1784418377.2702,231.36862,2719933182,0.28365,0.59946,1
1784418377.2767,231.37517,2719998636,0.28459,0.60179,1
1784418377.2834,231.38191,2720066045,0.30767,0.60544,1
1784418377.2901,231.38861,2720132955,0.32150,0.60664,1
1784418377.2966,231.39503,2720197283,0.32250,0.60929,1
1784418377.3035,231.40196,2720266512,0.31620,0.60477,1
1784418377.3100,231.40843,2720331156,0.31937,0.60902,1
1784418377.3169,231.41536,2720400442,0.31716,0.60428,1
1784418377.3233,231.42181,2720465120,0.32140,0.59340,1
1784418377.3301,231.42853,2720532178,0.31644,0.61459,1
1784418377.3371,231.43553,2720602285,0.31575,0.61252,1
1784418377.3434,231.44191,2720665941,0.31935,0.59856,1
1784418377.3504,231.44884,2720735235,0.32151,0.59069,1
1784418377.3569,231.45532,2720800160,0.32178,0.59129,1
1784418377.3636,231.46202,2720867173,0.31763,0.59452,1
1784418377.3702,231.46870,2720933932,0.31984,0.59909,1
1784418377.3772,231.47565,2721003384,0.31984,0.59909,1
1784418377.3842,231.48267,2721073498,0.31716,0.60406,1
1784418377.3903,231.48880,2721134871,0.31872,0.60417,1
1784418377.3974,231.49586,2721205559,0.31872,0.60417,1
1784418377.4040,231.50246,2721271410,0.32110,0.58570,1
1784418377.4107,231.50914,2721338271,0.32064,0.59126,1
1784418377.4171,231.51561,2721402937,0.32064,0.59126,1
1784418377.4238,231.52231,2721469992,0.31312,0.58860,1
1784418377.4306,231.52905,2721537505,0.31787,0.56944,1
1784418377.4372,231.53571,2721603969,0.31495,0.56185,1
1784418377.4442,231.54269,2721673905,0.30490,0.56075,1
1784418377.4510,231.54950,2721741875,0.29734,0.55353,1
1784418377.4577,231.55612,2721808180,0.29594,0.55126,1
1784418377.4645,231.56294,2721876313,0.29645,0.56068,1
1784418377.4711,231.56961,2721943064,0.30119,0.57727,1
1784418377.4774,231.57590,2722005921,0.30640,0.58906,1
1784418377.4844,231.58282,2722075142,0.30766,0.59556,1
1784418377.4908,231.58928,2722139717,0.31984,0.60173,1
1784418377.4976,231.59602,2722207196,0.32103,0.60369,1
1784418377.5045,231.60295,2722276419,0.31730,0.60698,1
1784418377.5109,231.60934,2722340397,0.30898,0.59760,1
1784418377.5178,231.61629,2722409821,0.30700,0.59343,1
1784418377.5243,231.62279,2722474727,0.32166,0.59003,1
1784418377.5310,231.62949,2722541699,0.30514,0.58257,1
1784418377.5377,231.63617,2722608559,0.30514,0.58257,1
1784418377.5444,231.64288,2722675678,0.30922,0.55390,1
1784418377.5513,231.64978,2722744678,0.31281,0.55414,1
1784418377.5578,231.65627,2722809490,0.31356,0.55635,1
1784418377.5645,231.66296,2722876508,0.31631,0.57705,1
1784418377.5715,231.66992,2722946167,0.32093,0.58505,1
1784418377.5779,231.67635,2723010297,0.32210,0.58712,1
1784418377.5848,231.68327,2723079624,0.31461,0.56701,1
1784418377.5913,231.68976,2723144548,0.31383,0.57967,1
1784418377.5980,231.69644,2723211294,0.30887,0.56788,1
1784418377.6051,231.70352,2723282184,0.30847,0.56812,1
1784418377.6114,231.70984,2723345341,0.30475,0.54843,1
1784418377.6183,231.71681,2723415096,0.30337,0.54608,1
1784418377.6248,231.72324,2723479320,0.31212,0.56557,1
1784418377.6317,231.73018,2723548699,0.31917,0.57286,1
1784418377.6385,231.73692,2723616082,0.32586,0.58900,1
1784418377.6452,231.74362,2723683082,0.33618,0.60441,1
1784418377.6520,231.75047,2723751661,0.33179,0.60888,1
1784418377.6583,231.75677,2723814624,0.33553,0.61732,1
1784418377.6654,231.76387,2723885562,0.34072,0.61317,1
1784418377.6717,231.77013,2723948109,0.34216,0.60634,1
1784418377.6786,231.77707,2724017606,0.34216,0.60634,1
1784418377.6851,231.78352,2724082123,0.33126,0.60869,1
1784418377.6918,231.79024,2724149290,0.33779,0.63270,1
1784418377.6985,231.79692,2724216097,0.33627,0.62849,1
1784418377.7051,231.80360,2724283009,0.29584,0.62190,1
1784418377.7122,231.81067,2724353654,0.27781,0.61219,1
1784418377.7187,231.81718,2724418744,0.27260,0.60365,1
1784418377.7256,231.82404,2724487231,0.26845,0.57725,1
1784418377.7322,231.83063,2724553229,0.27293,0.58145,1
1784418377.7387,231.83713,2724618209,0.27293,0.58145,1
1784418377.7453,231.84381,2724684953,0.27350,0.59783,1
1784418377.7520,231.85051,2724752027,0.27083,0.58915,1
1784418377.7591,231.85757,2724822584,0.27083,0.58915,1
1784418377.7655,231.86392,2724886064,0.27781,0.58970,1
1784418377.7724,231.87091,2724956093,0.28231,0.59384,1
1784418377.7788,231.87730,2725019903,0.28483,0.59868,1
1784418377.7858,231.88428,2725089617,0.28878,0.58853,1
1784418377.7922,231.89069,2725153757,0.28871,0.58571,1
1784418377.7991,231.89761,2725223078,0.28788,0.58357,1
1784418377.8056,231.90410,2725287914,0.28549,0.58301,1
1784418377.8123,231.91081,2725355031,0.28831,0.57346,1
1784418377.8194,231.91788,2725425636,0.28831,0.57346,1
1784418377.8262,231.92467,2725493555,0.28897,0.57645,1
1784418377.8328,231.93124,2725559333,0.28997,0.58723,1
1784418377.8394,231.93785,2725625470,0.29211,0.59153,1
1784418377.8462,231.94469,2725693740,0.28057,0.59312,1
1784418377.8528,231.95122,2725759130,0.28015,0.59038,1
1784418377.8595,231.95792,2725826072,0.28015,0.59038,1
1784418377.8663,231.96481,2725895014,0.27993,0.60176,1
1784418377.8728,231.97130,2725959907,0.27828,0.60265,1
1784418377.8793,231.97777,2726024657,0.27603,0.59845,1
1784418377.8860,231.98450,2726091865,0.28580,0.59967,1
1784418377.8930,231.99146,2726161458,0.28586,0.60342,1
1784418377.8998,231.99828,2726229681,0.28371,0.59932,1
1784418377.9064,232.00484,2726295330,0.27998,0.58728,1
1784418377.9128,232.01126,2726359570,0.27594,0.57250,1
1784418377.9197,232.01819,2726428746,0.27678,0.57465,1
1784418377.9262,232.02467,2726493588,0.27713,0.57742,1
1784418377.9329,232.03137,2726560635,0.28007,0.59194,1
1784418377.9396,232.03806,2726627483,0.28228,0.59618,1
1784418377.9466,232.04504,2726697423,0.27954,0.59854,1
1784418377.9532,232.05168,2726763722,0.27883,0.60015,1
1784418377.9597,232.05815,2726828481,0.27883,0.60015,1
1784418377.9664,232.06485,2726895449,0.27553,0.59959,1
1784418377.9733,232.07179,2726964867,0.27746,0.59125,1
1784418377.9798,232.07825,2727029325,0.27746,0.59125,1
1784418377.9865,232.08496,2727096506,0.27486,0.60732,1
1784418377.9932,232.09163,2727163175,0.26963,0.58332,1
1784418377.9999,232.09834,2727230320,0.26871,0.58107,1
1784418378.0068,232.10527,2727299627,0.26294,0.59446,1
1784418378.0135,232.11201,2727367117,0.27097,0.58921,1
1784418378.0200,232.11845,2727431410,0.27097,0.58921,1
1784418378.0270,232.12550,2727501954,0.27430,0.59591,1
1784418378.0341,232.13260,2727572974,0.27670,0.59453,1
1784418378.0404,232.13884,2727635359,0.27895,0.59877,1
1784418378.0470,232.14546,2727701469,0.27532,0.60157,1
1784418378.0535,232.15193,2727766236,0.28222,0.60292,1
1784418378.0604,232.15891,2727835919,0.28222,0.60292,1
1784418378.0671,232.16557,2727902714,0.28543,0.60255,1
1784418378.0739,232.17241,2727971066,0.28235,0.62330,1
1784418378.0803,232.17873,2728034228,0.28235,0.62330,1
1784418378.0872,232.18568,2728103797,0.28202,0.61493,1
1784418378.0936,232.19211,2728168032,0.28273,0.61319,1
1784418378.1006,232.19908,2728237673,0.28273,0.61319,1
1784418378.1071,232.20552,2728302093,0.29234,0.60505,1
1784418378.1138,232.21223,2728369285,0.32329,0.60254,1
1784418378.1207,232.21915,2728438316,0.32138,0.59833,1
1784418378.1274,232.22583,2728505246,0.31289,0.60409,1
1784418378.1341,232.23253,2728572212,0.31422,0.59321,1
1784418378.1405,232.23901,2728637060,0.31008,0.58424,1
1784418378.1472,232.24571,2728704026,0.31129,0.57542,1
1784418378.1543,232.25276,2728774514,0.30690,0.56550,1
1784418378.1606,232.25911,2728838040,0.30690,0.56550,1
1784418378.1676,232.26607,2728907566,0.31616,0.57823,1
1784418378.1740,232.27249,2728971844,0.31560,0.58186,1
1784418378.1810,232.27942,2729041080,0.31776,0.58667,1
1784418378.1874,232.28590,2729105881,0.31049,0.58083,1
1784418378.1941,232.29260,2729172904,0.31278,0.57739,1
1784418378.2011,232.29955,2729242295,0.31278,0.57739,1
1784418378.2077,232.30621,2729309083,0.30049,0.57744,1
1784418378.2144,232.31291,2729376050,0.31490,0.57651,1
1784418378.2212,232.31967,2729443570,0.31490,0.57651,1
1784418378.2279,232.32632,2729510127,0.31344,0.57402,1
1784418378.2346,232.33304,2729577355,0.30273,0.57400,1
1784418378.2410,232.33949,2729641849,0.30273,0.57400,1
1784418378.2480,232.34651,2729712020,0.30316,0.57403,1
1784418378.2544,232.35289,2729775778,0.30214,0.57687,1
1784418378.2611,232.35959,2729842797,0.30214,0.57687,1
1784418378.2681,232.36655,2729912435,0.30147,0.57822,1
1784418378.2745,232.37297,2729976640,0.30222,0.57288,1
1784418378.2814,232.37988,2730045812,0.30222,0.57288,1
1784418378.2879,232.38638,2730110767,0.30228,0.57524,1
1784418378.2949,232.39340,2730180873,0.30072,0.57522,1
1784418378.3013,232.39977,2730244554,0.30072,0.57522,1
1784418378.3082,232.40668,2730313759,0.31950,0.56718,1
1784418378.3147,232.41318,2730378709,0.31948,0.57369,1
1784418378.3216,232.42009,2730447884,0.31948,0.57369,1
1784418378.3281,232.42656,2730512464,0.31896,0.57218,1
1784418378.3348,232.43327,2730579579,0.31801,0.57889,1
1784418378.3417,232.44017,2730648684,0.31801,0.57889,1
1784418378.3482,232.44666,2730713391,0.31877,0.57224,1
1784418378.3549,232.45335,2730780436,0.32185,0.58151,1
1784418378.3618,232.46027,2730849582,0.32440,0.58803,1
1784418378.3683,232.46675,2730914379,0.34248,0.59530,1
1784418378.3750,232.47343,2730981241,0.34115,0.60899,1
1784418378.3821,232.48053,2731052241,0.34474,0.61742,1
1784418378.3884,232.48685,2731115421,0.34519,0.61953,1
1784418378.3955,232.49393,2731186162,0.34448,0.62394,1
1784418378.4020,232.50047,2731251572,0.34305,0.61923,1
1784418378.4089,232.50732,2731320107,0.33853,0.59792,1
1784418378.4156,232.51405,2731387436,0.33713,0.59318,1
1784418378.4221,232.52060,2731452954,0.33331,0.58409,1
1784418378.4286,232.52704,2731517283,0.33011,0.58123,1
1784418378.4353,232.53374,2731584339,0.32979,0.58689,1
1784418378.4423,232.54076,2731654411,0.32979,0.58689,1
1784418378.4487,232.54713,2731718179,0.32992,0.58994,1
1784418378.4556,232.55409,2731787831,0.33041,0.58627,1
1784418378.4623,232.56076,2731854501,0.33041,0.58627,1
1784418378.4688,232.56723,2731919281,0.32577,0.59186,1
1784418378.4754,232.57391,2731986070,0.32764,0.59371,1
1784418378.4821,232.58061,2732053107,0.32764,0.59371,1
1784418378.4891,232.58759,2732122783,0.32719,0.59553,1
1784418378.4956,232.59402,2732187111,0.33206,0.59424,1
1784418378.5023,232.60072,2732254187,0.33206,0.59424,1
1784418378.5093,232.60773,2732324144,0.32970,0.58743,1
1784418378.5156,232.61409,2732387879,0.32923,0.59320,1
1784418378.5226,232.62106,2732457552,0.32923,0.59320,1
1784418378.5290,232.62750,2732521980,0.33234,0.58994,1
1784418378.5358,232.63423,2732589244,0.33217,0.58675,1
1784418378.5427,232.64113,2732658194,0.33294,0.58919,1
1784418378.5491,232.64760,2732722940,0.33728,0.59831,1
1784418378.5561,232.65453,2732792121,0.33843,0.60138,1
1784418378.5625,232.66101,2732856953,0.33969,0.60371,1
1784418378.5695,232.66792,2732926196,0.34157,0.60143,1
1784418378.5762,232.67471,2732993978,0.33550,0.59466,1
1784418378.5829,232.68132,2733060058,0.33490,0.59447,1
1784418378.5897,232.68819,2733128830,0.33466,0.59896,1
1784418378.5961,232.69452,2733192095,0.34327,0.60553,1
1784418378.6030,232.70149,2733261786,0.34639,0.61243,1
1784418378.6094,232.70789,2733325806,0.34539,0.63176,1
1784418378.6165,232.71492,2733396102,0.34190,0.62151,1
1784418378.6228,232.72128,2733459679,0.33934,0.61491,1
1784418378.6295,232.72801,2733527072,0.33620,0.60259,1
1784418378.6365,232.73497,2733596623,0.32766,0.59682,1
1784418378.6429,232.74139,2733660777,0.32556,0.59206,1
1784418378.6499,232.74832,2733730142,0.32507,0.58201,1
1784418378.6567,232.75517,2733798603,0.32328,0.57918,1
1784418378.6632,232.76169,2733863827,0.32328,0.57918,1
1784418378.6704,232.76884,2733935291,0.32550,0.57475,1
1784418378.6766,232.77510,2733997865,0.32749,0.57201,1
1784418378.6831,232.78157,2734062540,0.32749,0.57201,1
1784418378.6898,232.78827,2734129579,0.32183,0.56596,1
1784418378.6965,232.79495,2734196361,0.32455,0.57505,1
1784418378.7032,232.80167,2734263515,0.32455,0.57505,1
1784418378.7101,232.80858,2734332706,0.32164,0.57219,1
1784418378.7166,232.81508,2734397735,0.32344,0.56596,1
1784418378.7233,232.82175,2734464439,0.32344,0.56596,1
1784418378.7303,232.82875,2734534354,0.32204,0.58766,1
1784418378.7367,232.83514,2734598383,0.33099,0.57978,1
1784418378.7436,232.84207,2734667598,0.33099,0.57978,1
1784418378.7501,232.84854,2734732273,0.32969,0.58437,1
1784418378.7568,232.85527,2734799560,0.33068,0.60541,1
1784418378.7637,232.86220,2734868938,0.33068,0.60541,1
1784418378.7704,232.86887,2734935560,0.31831,0.58851,1
1784418378.7772,232.87570,2735003863,0.33160,0.57498,1
1784418378.7838,232.88228,2735069658,0.33160,0.57498,1
1784418378.7906,232.88902,2735137169,0.31961,0.58356,1
1784418378.7970,232.89546,2735201564,0.31991,0.58702,1
1784418378.8039,232.90237,2735270647,0.31991,0.58702,1
1784418378.8104,232.90883,2735335200,0.31418,0.59936,1
1784418378.8171,232.91556,2735402424,0.32380,0.57614,1
1784418378.8240,232.92245,2735471439,0.32453,0.57863,1
1784418378.8305,232.92892,2735536100,0.32918,0.59608,1
1784418378.8372,232.93562,2735603198,0.32930,0.60685,1
1784418378.8443,232.94272,2735674054,0.32957,0.60744,1
1784418378.8508,232.94925,2735739353,0.35159,0.61418,1
1784418378.8573,232.95573,2735804237,0.35157,0.62088,1
1784418378.8640,232.96243,2735871233,0.34991,0.61690,1
1784418378.8706,232.96910,2735937996,0.34935,0.61667,1
1784418378.8773,232.97581,2736005058,0.33129,0.61105,1
1784418378.8844,232.98283,2736075245,0.33309,0.61507,1
1784418378.8907,232.98921,2736139058,0.34971,0.60625,1
1784418378.8977,232.99615,2736208421,0.35052,0.61474,1
1784418378.9041,233.00261,2736272969,0.35152,0.61648,1
1784418378.9109,233.00932,2736340141,0.34916,0.61494,1
1784418378.9178,233.01624,2736409321,0.34868,0.60683,1
1784418378.9242,233.02269,2736473853,0.34676,0.60216,1
1784418378.9313,233.02975,2736544411,0.34168,0.59752,1
1784418378.9376,233.03610,2736607984,0.34108,0.60795,1
1784418378.9443,233.04280,2736674952,0.34108,0.60795,1
1784418378.9513,233.04977,2736744611,0.34237,0.59397,1
1784418378.9579,233.05641,2736811020,0.34405,0.59119,1
1784418378.9647,233.06313,2736878165,0.34236,0.58703,1
1784418378.9716,233.07002,2736947083,0.33856,0.58326,1
1784418378.9781,233.07655,2737012519,0.33732,0.59629,1
1784418378.9848,233.08327,2737079571,0.33732,0.59629,1
1784418378.9915,233.08994,2737146229,0.34189,0.59560,1
1784418378.9979,233.09639,2737210791,0.34409,0.59786,1
1784418379.0046,233.10309,2737277810,0.34577,0.60194,1
1784418379.0113,233.10977,2737344578,0.33666,0.60866,1
1784418379.0180,233.11649,2737411842,0.33757,0.60325,1
1784418379.0251,233.12354,2737482232,0.33757,0.60325,1
1784418379.0314,233.12990,2737545829,0.34076,0.59892,1
1784418379.0384,233.13683,2737615138,0.34137,0.59306,1
1784418379.0448,233.14326,2737679492,0.34209,0.59550,1
1784418379.0515,233.14999,2737746916,0.35133,0.59372,1
1784418379.0585,233.15694,2737816257,0.35469,0.59567,1
1784418379.0649,233.16336,2737880550,0.35551,0.59846,1
1784418379.0720,233.17047,2737951669,0.35820,0.59759,1
1784418379.0783,233.17674,2738014402,0.36107,0.60072,1
1784418379.0852,233.18370,2738083957,0.36107,0.60072,1
1784418379.0917,233.19016,2738148459,0.36090,0.61568,1
1784418379.0986,233.19710,2738217879,0.36538,0.61521,1
1784418379.1051,233.20355,2738282454,0.36538,0.61521,1
1784418379.1118,233.21025,2738349376,0.36400,0.61280,1
1784418379.1189,233.21738,2738420642,0.36221,0.61168,1
1784418379.1252,233.22365,2738483324,0.36325,0.61359,1
1784418379.1321,233.23058,2738552621,0.36429,0.61184,1
1784418379.1386,233.23705,2738617322,0.36184,0.61014,1
1784418379.1455,233.24400,2738686938,0.36184,0.61014,1
1784418379.1522,233.25070,2738753961,0.36033,0.61093,1
1784418379.1587,233.25716,2738818442,0.36061,0.60859,1
1784418379.1658,233.26428,2738889758,0.36118,0.61082,1
1784418379.1723,233.27077,2738954632,0.36151,0.61957,1
1784418379.1790,233.27747,2739021627,0.35763,0.62545,1
1784418379.1855,233.28394,2739086264,0.35931,0.62957,1
1784418379.1922,233.29063,2739153312,0.35920,0.63157,1
1784418379.1991,233.29759,2739222852,0.35289,0.63261,1
1784418379.2056,233.30403,2739287180,0.35153,0.62785,1
1784418379.2126,233.31104,2739357258,0.34411,0.62137,1
1784418379.2190,233.31743,2739421139,0.35126,0.61341,1
1784418379.2257,233.32414,2739488279,0.34598,0.60057,1
1784418379.2324,233.33083,2739555183,0.34816,0.57145,1
1784418379.2391,233.33752,2739622086,0.35465,0.57150,1
1784418379.2460,233.34447,2739691568,0.35308,0.56730,1
1784418379.2525,233.35094,2739756220,0.34865,0.57433,1
1784418379.2594,233.35788,2739825754,0.34396,0.57036,1
1784418379.2659,233.36433,2739890235,0.34459,0.57286,1
1784418379.2728,233.37123,2739959277,0.35338,0.58038,1
1784418379.2792,233.37770,2740023945,0.35425,0.58896,1
1784418379.2859,233.38441,2740091015,0.35824,0.60000,1
1784418379.2929,233.39133,2740160227,0.35867,0.62171,1
1784418379.2993,233.39781,2740224958,0.35891,0.63064,1
1784418379.3063,233.40474,2740294264,0.36223,0.63874,1
1784418379.3130,233.41151,2740362056,0.37297,0.64447,1
1784418379.3194,233.41789,2740425880,0.39506,0.64328,1
1784418379.3264,233.42484,2740495302,0.39266,0.63467,1
1784418379.3328,233.43129,2740559879,0.39094,0.62274,1
1784418379.3398,233.43822,2740629061,0.40377,0.59813,1
1784418379.3466,233.44502,2740697125,0.40153,0.59182,1
1784418379.3532,233.45163,2740763256,0.40851,0.60886,1
1784418379.3599,233.45837,2740830725,0.41319,0.61818,1
1784418379.3663,233.46480,2740894955,0.41576,0.62678,1
1784418379.3734,233.47182,2740965084,0.41956,0.62738,1
1784418379.3802,233.47865,2741033495,0.42150,0.62899,1
1784418379.3866,233.48511,2741097946,0.42070,0.62710,1
1784418379.3931,233.49156,2741162590,0.42297,0.62743,1
1784418379.4001,233.49855,2741232486,0.42290,0.62733,1
1784418379.4065,233.50500,2741297032,0.42290,0.62733,1
1784418379.4132,233.51167,2741363584,0.43038,0.62788,1
1784418379.4201,233.51860,2741432848,0.43085,0.62694,1
1784418379.4266,233.52507,2741497555,0.43054,0.62481,1
1784418379.4336,233.53203,2741567239,0.43112,0.62114,1
1784418379.4400,233.53847,2741631578,0.43291,0.62049,1
1784418379.4467,233.54518,2741698788,0.43152,0.61408,1
1784418379.4537,233.55215,2741768405,0.43664,0.59903,1
1784418379.4603,233.55878,2741834712,0.43428,0.58742,1
1784418379.4670,233.56551,2741901970,0.43313,0.58271,1
1784418379.4735,233.57196,2741966524,0.42337,0.58374,1
1784418379.4802,233.57867,2742033629,0.41281,0.58857,1
1784418379.4869,233.58536,2742100496,0.41150,0.58393,1
1784418379.4936,233.59206,2742167464,0.40266,0.56525,1
1784418379.5007,233.59912,2742238061,0.39975,0.56545,1
1784418379.5070,233.60547,2742301532,0.39885,0.56322,1
1784418379.5140,233.61246,2742371526,0.39402,0.56280,1
1784418379.5204,233.61885,2742435401,0.39305,0.55618,1
1784418379.5274,233.62584,2742505298,0.39490,0.56324,1
1784418379.5338,233.63226,2742569525,0.40059,0.57676,1
1784418379.5409,233.63934,2742640374,0.40316,0.57954,1
1784418379.5475,233.64592,2742706076,0.40705,0.59276,1
1784418379.5546,233.65303,2742777174,0.41057,0.59907,1
1784418379.5606,233.65903,2742837186,0.41344,0.61154,1
1784418379.5675,233.66600,2742906863,0.41486,0.61636,1
1784418379.5740,233.67242,2742971184,0.41522,0.61790,1
1784418379.5809,233.67935,2743040431,0.41831,0.60288,1
1784418379.5876,233.68611,2743108018,0.41795,0.60066,1
1784418379.5941,233.69254,2743172339,0.42120,0.60156,1
1784418379.6010,233.69949,2743241864,0.42848,0.60545,1
1784418379.6078,233.70631,2743310112,0.42736,0.60123,1
1784418379.6144,233.71286,2743375504,0.42689,0.59070,1
1784418379.6212,233.71967,2743443504,0.43623,0.58692,1
1784418379.6276,233.72603,2743507172,0.43521,0.58267,1
1784418379.6346,233.73306,2743577481,0.43210,0.59130,1
1784418379.6409,233.73941,2743640983,0.43286,0.59576,1
1784418379.6479,233.74641,2743711025,0.43136,0.58858,1
1784418379.6544,233.75282,2743775082,0.43222,0.58218,1
1784418379.6613,233.75974,2743844225,0.42784,0.57183,1
1784418379.6677,233.76620,2743909007,0.42698,0.56953,1
1784418379.6744,233.77290,2743975899,0.43320,0.59150,1
1784418379.6814,233.77985,2744045382,0.43576,0.60386,1
1784418379.6879,233.78632,2744110060,0.43803,0.61300,1
1784418379.6947,233.79321,2744179094,0.44186,0.57915,1
1784418379.7012,233.79970,2744243899,0.44033,0.57974,1
1784418379.7079,233.80641,2744310969,0.44033,0.57974,1
1784418379.7149,233.81332,2744380088,0.43901,0.59136,1
1784418379.7217,233.82018,2744448618,0.43921,0.59129,1
1784418379.7283,233.82672,2744514066,0.43921,0.59129,1
1784418379.7351,233.83356,2744582412,0.43559,0.56940,1
1784418379.7419,233.84038,2744650722,0.43201,0.57704,1
1784418379.7482,233.84668,2744713644,0.43201,0.57704,1
1784418379.7552,233.85362,2744783126,0.44217,0.58542,1
1784418379.7615,233.86000,2744846927,0.44167,0.58606,1
1784418379.7682,233.86667,2744913596,0.44031,0.57869,1
1784418379.7752,233.87366,2744983442,0.43629,0.57822,1
1784418379.7816,233.88010,2745047830,0.43241,0.56513,1
1784418379.7886,233.88702,2745117210,0.43014,0.55557,1
1784418379.7950,233.89346,2745181587,0.43050,0.55104,1
1784418379.8019,233.90039,2745250831,0.42905,0.55064,1
1784418379.8084,233.90688,2745315684,0.42905,0.55064,1
1784418379.8154,233.91391,2745385953,0.42960,0.55233,1
1784418379.8222,233.92064,2745453276,0.42699,0.55170,1
1784418379.8287,233.92719,2745518772,0.42699,0.55170,1
1784418379.8352,233.93365,2745583411,0.42982,0.54656,1
1784418379.8421,233.94058,2745652761,0.43083,0.54675,1
1784418379.8489,233.94737,2745720570,0.43083,0.54675,1
1784418379.8553,233.95377,2745784614,0.42855,0.53993,1
1784418379.8620,233.96046,2745851609,0.41844,0.54028,1
1784418379.8690,233.96747,2745921609,0.41844,0.54028,1
1784418379.8754,233.97388,2745985645,0.43326,0.53612,1
1784418379.8821,233.98056,2746052451,0.42287,0.54356,1
1784418379.8888,233.98726,2746119485,0.42287,0.54356,1
1784418379.8958,233.99425,2746189348,0.42442,0.53985,1
1784418379.9022,234.00066,2746253412,0.42967,0.54222,1
1784418379.9091,234.00760,2746322914,0.43110,0.54966,1
1784418379.9160,234.01443,2746391211,0.43677,0.55075,1
1784418379.9226,234.02107,2746457680,0.43787,0.55492,1
1784418379.9294,234.02783,2746525208,0.44010,0.56491,1
1784418379.9361,234.03459,2746592779,0.44608,0.58885,1
1784418379.9424,234.04083,2746655190,0.44740,0.58344,1
1784418379.9493,234.04778,2746724718,0.44607,0.57595,1
1784418379.9558,234.05424,2746789416,0.45083,0.56260,1
1784418379.9628,234.06126,2746859477,0.45203,0.55115,1
1784418379.9692,234.06763,2746923179,0.45127,0.54890,1
1784418379.9761,234.07455,2746992383,0.45456,0.55879,1
1784418379.9826,234.08102,2747057111,0.46378,0.56852,1
1784418379.9893,234.08772,2747124166,0.46559,0.57829,1
1784418379.9962,234.09470,2747193913,0.45633,0.57670,1
1784418380.0027,234.10112,2747258117,0.44397,0.57454,1
1784418380.0096,234.10809,2747327878,0.44260,0.56697,1
1784418380.0161,234.11452,2747392022,0.43546,0.55355,1
1784418380.0228,234.12122,2747459080,0.42424,0.54195,1
1784418380.0297,234.12817,2747528636,0.42337,0.53963,1
1784418380.0362,234.13463,2747593186,0.44771,0.56503,1
1784418380.0431,234.14153,2747662230,0.45337,0.57682,1
1784418380.0495,234.14801,2747727044,0.45507,0.58395,1
1784418380.0566,234.15503,2747797212,0.45081,0.57609,1
1784418380.0629,234.16139,2747860900,0.44901,0.57731,1
1784418380.0696,234.16811,2747928005,0.44798,0.57251,1
1784418380.0763,234.17479,2747994862,0.44809,0.56239,1
1784418380.0830,234.18149,2748061826,0.45100,0.56680,1
1784418380.0900,234.18848,2748131728,0.45100,0.56680,1
1784418380.0965,234.19492,2748196007,0.45027,0.57593,1
1784418380.1038,234.20227,2748269632,0.45067,0.58111,1
1784418380.1103,234.20876,2748334535,0.45067,0.58111,1
1784418380.1170,234.21542,2748401164,0.45104,0.57693,1
1784418380.1232,234.22169,2748463912,0.46332,0.58145,1
1784418380.1302,234.22864,2748533332,0.46332,0.58145,1
1784418380.1366,234.23509,2748597836,0.46129,0.58714,1
1784418380.1436,234.24203,2748667296,0.45898,0.59065,1
1784418380.1500,234.24847,2748731709,0.45898,0.59065,1
1784418380.1572,234.25566,2748803503,0.45805,0.59134,1
1784418380.1638,234.26222,2748869207,0.45464,0.56866,1
1784418380.1703,234.26880,2748934886,0.45464,0.56866,1
1784418380.1771,234.27556,2749002551,0.45502,0.57953,1
1784418380.1835,234.28200,2749066892,0.45433,0.55764,1
1784418380.1904,234.28889,2749135923,0.45546,0.56448,1
1784418380.1973,234.29572,2749204085,0.45550,0.55440,1
1784418380.2038,234.30231,2749269906,0.45505,0.59178,1
1784418380.2106,234.30907,2749337545,0.45695,0.60084,1
1784418380.2170,234.31548,2749401709,0.45639,0.60334,1
1784418380.2239,234.32239,2749470715,0.45723,0.58574,1
1784418380.2308,234.32924,2749539355,0.45723,0.58574,1
1784418380.2373,234.33578,2749604741,0.46721,0.60714,1
1784418380.2438,234.34225,2749669464,0.46722,0.58616,1
1784418380.2505,234.34898,2749736812,0.46722,0.58616,1
1784418380.2575,234.35593,2749806156,0.47559,0.61184,1
1784418380.2639,234.36234,2749870284,0.49416,0.61807,1
1784418380.2706,234.36905,2749937448,0.49355,0.61396,1
1784418380.2776,234.37604,2750007260,0.51233,0.60807,1
1784418380.2842,234.38266,2750073544,0.52666,0.60321,1
1784418380.2910,234.38942,2750141105,0.52639,0.59661,1
1784418380.2976,234.39610,2750207871,0.51922,0.59518,1
1784418380.3045,234.40300,2750276888,0.52059,0.58594,1
1784418380.3110,234.40948,2750341713,0.52014,0.58121,1
1784418380.3178,234.41623,2750409211,0.52351,0.58330,1
1784418380.3242,234.42264,2750473275,0.52418,0.57869,1
1784418380.3309,234.42935,2750540467,0.52418,0.57869,1
1784418380.3378,234.43628,2750609779,0.51362,0.57595,1
1784418380.3443,234.44273,2750674273,0.51284,0.57926,1
1784418380.3512,234.44969,2750743895,0.51284,0.57926,1
1784418380.3577,234.45613,2750808265,0.51584,0.57593,1
1784418380.3646,234.46304,2750877400,0.51488,0.57620,1
1784418380.3711,234.46953,2750942127,0.51440,0.57145,1
1784418380.3777,234.47621,2751009081,0.51452,0.55996,1
1784418380.3847,234.48317,2751078560,0.51864,0.55083,1
1784418380.3914,234.48985,2751145429,0.51821,0.54598,1
1784418380.3981,234.49654,2751212269,0.51825,0.54451,1
1784418380.4045,234.50301,2751276937,0.51681,0.54357,1
1784418380.4113,234.50972,2751344065,0.51681,0.54357,1
1784418380.4179,234.51640,2751410974,0.52208,0.53458,1
1784418380.4251,234.52354,2751482396,0.51890,0.53530,1
1784418380.4316,234.53003,2751547188,0.51933,0.54024,1
1784418380.4380,234.53650,2751611936,0.52221,0.56207,1
1784418380.4447,234.54321,2751678977,0.51931,0.57078,1
1784418380.4514,234.54990,2751745915,0.51975,0.57554,1
1784418380.4582,234.55663,2751813095,0.50983,0.57076,1
1784418380.4651,234.56357,2751882566,0.50250,0.56526,1
1784418380.4715,234.57001,2751947020,0.50192,0.56531,1
1784418380.4785,234.57698,2752016690,0.45167,0.58035,1
1784418380.4853,234.58380,2752084973,0.43875,0.58028,1
1784418380.4919,234.59039,2752150820,0.44181,0.59343,1
1784418380.4987,234.59712,2752218119,0.43749,0.58676,1
1784418380.5050,234.60349,2752281834,0.43352,0.62920,1
1784418380.5119,234.61041,2752350974,0.43586,0.63793,1
1784418380.5184,234.61688,2752415758,0.43652,0.63107,1
1784418380.5253,234.62379,2752484928,0.44806,0.63171,1
1784418380.5318,234.63026,2752549556,0.44806,0.63171,1
1784418380.5390,234.63745,2752621440,0.44916,0.62905,1
1784418380.5455,234.64398,2752686764,0.45594,0.62974,1
1784418380.5519,234.65041,2752750924,0.45594,0.62974,1
1784418380.5590,234.65742,2752821162,0.45887,0.62660,1
1784418380.5653,234.66377,2752884640,0.45641,0.63110,1
1784418380.5722,234.67070,2752953888,0.45641,0.63110,1
1784418380.5791,234.67752,2753022148,0.45809,0.61624,1
1784418380.5856,234.68410,2753087808,0.44549,0.62225,1
1784418380.5921,234.69057,2753152572,0.44549,0.62225,1
1784418380.5988,234.69725,2753219486,0.44402,0.62838,1
1784418380.6058,234.70424,2753289298,0.44808,0.61696,1
1784418380.6122,234.71065,2753353435,0.44808,0.61696,1
1784418380.6191,234.71758,2753422699,0.44269,0.62144,1
1784418380.6256,234.72406,2753487502,0.44617,0.62852,1
1784418380.6323,234.73076,2753554457,0.44617,0.62852,1
1784418380.6394,234.73782,2753625187,0.44459,0.63606,1
1784418380.6459,234.74438,2753690725,0.44255,0.63840,1
1784418380.6526,234.75107,2753757632,0.44255,0.63840,1
1784418380.6593,234.75777,2753824640,0.44342,0.62423,1
1784418380.6660,234.76448,2753891685,0.44375,0.62616,1
1784418380.6725,234.77098,2753956649,0.44375,0.62616,1
1784418380.6794,234.77791,2754025929,0.44321,0.62746,1
1784418380.6863,234.78479,2754094777,0.44499,0.62504,1
1784418380.6927,234.79112,2754158131,0.44499,0.62504,1
1784418380.6996,234.79805,2754227399,0.43963,0.62393,1
1784418380.7060,234.80444,2754291272,0.43819,0.64211,1
1784418380.7129,234.81137,2754360673,0.43819,0.64211,1
1784418380.7197,234.81816,2754428568,0.45067,0.63532,1
1784418380.7261,234.82452,2754492221,0.44799,0.62802,1
1784418380.7330,234.83148,2754561789,0.44799,0.62802,1
1784418380.7395,234.83792,2754626186,0.45162,0.62933,1
1784418380.7464,234.84485,2754695422,0.44974,0.62837,1
1784418380.7532,234.85164,2754763271,0.44974,0.62837,1
1784418380.7596,234.85803,2754827243,0.44929,0.62401,1
1784418380.7666,234.86511,2754897994,0.44544,0.62577,1
1784418380.7729,234.87141,2754961119,0.44544,0.62577,1
1784418380.7801,234.87854,2755032246,0.44968,0.62236,1
1784418380.7863,234.88481,2755095042,0.44620,0.62121,1
1784418380.7933,234.89174,2755164289,0.44620,0.62121,1
1784418380.7997,234.89821,2755229012,0.44944,0.61625,1
1784418380.8067,234.90514,2755298283,0.44902,0.61887,1
1784418380.8135,234.91193,2755366228,0.44902,0.61887,1
1784418380.8198,234.91830,2755430020,0.45310,0.62101,1
1784418380.8268,234.92523,2755499192,0.45211,0.61466,1
1784418380.8332,234.93170,2755563913,0.45211,0.61466,1
1784418380.8401,234.93861,2755633080,0.45446,0.62346,1
1784418380.8470,234.94543,2755701272,0.45532,0.62812,1
1784418380.8533,234.95181,2755764963,0.45532,0.62812,1
1784418380.8603,234.95877,2755834617,0.44695,0.62241,1
1784418380.8670,234.96545,2755901416,0.44602,0.63213,1
1784418380.8738,234.97224,2755969297,0.44602,0.63213,1
1784418380.8801,234.97861,2756032922,0.45034,0.63399,1
1784418380.8871,234.98558,2756102784,0.44985,0.62605,1
1784418380.8935,234.99199,2756166797,0.44728,0.61262,1
1784418380.9002,234.99869,2756233742,0.42223,0.59483,1
1784418380.9072,235.00566,2756303544,0.43445,0.57040,1
1784418380.9136,235.01208,2756367734,0.43017,0.55232,1
1784418380.9205,235.01901,2756437053,0.41669,0.54366,1
1784418380.9270,235.02550,2756501851,0.40185,0.54594,1
1784418380.9337,235.03218,2756568730,0.40185,0.54594,1
1784418380.9406,235.03909,2756637898,0.41388,0.55133,1
1784418380.9471,235.04558,2756702662,0.40644,0.55264,1
1784418380.9540,235.05249,2756771884,0.40817,0.55991,1
1784418380.9605,235.05898,2756836683,0.41977,0.56690,1
1784418380.9672,235.06567,2756903676,0.42312,0.57751,1
1784418380.9742,235.07265,2756973400,0.42560,0.58710,1
1784418380.9806,235.07906,2757037513,0.42297,0.59068,1
1784418380.9875,235.08601,2757106978,0.42329,0.59123,1
1784418380.9940,235.09247,2757171655,0.42329,0.59123,1
1784418381.0009,235.09940,2757240808,0.41905,0.59752,1
1784418381.0074,235.10587,2757305621,0.41906,0.59574,1
1784418381.0141,235.11256,2757372479,0.42054,0.60203,1
1784418381.0210,235.11949,2757441880,0.41626,0.59466,1
1784418381.0275,235.12595,2757506311,0.41414,0.60784,1
1784418381.0345,235.13295,2757576386,0.41499,0.60994,1
1784418381.0411,235.13959,2757642717,0.41383,0.60312,1
1784418381.0478,235.14629,2757709714,0.40615,0.59725,1
1784418381.0546,235.15305,2757777389,0.40362,0.58882,1
1784418381.0612,235.15971,2757843995,0.40774,0.58987,1
1784418381.0681,235.16652,2757912086,0.41572,0.59459,1
1784418381.0744,235.17285,2757975387,0.41572,0.59459,1
1784418381.0813,235.17976,2758044525,0.42130,0.59534,1
1784418381.0878,235.18625,2758109348,0.42055,0.60291,1
1784418381.0948,235.19327,2758179540,0.42197,0.60911,1
1784418381.1012,235.19963,2758243247,0.42126,0.60405,1
1784418381.1079,235.20634,2758310281,0.42539,0.61767,1
1784418381.1148,235.21330,2758379994,0.42769,0.62599,1
1784418381.1213,235.21973,2758444181,0.43521,0.63074,1
1784418381.1282,235.22668,2758513744,0.43216,0.63694,1
1784418381.1347,235.23312,2758578175,0.43071,0.63069,1
1784418381.1416,235.24005,2758647366,0.42891,0.60629,1
1784418381.1484,235.24690,2758715883,0.42572,0.61870,1
1784418381.1550,235.25345,2758781327,0.42349,0.61060,1
1784418381.1615,235.25995,2758846470,0.42120,0.59164,1
1784418381.1682,235.26663,2758913231,0.42195,0.58788,1
1784418381.1751,235.27359,2758982871,0.42195,0.58788,1
1784418381.1815,235.28000,2759046930,0.42155,0.58478,1
1784418381.1885,235.28694,2759116271,0.42153,0.57416,1
1784418381.1949,235.29341,2759180976,0.42153,0.57416,1
1784418381.2016,235.30011,2759248062,0.42459,0.59163,1
1784418381.2083,235.30679,2759314916,0.43141,0.56780,1
1784418381.2150,235.31349,2759381818,0.43141,0.56780,1
1784418381.2220,235.32042,2759451113,0.42401,0.56943,1
1784418381.2287,235.32713,2759518182,0.43332,0.56340,1
1784418381.2354,235.33388,2759585758,0.43332,0.56340,1
1784418381.2421,235.34061,2759653049,0.43648,0.56024,1
1784418381.2487,235.34721,2759719062,0.44037,0.56294,1
1784418381.2552,235.35370,2759783973,0.44161,0.56964,1
1784418381.2619,235.36041,2759850969,0.44208,0.57663,1
1784418381.2689,235.36732,2759920084,0.44330,0.58566,1
1784418381.2753,235.37379,2759984929,0.44531,0.59450,1
1784418381.2820,235.38051,2760051983,0.45071,0.62954,1
1784418381.2890,235.38747,2760121526,0.45298,0.63109,1
1784418381.2954,235.39386,2760185528,0.45298,0.63109,1
1784418381.3023,235.40080,2760254944,0.45281,0.62514,1
1784418381.3088,235.40729,2760319776,0.45212,0.61889,1
1784418381.3155,235.41399,2760386730,0.45091,0.61241,1
1784418381.3225,235.42096,2760456558,0.44867,0.62038,1
1784418381.3289,235.42737,2760520658,0.44918,0.60718,1
1784418381.3356,235.43408,2760587752,0.44597,0.59177,1
1784418381.3423,235.44077,2760654574,0.44306,0.57643,1
1784418381.3490,235.44746,2760721527,0.43879,0.57072,1
1784418381.3560,235.45450,2760791899,0.43663,0.56126,1
1784418381.3626,235.46109,2760857842,0.43529,0.54912,1
1784418381.3693,235.46779,2760924738,0.43662,0.54824,1
1784418381.3758,235.47427,2760989590,0.43662,0.54824,1
1784418381.3827,235.48119,2761058785,0.43818,0.54793,1
1784418381.3892,235.48766,2761123431,0.43725,0.54608,1
1784418381.3959,235.49435,2761190499,0.43725,0.54608,1
1784418381.4028,235.50128,2761259661,0.44077,0.54157,1
1784418381.4096,235.50809,2761327723,0.44203,0.56270,1
1784418381.4162,235.51468,2761393641,0.44203,0.56270,1
1784418381.4234,235.52187,2761465554,0.44343,0.55549,1
1784418381.4296,235.52811,2761527944,0.45203,0.55182,1
1784418381.4364,235.53485,2761595374,0.45203,0.55182,1
1784418381.4433,235.54173,2761664242,0.45161,0.54531,1
1784418381.4498,235.54823,2761729198,0.45611,0.55064,1
1784418381.4566,235.55507,2761797525,0.45734,0.56020,1
1784418381.4631,235.56155,2761862464,0.45681,0.57726,1
1784418381.4696,235.56804,2761927292,0.46127,0.58888,1
1784418381.4763,235.57475,2761994394,0.46398,0.60266,1
1784418381.4830,235.58144,2762061214,0.46579,0.59858,1
1784418381.4897,235.58813,2762128218,0.46608,0.60088,1
1784418381.4966,235.59505,2762197380,0.46590,0.59872,1
1784418381.5031,235.60155,2762262373,0.47683,0.59915,1
1784418381.5100,235.60846,2762331501,0.47221,0.59922,1
1784418381.5168,235.61525,2762399343,0.47145,0.59504,1
1784418381.5232,235.62163,2762463147,0.48094,0.57911,1
1784418381.5302,235.62862,2762533087,0.48212,0.58470,1
1784418381.5368,235.63525,2762599502,0.48135,0.57985,1
1784418381.5435,235.64197,2762666587,0.47319,0.58597,1
1784418381.5502,235.64864,2762733299,0.47312,0.59033,1
1784418381.5570,235.65544,2762801270,0.47216,0.58322,1
1784418381.5634,235.66182,2762865038,0.46906,0.56418,1
1784418381.5701,235.66852,2762932111,0.46769,0.56107,1
1784418381.5767,235.67520,2762998979,0.46685,0.55629,1
1784418381.5835,235.68192,2763066017,0.46273,0.56003,1
1784418381.5904,235.68887,2763135681,0.46419,0.55745,1
1784418381.5968,235.69531,2763199963,0.46419,0.55745,1
1784418381.6038,235.70222,2763269147,0.46032,0.55551,1
1784418381.6105,235.70901,2763337033,0.45838,0.56494,1
1784418381.6172,235.71562,2763403190,0.45838,0.56494,1
1784418381.6240,235.72249,2763471832,0.45704,0.55956,1
1784418381.6304,235.72882,2763535159,0.46846,0.56254,1
1784418381.6374,235.73587,2763605546,0.46928,0.56725,1
1784418381.6437,235.74219,2763668779,0.46463,0.56742,1
1784418381.6507,235.74915,2763738416,0.46767,0.56873,1
1784418381.6571,235.75558,2763802828,0.46852,0.57350,1
1784418381.6640,235.76251,2763872021,0.46521,0.57196,1
1784418381.6705,235.76898,2763936717,0.46392,0.57637,1
1784418381.6774,235.77591,2764005959,0.46392,0.57637,1
1784418381.6841,235.78261,2764072939,0.46578,0.57020,1
1784418381.6906,235.78909,2764137843,0.46463,0.56933,1
1784418381.6973,235.79579,2764204854,0.46463,0.56933,1
1784418381.7040,235.80247,2764271707,0.46515,0.57161,1
1784418381.7107,235.80917,2764338702,0.46636,0.56884,1
1784418381.7177,235.81615,2764408373,0.46636,0.56884,1
1784418381.7241,235.82259,2764472793,0.46569,0.56546,1
1784418381.7310,235.82948,2764541802,0.46966,0.56515,1
1784418381.7375,235.83597,2764606615,0.46966,0.56515,1
1784418381.7444,235.84290,2764675820,0.45715,0.57920,1
1784418381.7512,235.84962,2764743202,0.46072,0.57600,1
1784418381.7576,235.85606,2764807496,0.46072,0.57600,1
1784418381.7645,235.86301,2764877012,0.46109,0.57360,1
1784418381.7710,235.86948,2764941639,0.46212,0.57112,1
1784418381.7779,235.87640,2765010907,0.46121,0.56633,1
1784418381.7846,235.88310,2765077959,0.45762,0.55271,1
1784418381.7913,235.88979,2765144703,0.46044,0.55196,1
1784418381.7980,235.89651,2765212129,0.45954,0.54713,1
1784418381.8049,235.90337,2765280591,0.45990,0.55268,1
1784418381.8116,235.91003,2765347323,0.46101,0.55283,1
1784418381.8179,235.91637,2765410531,0.46101,0.55283,1
1784418381.8249,235.92332,2765480138,0.46297,0.55364,1
1784418381.8315,235.92999,2765546910,0.46190,0.55424,1
1784418381.8382,235.93666,2765613564,0.46190,0.55424,1
1784418381.8450,235.94351,2765682069,0.46220,0.54484,1
1784418381.8516,235.95006,2765747491,0.46265,0.54558,1
1784418381.8581,235.95653,2765812167,0.46265,0.54558,1
1784418381.8650,235.96346,2765881451,0.46137,0.54644,1
1784418381.8717,235.97017,2765948601,0.45847,0.54577,1
1784418381.8782,235.97664,2766013311,0.45847,0.54577,1
1784418381.8849,235.98334,2766080307,0.45899,0.55045,1
1784418381.8918,235.99030,2766149916,0.45777,0.54831,1
1784418381.8983,235.99673,2766214181,0.45777,0.54831,1
1784418381.9052,236.00369,2766283789,0.45280,0.55463,1
1784418381.9117,236.01013,2766348165,0.45415,0.55345,1
1784418381.9186,236.01704,2766417393,0.45509,0.55823,1
1784418381.9251,236.02353,2766482149,0.45169,0.56153,1
1784418381.9318,236.03024,2766549291,0.44566,0.57112,1
1784418381.9387,236.03719,2766618806,0.44669,0.57587,1
1784418381.9451,236.04359,2766682928,0.46805,0.58551,1
1784418381.9521,236.05055,2766752378,0.46890,0.58223,1
1784418381.9585,236.05699,2766816829,0.46997,0.59089,1
1784418381.9655,236.06395,2766886450,0.46744,0.60837,1
1784418381.9719,236.07040,2766950963,0.46943,0.62193,1
1784418381.9786,236.07710,2767018013,0.47175,0.63262,1
1784418381.9856,236.08405,2767087306,0.46629,0.64299,1
1784418381.9925,236.09097,2767156575,0.46244,0.63899,1
1784418381.9991,236.09760,2767222861,0.46157,0.63500,1
1784418382.0059,236.10434,2767290364,0.46043,0.59720,1
1784418382.0124,236.11084,2767355275,0.45906,0.59925,1
1784418382.0188,236.11731,2767419947,0.45819,0.59499,1
1784418382.0257,236.12421,2767489017,0.45722,0.59270,1
1784418382.0322,236.13069,2767553751,0.45632,0.59200,1
1784418382.0389,236.13741,2767621026,0.45545,0.58779,1
1784418382.0456,236.14407,2767687615,0.48443,0.59726,1
1784418382.0523,236.15077,2767754699,0.49574,0.56790,1
1784418382.0592,236.15770,2767823948,0.49567,0.56523,1
1784418382.0657,236.16420,2767888884,0.49215,0.56304,1
1784418382.0726,236.17110,2767957924,0.48355,0.55330,1
1784418382.0794,236.17784,2768025332,0.48281,0.54829,1
1784418382.0858,236.18428,2768089741,0.48205,0.55171,1
1784418382.0928,236.19124,2768159348,0.48341,0.55059,1
1784418382.0992,236.19769,2768223780,0.48341,0.55059,1
1784418382.1062,236.20462,2768293053,0.48783,0.55431,1
1784418382.1126,236.21107,2768357594,0.49038,0.55661,1
1784418382.1196,236.21802,2768427020,0.48970,0.55169,1
1784418382.1263,236.22478,2768494687,0.48294,0.56510,1
1784418382.1330,236.23146,2768561558,0.48712,0.53710,1
1784418382.1394,236.23787,2768625615,0.48644,0.53214,1
1784418382.1463,236.24478,2768694749,0.48670,0.55365,1
1784418382.1531,236.25153,2768762149,0.48915,0.55342,1
1784418382.1595,236.25797,2768826508,0.48915,0.55342,1
1784418382.1665,236.26497,2768896589,0.49018,0.55208,1
1784418382.1729,236.27136,2768960516,0.49455,0.55951,1
1784418382.1799,236.27837,2769030581,0.49462,0.56193,1
1784418382.1867,236.28514,2769098277,0.47917,0.56828,1
1784418382.1934,236.29184,2769165357,0.51132,0.55127,1
1784418382.1997,236.29819,2769228734,0.51233,0.55848,1
1784418382.2066,236.30510,2769297929,0.54051,0.56072,1
1784418382.2133,236.31177,2769364540,0.55146,0.57233,1
1784418382.2198,236.31824,2769429325,0.55147,0.57900,1
1784418382.2267,236.32516,2769498512,0.56171,0.58510,1
1784418382.2332,236.33163,2769563212,0.56487,0.58730,1
1784418382.2399,236.33833,2769630240,0.56513,0.58970,1
1784418382.2468,236.34526,2769699503,0.56926,0.58158,1
1784418382.2533,236.35173,2769764268,0.55801,0.58957,1
1784418382.2600,236.35844,2769831357,0.55776,0.58068,1
1784418382.2670,236.36546,2769901581,0.55856,0.57214,1
1784418382.2736,236.37207,2769967609,0.55932,0.57239,1
1784418382.2803,236.37880,2770034950,0.55932,0.57239,1
1784418382.2870,236.38545,2770101376,0.56191,0.56868,1
1784418382.2938,236.39227,2770169712,0.56078,0.56210,1
1784418382.3002,236.39862,2770233145,0.56078,0.56210,1
1784418382.3071,236.40556,2770302508,0.55065,0.56318,1
1784418382.3136,236.41202,2770367025,0.55253,0.56739,1
1784418382.3205,236.41898,2770436721,0.55238,0.56995,1
1784418382.3270,236.42543,2770501169,0.55535,0.56309,1
1784418382.3339,236.43236,2770570552,0.55920,0.56732,1
1784418382.3403,236.43880,2770634934,0.55920,0.56732,1
1784418382.3470,236.44551,2770701980,0.55967,0.56511,1
1784418382.3540,236.45245,2770771422,0.56213,0.56140,1
1784418382.3607,236.45912,2770838091,0.56204,0.55647,1
1784418382.3674,236.46587,2770905509,0.56142,0.54987,1
1784418382.3742,236.47266,2770973402,0.56513,0.55200,1
1784418382.3809,236.47935,2771040445,0.56520,0.55697,1
1784418382.3876,236.48611,2771108060,0.56551,0.56581,1
1784418382.3942,236.49268,2771173631,0.56647,0.57360,1
1784418382.4006,236.49910,2771237906,0.56636,0.58079,1
1784418382.4076,236.50603,2771307208,0.56747,0.59010,1
1784418382.4140,236.51250,2771371899,0.56723,0.59418,1
1784418382.4207,236.51921,2771439015,0.56728,0.59844,1
1784418382.4277,236.52617,2771508605,0.56978,0.59762,1
1784418382.4341,236.53259,2771572806,0.55939,0.59438,1
1784418382.4410,236.53951,2771641982,0.55939,0.59438,1
1784418382.4475,236.54599,2771706796,0.56029,0.58427,1
1784418382.4542,236.55267,2771773708,0.56085,0.58852,1
1784418382.4612,236.55962,2771843115,0.56074,0.58354,1
1784418382.4680,236.56647,2771911586,0.55705,0.59068,1
1784418382.4745,236.57301,2771976971,0.55553,0.58517,1
1784418382.4810,236.57947,2772041625,0.55538,0.58030,1
1784418382.4877,236.58620,2772108914,0.55628,0.59689,1
1784418382.4947,236.59320,2772178852,0.56767,0.59219,1
1784418382.5011,236.59958,2772242635,0.56805,0.58747,1
1784418382.5081,236.60657,2772312548,0.56655,0.58713,1
1784418382.5147,236.61319,2772378804,0.56666,0.55498,1
1784418382.5214,236.61989,2772445729,0.56655,0.54580,1
1784418382.5279,236.62639,2772510783,0.56106,0.53624,1
1784418382.5346,236.63306,2772577509,0.56044,0.54060,1
1784418382.5416,236.64003,2772647139,0.56044,0.54060,1
1784418382.5480,236.64647,2772711552,0.56303,0.54242,1
1784418382.5550,236.65347,2772781699,0.55912,0.54204,1
1784418382.5616,236.66008,2772847784,0.55912,0.54204,1
1784418382.5685,236.66692,2772916065,0.55897,0.55900,1
1784418382.5750,236.67349,2772981858,0.55783,0.53877,1
1784418382.5817,236.68021,2773048982,0.55795,0.54368,1
1784418382.5882,236.68665,2773113290,0.55830,0.54775,1
1784418382.5951,236.69357,2773182607,0.55770,0.55208,1
1784418382.6016,236.70004,2773247277,0.55783,0.55701,1
1784418382.6085,236.70699,2773316743,0.56020,0.57836,1
1784418382.6152,236.71365,2773383514,0.55829,0.57558,1
1784418382.6221,236.72054,2773452310,0.55817,0.57081,1
1784418382.6286,236.72707,2773517518,0.55943,0.56585,1
1784418382.6351,236.73354,2773582213,0.56111,0.56405,1
1784418382.6418,236.74025,2773649421,0.56101,0.55931,1
1784418382.6485,236.74695,2773716456,0.56513,0.55240,1
1784418382.6552,236.75363,2773783158,0.57133,0.54556,1
1784418382.6622,236.76062,2773853068,0.57093,0.55032,1
1784418382.6688,236.76726,2773919521,0.55948,0.55569,1
1784418382.6756,236.77402,2773987057,0.56486,0.56208,1
1784418382.6820,236.78043,2774051228,0.56506,0.57621,1
1784418382.6889,236.78741,2774121036,0.56653,0.58101,1
1784418382.6953,236.79381,2774185064,0.57065,0.58309,1
1784418382.7023,236.80075,2774254381,0.57091,0.58578,1
1784418382.7087,236.80721,2774319018,0.57756,0.57800,1
1784418382.7157,236.81416,2774388593,0.56813,0.57520,1
1784418382.7224,236.82083,2774455205,0.56834,0.57257,1
1784418382.7289,236.82732,2774520131,0.57460,0.56944,1
1784418382.7358,236.83424,2774589283,0.57314,0.58417,1
1784418382.7426,236.84103,2774657217,0.57313,0.57930,1
1784418382.7492,236.84767,2774723563,0.55567,0.57163,1
1784418382.7560,236.85449,2774791851,0.56319,0.56636,1
1784418382.7627,236.86121,2774858896,0.56312,0.56208,1
1784418382.7690,236.86751,2774922030,0.58510,0.58062,1
1784418382.7760,236.87444,2774991259,0.59145,0.55598,1
1784418382.7825,236.88095,2775056493,0.59133,0.56030,1
1784418382.7894,236.88782,2775125113,0.62022,0.56870,1
1784418382.7961,236.89456,2775192567,0.62982,0.57730,1
1784418382.8025,236.90100,2775256978,0.62889,0.58216,1
1784418382.8092,236.90770,2775323902,0.63837,0.58328,1
1784418382.8163,236.91476,2775394613,0.63650,0.59021,1
1784418382.8229,236.92136,2775460407,0.63596,0.59510,1
1784418382.8293,236.92778,2775524667,0.63822,0.60255,1
1784418382.8360,236.93449,2775591824,0.63864,0.60657,1
1784418382.8427,236.94118,2775658689,0.63864,0.60657,1
1784418382.8494,236.94788,2775725603,0.63760,0.59791,1
1784418382.8563,236.95479,2775794856,0.63581,0.60406,1
1784418382.8628,236.96129,2775859767,0.63581,0.60406,1
1784418382.8697,236.96819,2775928838,0.63113,0.60528,1
1784418382.8762,236.97467,2775993649,0.63024,0.60429,1
1784418382.8829,236.98135,2776060480,0.63024,0.60429,1
1784418382.8899,236.98836,2776130425,0.62821,0.60595,1
1784418382.8963,236.99475,2776194482,0.62212,0.59694,1
1784418382.9032,237.00168,2776263689,0.62298,0.58982,1
1784418382.9097,237.00818,2776328719,0.64615,0.58798,1
1784418382.9164,237.01488,2776395657,0.64509,0.57672,1
1784418382.9231,237.02156,2776462487,0.64561,0.57246,1
1784418382.9298,237.02826,2776529489,0.63989,0.58253,1
1784418382.9367,237.03519,2776598817,0.63766,0.58761,1
1784418382.9436,237.04205,2776667383,0.63758,0.58993,1
1784418382.9502,237.04865,2776733400,0.65025,0.57919,1
1784418382.9566,237.05508,2776797695,0.65814,0.57026,1
1784418382.9636,237.06204,2776867283,0.65883,0.56537,1
1784418382.9700,237.06845,2776931361,0.64234,0.56886,1
1784418382.9770,237.07542,2777001205,0.64564,0.56711,1
1784418382.9837,237.08221,2777068985,0.64453,0.57179,1
1784418382.9901,237.08856,2777132508,0.67981,0.56561,1
1784418382.9968,237.09523,2777199273,0.68900,0.57514,1
1784418383.0037,237.10217,2777268576,0.68785,0.58224,1
1784418383.0105,237.10893,2777336240,0.69497,0.59460,1
1784418383.0169,237.11533,2777400217,0.69359,0.59310,1
1784418383.0238,237.12225,2777469484,0.69527,0.58635,1
1784418383.0303,237.12872,2777534181,0.70389,0.58616,1
1784418383.0370,237.13542,2777601170,0.70167,0.56718,1
1784418383.0441,237.14252,2777672073,0.70272,0.56226,1
1784418383.0504,237.14883,2777735286,0.69578,0.56323,1
1784418383.0571,237.15552,2777802081,0.69480,0.57383,1
1784418383.0638,237.16223,2777869285,0.69578,0.56903,1
1784418383.0707,237.16916,2777938449,0.70058,0.54814,1
1784418383.0772,237.17563,2778003162,0.70569,0.56573,1
1784418383.0841,237.18254,2778072358,0.70598,0.56352,1
1784418383.0905,237.18901,2778137078,0.68077,0.55318,1
1784418383.0973,237.19572,2778204159,0.69370,0.56122,1
1784418383.1042,237.20265,2778273467,0.69273,0.56607,1
1784418383.1106,237.20911,2778338033,0.68421,0.57659,1
1784418383.1176,237.21608,2778407749,0.67407,0.56939,1
1784418383.1245,237.22292,2778475998,0.67325,0.57423,1
1784418383.1311,237.22958,2778542714,0.67828,0.57923,1
1784418383.1377,237.23615,2778608383,0.67855,0.57708,1
1784418383.1445,237.24300,2778676925,0.67768,0.58198,1
1784418383.1509,237.24940,2778740927,0.67736,0.57698,1
1784418383.1578,237.25629,2778809768,0.67517,0.57053,1
1784418383.1642,237.26270,2778873838,0.67454,0.57285,1
1784418383.1712,237.26962,2778943095,0.67365,0.59084,1
1784418383.1780,237.27644,2779011300,0.67221,0.59368,1
1784418383.1845,237.28300,2779077022,0.67146,0.59796,1
1784418383.1913,237.28972,2779144059,0.67179,0.59145,1
1784418383.1980,237.29642,2779211068,0.67014,0.58989,1
1784418383.2045,237.30293,2779276213,0.67014,0.58989,1
1784418383.2113,237.30980,2779344954,0.67003,0.60302,1
1784418383.2182,237.31662,2779413129,0.67205,0.59469,1
1784418383.2245,237.32300,2779476844,0.67270,0.59257,1
1784418383.2315,237.32999,2779546792,0.67420,0.59868,1
1784418383.2381,237.33661,2779613004,0.67523,0.59084,1
1784418383.2450,237.34348,2779681596,0.67535,0.58872,1
1784418383.2518,237.35022,2779749085,0.66814,0.57414,1
1784418383.2587,237.35718,2779818703,0.67349,0.59245,1
1784418383.2647,237.36316,2779878571,0.67274,0.59674,1
1784418383.2717,237.37015,2779948316,0.66914,0.58260,1
1784418383.2781,237.37659,2780012707,0.66875,0.60207,1
1784418383.2850,237.38350,2780081836,0.67020,0.59500,1
1784418383.2919,237.39034,2780150295,0.67330,0.58864,1
1784418383.2985,237.39697,2780216663,0.67499,0.55759,1
1784418383.3049,237.40337,2780280578,0.67656,0.54814,1
1784418383.3120,237.41049,2780351828,0.67504,0.56190,1
1784418383.3183,237.41678,2780414771,0.67438,0.56803,1
1784418383.3254,237.42384,2780485346,0.67357,0.57287,1
1784418383.3319,237.43040,2780550899,0.66972,0.58547,1
1784418383.3387,237.43715,2780618361,0.68084,0.57606,1
1784418383.3451,237.44356,2780682533,0.67994,0.58097,1
1784418383.3518,237.45026,2780749492,0.66958,0.59421,1
1784418383.3588,237.45723,2780819170,0.67998,0.59650,1
1784418383.3652,237.46362,2780883201,0.68088,0.59173,1
1784418383.3721,237.47057,2780952561,0.69631,0.57922,1
1784418383.3788,237.47726,2781019533,0.68476,0.57666,1
1784418383.3855,237.48401,2781086929,0.68567,0.57184,1
1784418383.3920,237.49043,2781151266,0.69360,0.57070,1
1784418383.3989,237.49736,2781220463,0.70760,0.55612,1
1784418383.4057,237.50417,2781288630,0.70836,0.55354,1
1784418383.4124,237.51082,2781355113,0.68945,0.54969,1
1784418383.4188,237.51724,2781419292,0.66524,0.54640,1
1784418383.4255,237.52396,2781486424,0.66596,0.54147,1
1784418383.4322,237.53062,2781553146,0.63650,0.53938,1
1784418383.4391,237.53755,2781622368,0.61449,0.54522,1
1784418383.4458,237.54424,2781689317,0.61374,0.55260,1
1784418383.4523,237.55072,2781754127,0.59696,0.56110,1
1784418383.4590,237.55743,2781821246,0.59678,0.57326,1
1784418383.4659,237.56441,2781890979,0.59659,0.57812,1
1784418383.4724,237.57082,2781955030,0.59094,0.56412,1
1784418383.4793,237.57777,2782024621,0.59130,0.56382,1
1784418383.4858,237.58423,2782089149,0.59145,0.55890,1
1784418383.4928,237.59126,2782159504,0.59071,0.55241,1
1784418383.4994,237.59784,2782225289,0.58888,0.55034,1
1784418383.5061,237.60460,2782292928,0.58918,0.54772,1
1784418383.5129,237.61140,2782360931,0.60098,0.54654,1
1784418383.5196,237.61806,2782427481,0.58909,0.54002,1
1784418383.5260,237.62442,2782491153,0.58889,0.53765,1
1784418383.5329,237.63141,2782560949,0.58779,0.55777,1
1784418383.5393,237.63779,2782624765,0.60085,0.55636,1
1784418383.5460,237.64450,2782691980,0.60063,0.56124,1
1784418383.5531,237.65152,2782762075,0.59199,0.57862,1
1784418383.5595,237.65793,2782826215,0.60582,0.54958,1
1784418383.5664,237.66483,2782895216,0.60527,0.55691,1
1784418383.5728,237.67131,2782959966,0.59664,0.59026,1
1784418383.5798,237.67824,2783029283,0.59616,0.59433,1
1784418383.5862,237.68468,2783093729,0.59580,0.60338,1
1784418383.5929,237.69138,2783160726,0.59964,0.60739,1
1784418383.6002,237.69865,2783233391,0.60056,0.60834,1
1784418383.6065,237.70500,2783296913,0.60070,0.61047,1
1784418383.6130,237.71149,2783361832,0.60616,0.61922,1
1784418383.6197,237.71819,2783428795,0.60677,0.61840,1
1784418383.6266,237.72511,2783498047,0.60719,0.61598,1
1784418383.6331,237.73157,2783562606,0.61118,0.61150,1
1784418383.6398,237.73828,2783629763,0.60506,0.60057,1
1784418383.6465,237.74496,2783696615,0.60533,0.59581,1
1784418383.6532,237.75168,2783763674,0.60265,0.59177,1
1784418383.6599,237.75836,2783830503,0.60630,0.59102,1
1784418383.6666,237.76508,2783897620,0.60654,0.58683,1
1784418383.6736,237.77206,2783967629,0.59764,0.58097,1
1784418383.6800,237.77847,2784031657,0.59825,0.57291,1
1784418383.6870,237.78543,2784101178,0.59843,0.56868,1
1784418383.6936,237.79208,2784167815,0.60112,0.57475,1
1784418383.7006,237.79903,2784237112,0.60613,0.57611,1
1784418383.7070,237.80548,2784301706,0.60582,0.57853,1
1784418383.7142,237.81262,2784373195,0.60820,0.57065,1
1784418383.7202,237.81866,2784433515,0.61500,0.57440,1
1784418383.7271,237.82559,2784502786,0.61461,0.57658,1
1784418383.7336,237.83203,2784567299,0.60954,0.58152,1
1784418383.7406,237.83902,2784637078,0.61094,0.58019,1
1784418383.7470,237.84547,2784701579,0.61098,0.57958,1
1784418383.7539,237.85236,2784770511,0.60934,0.58164,1
1784418383.7607,237.85921,2784839001,0.60852,0.58338,1
1784418383.7673,237.86577,2784904546,0.60852,0.58338,1
1784418383.7738,237.87222,2784969170,0.60559,0.59024,1
1784418383.7805,237.87895,2785036424,0.60554,0.58513,1
1784418383.7874,237.88588,2785105678,0.60589,0.58300,1
1784418383.7939,237.89232,2785170127,0.60540,0.58954,1
1784418383.8008,237.89925,2785239411,0.60482,0.58043,1
1784418383.8073,237.90573,2785304279,0.60505,0.57625,1
1784418383.8143,237.91280,2785374863,0.60341,0.57937,1
1784418383.8206,237.91911,2785438114,0.60004,0.58112,1
1784418383.8274,237.92584,2785505282,0.60004,0.58112,1
1784418383.8341,237.93253,2785572162,0.60259,0.55004,1
1784418383.8407,237.93921,2785639016,0.60197,0.54853,1
1784418383.8477,237.94618,2785708774,0.60197,0.54853,1
1784418383.8541,237.95261,2785773039,0.60354,0.55744,1
1784418383.8611,237.95953,2785842217,0.60489,0.56380,1
1784418383.8680,237.96642,2785911084,0.60464,0.56868,1
1784418383.8745,237.97301,2785976967,0.60561,0.54830,1
1784418383.8810,237.97943,2786041254,0.60380,0.55608,1
1784418383.8881,237.98654,2786112388,0.60355,0.56115,1
1784418383.8946,237.99310,2786177870,0.60589,0.56615,1
1784418383.9014,237.99989,2786245817,0.60908,0.56485,1
1784418383.9080,238.00644,2786311317,0.60908,0.56485,1
1784418383.9148,238.01324,2786379409,0.61279,0.56303,1
1784418383.9211,238.01959,2786442875,0.61000,0.56615,1
1784418383.9281,238.02657,2786512580,0.60964,0.56844,1
1784418383.9345,238.03300,2786576884,0.61447,0.57583,1
1784418383.9415,238.03995,2786646393,0.61507,0.57808,1
1784418383.9479,238.04640,2786710893,0.61444,0.58687,1
1784418383.9550,238.05342,2786781120,0.61686,0.59691,1
1784418383.9615,238.06001,2786847045,0.61493,0.60025,1
1784418383.9680,238.06650,2786911827,0.61461,0.60463,1
1784418383.9750,238.07344,2786981354,0.63405,0.60580,1
1784418383.9818,238.08026,2787049478,0.63001,0.60238,1
1784418383.9883,238.08681,2787114919,0.63045,0.59798,1
1784418383.9952,238.09363,2787183266,0.67968,0.58511,1
1784418384.0017,238.10020,2787248899,0.68493,0.57607,1
1784418384.0082,238.10667,2787313594,0.68640,0.56921,1
1784418384.0149,238.11337,2787380613,0.66738,0.55604,1
1784418384.0220,238.12045,2787451447,0.66388,0.55323,1
1784418384.0283,238.12677,2787514623,0.66454,0.54867,1
1784418384.0352,238.13368,2787583787,0.66868,0.57871,1
1784418384.0417,238.14017,2787648509,0.66942,0.57654,1
1784418384.0484,238.14688,2787715673,0.67023,0.57160,1
1784418384.0554,238.15388,2787785826,0.68091,0.57799,1
1784418384.0620,238.16048,2787851735,0.68098,0.57289,1
1784418384.0687,238.16718,2787918729,0.68186,0.56804,1
1784418384.0755,238.17395,2787986341,0.68117,0.58237,1
1784418384.0822,238.18068,2788053681,0.68994,0.58166,1
1784418384.0888,238.18729,2788119814,0.68900,0.58639,1
1784418384.0956,238.19403,2788187167,0.68822,0.59139,1
1784418384.1024,238.20087,2788255633,0.68889,0.59414,1
1784418384.1089,238.20738,2788320720,0.68792,0.59889,1
1784418384.1154,238.21387,2788385528,0.68358,0.59530,1
1784418384.1223,238.22078,2788454736,0.68473,0.59248,1
1784418384.1288,238.22723,2788519309,0.68473,0.59248,1
1784418384.1355,238.23395,2788586460,0.68356,0.58959,1
1784418384.1422,238.24071,2788653975,0.68241,0.58668,1
1784418384.1489,238.24733,2788720261,0.68241,0.58668,1
1784418384.1560,238.25450,2788791966,0.68971,0.58616,1
1784418384.1623,238.26073,2788854165,0.68794,0.58274,1
1784418384.1692,238.26767,2788923641,0.68794,0.58274,1
1784418384.1759,238.27437,2788990564,0.68232,0.58684,1
1784418384.1826,238.28105,2789057421,0.69392,0.58737,1
1784418384.1891,238.28752,2789122155,0.69392,0.58737,1
1784418384.1958,238.29424,2789189338,0.69111,0.58885,1
1784418384.2027,238.30115,2789258354,0.68937,0.58972,1
1784418384.2094,238.30785,2789325376,0.68868,0.59196,1
1784418384.2161,238.31454,2789392308,0.68256,0.59506,1
1784418384.2225,238.32101,2789457068,0.67780,0.60071,1
1784418384.2292,238.32771,2789524094,0.67701,0.60493,1
1784418384.2362,238.33466,2789593463,0.67503,0.60088,1
1784418384.2429,238.34134,2789660238,0.67224,0.60177,1
1784418384.2496,238.34804,2789727217,0.67288,0.59964,1
1784418384.2564,238.35483,2789795116,0.66478,0.58887,1
1784418384.2630,238.36143,2789861239,0.62687,0.58614,1
1784418384.2697,238.36819,2789928793,0.62780,0.57931,1
1784418384.2764,238.37483,2789995234,0.63206,0.56453,1
1784418384.2831,238.38158,2790062705,0.63995,0.55754,1
1784418384.2895,238.38800,2790126907,0.63993,0.55520,1
1784418384.2965,238.39494,2790196328,0.63314,0.56843,1
1784418384.3029,238.40141,2790261061,0.62868,0.57212,1
1784418384.3099,238.40839,2790330799,0.62783,0.58134,1
1784418384.3163,238.41481,2790395048,0.62356,0.59254,1
1784418384.3233,238.42174,2790464334,0.62444,0.59382,1
1784418384.3297,238.42819,2790528788,0.62363,0.60038,1
1784418384.3365,238.43495,2790596354,0.62168,0.61165,1
1784418384.3431,238.44157,2790662685,0.61939,0.60312,1
1784418384.3498,238.44829,2790729746,0.61904,0.60745,1
1784418384.3568,238.45525,2790799401,0.61839,0.61908,1
1784418384.3632,238.46170,2790863859,0.61456,0.60679,1
1784418384.3701,238.46860,2790932930,0.61488,0.60243,1
1784418384.3770,238.47546,2791001572,0.61540,0.59990,1
1784418384.3835,238.48201,2791066959,0.61626,0.59471,1
1784418384.3900,238.48849,2791131788,0.61658,0.59037,1
1784418384.3967,238.49516,2791198554,0.61732,0.60414,1
1784418384.4037,238.50214,2791268317,0.61441,0.60262,1
1784418384.4101,238.50859,2791332774,0.61441,0.60262,1
1784418384.4170,238.51549,2791401833,0.61963,0.60412,1
1784418384.4235,238.52196,2791466481,0.62154,0.60210,1
1784418384.4302,238.52867,2791533681,0.62196,0.59980,1
1784418384.4372,238.53568,2791603644,0.62495,0.59552,1
1784418384.4441,238.54257,2791672628,0.63060,0.58399,1
1784418384.4505,238.54900,2791736902,0.63060,0.58399,1
1784418384.4574,238.55586,2791805492,0.63199,0.59536,1
1784418384.4641,238.56252,2791872113,0.63121,0.60310,1
1784418384.4708,238.56931,2791939946,0.63121,0.60310,1
1784418384.4773,238.57579,2792004854,0.61673,0.60905,1
1784418384.4838,238.58226,2792069480,0.61130,0.63043,1
1784418384.4905,238.58897,2792136589,0.61120,0.62868,1
1784418384.4975,238.59593,2792206246,0.59119,0.64127,1
1784418384.5039,238.60236,2792270406,0.59535,0.63930,1
1784418384.5110,238.60942,2792341153,0.59519,0.64321,1
1784418384.5173,238.61575,2792404447,0.59695,0.64756,1
1784418384.5242,238.62267,2792473499,0.59721,0.64737,1
1784418384.5307,238.62915,2792538392,0.59755,0.64522,1
1784418384.5376,238.63606,2792607591,0.60079,0.63900,1
1784418384.5444,238.64285,2792675470,0.60210,0.62925,1
1784418384.5508,238.64923,2792739288,0.60271,0.62283,1
1784418384.5577,238.65620,2792809005,0.59244,0.63201,1
1784418384.5642,238.66264,2792873306,0.59291,0.62612,1
1784418384.5711,238.66957,2792942641,0.59307,0.62172,1
1784418384.5776,238.67604,2793007362,0.59245,0.61486,1
1784418384.5845,238.68297,2793076612,0.59201,0.61762,1
1784418384.5912,238.68971,2793144086,0.59188,0.62148,1
1784418384.5979,238.69641,2793210977,0.59009,0.62183,1
1784418384.6046,238.70306,2793277553,0.58836,0.62901,1
1784418384.6111,238.70952,2793342119,0.58795,0.63517,1
1784418384.6180,238.71645,2793411397,0.58566,0.63964,1
1784418384.6245,238.72293,2793476255,0.59549,0.62820,1
1784418384.6312,238.72963,2793543154,0.59547,0.62877,1
1784418384.6382,238.73669,2793613876,0.59563,0.62534,1
1784418384.6450,238.74347,2793681627,0.59557,0.62383,1
1784418384.6516,238.75009,2793747790,0.59540,0.62200,1
1784418384.6585,238.75696,2793816468,0.59112,0.62493,1
1784418384.6649,238.76340,2793880945,0.58914,0.63586,1
1784418384.6713,238.76979,2793944789,0.58903,0.63979,1
1784418384.6783,238.77672,2794014115,0.58234,0.64315,1
1784418384.6851,238.78355,2794082397,0.58220,0.64741,1
1784418384.6915,238.78993,2794146198,0.58228,0.64297,1
1784418384.6981,238.79660,2794212923,0.57931,0.64401,1
1784418384.7048,238.80328,2794279807,0.58773,0.64153,1
1784418384.7118,238.81023,2794349213,0.58800,0.63942,1
1784418384.7185,238.81694,2794416255,0.59947,0.64545,1
1784418384.7252,238.82362,2794483076,0.59850,0.64911,1
1784418384.7316,238.83009,2794547771,0.59877,0.64728,1
1784418384.7383,238.83679,2794614871,0.59534,0.62846,1
1784418384.7450,238.84348,2794681648,0.59337,0.62540,1
1784418384.7517,238.85019,2794748828,0.59353,0.62099,1
1784418384.7587,238.85716,2794818520,0.59072,0.62857,1
1784418384.7651,238.86357,2794882670,0.59210,0.62716,1
1784418384.7721,238.87054,2794952385,0.59199,0.62513,1
1784418384.7785,238.87695,2795016516,0.63318,0.61107,1
1784418384.7854,238.88390,2795085840,0.65680,0.58942,1
1784418384.7919,238.89037,2795150576,0.65493,0.60026,1
1784418384.7988,238.89729,2795219854,0.67968,0.61824,1
1784418384.8055,238.90399,2795286869,0.68370,0.63512,1
1784418384.8120,238.91048,2795351616,0.68260,0.64159,1
1784418384.8189,238.91739,2795420757,0.68818,0.62404,1
1784418384.8258,238.92424,2795489246,0.69067,0.60152,1
1784418384.8323,238.93080,2795554989,0.69242,0.59309,1
1784418384.8392,238.93768,2795623786,0.68893,0.62020,1
1784418384.8459,238.94438,2795690670,0.68804,0.62304,1
1784418384.8523,238.95073,2795754175,0.68804,0.62304,1
1784418384.8592,238.95767,2795823633,0.68652,0.61423,1
1784418384.8656,238.96405,2795887343,0.69091,0.62472,1
1784418384.8723,238.97075,2795954469,0.69091,0.62472,1
1784418384.8793,238.97774,2796024287,0.69152,0.62550,1
1784418384.8857,238.98415,2796088356,0.69321,0.61408,1
1784418384.8926,238.99107,2796157647,0.69321,0.61408,1
1784418384.8991,238.99756,2796222497,0.69467,0.61197,1
1784418384.9060,239.00449,2796291822,0.69617,0.61037,1
1784418384.9125,239.01096,2796356489,0.69457,0.61651,1
1784418384.9192,239.01765,2796423428,0.69673,0.62498,1
1784418384.9259,239.02434,2796490250,0.69091,0.65140,1
1784418384.9326,239.03104,2796557253,0.69070,0.65321,1
1784418384.9395,239.03798,2796626630,0.65528,0.66253,1
1784418384.9460,239.04442,2796691159,0.59437,0.67244,1
1784418384.9530,239.05148,2796761778,0.59512,0.66301,1
1784418384.9594,239.05782,2796825092,0.52426,0.70120,1
1784418384.9663,239.06474,2796894340,0.48745,0.72933,1
1784418384.9730,239.07150,2796961980,0.48683,0.72935,1
1784418384.9795,239.07794,2797026264,0.43161,0.75730,1
1784418384.9864,239.08485,2797095387,0.38338,0.76002,1
1784418384.9929,239.09132,2797160127,0.38438,0.76136,1
1784418385.0000,239.09845,2797231423,0.37687,0.75206,1
1784418385.0065,239.10498,2797296677,0.37976,0.74483,1
1784418385.0133,239.11174,2797364274,0.37833,0.74188,1
1784418385.0201,239.11853,2797432200,0.36989,0.74314,1
1784418385.0268,239.12523,2797499214,0.37214,0.75650,1
1784418385.0333,239.13176,2797564452,0.37327,0.75797,1
1784418385.0400,239.13847,2797631619,0.37721,0.76836,1
1784418385.0465,239.14496,2797696481,0.37860,0.76597,1
1784418385.0531,239.15160,2797762918,0.37634,0.76281,1
1784418385.0601,239.15858,2797832748,0.36535,0.75797,1
1784418385.0665,239.16501,2797896965,0.37089,0.76202,1
1784418385.0735,239.17197,2797966603,0.37238,0.76482,1
1784418385.0799,239.17839,2798030842,0.35620,0.75096,1
1784418385.0869,239.18533,2798100193,0.35868,0.75205,1
1784418385.0934,239.19182,2798165058,0.35816,0.75047,1
1784418385.1000,239.19850,2798231967,0.35689,0.75957,1
1784418385.1067,239.20520,2798298856,0.35886,0.75323,1
1784418385.1134,239.21190,2798365946,0.35727,0.75038,1
1784418385.1205,239.21901,2798436951,0.35368,0.76380,1
1784418385.1270,239.22551,2798501938,0.35568,0.74596,1
1784418385.1338,239.23227,2798569537,0.35749,0.74924,1
1784418385.1405,239.23897,2798636516,0.35547,0.75543,1
1784418385.1476,239.24605,2798707438,0.34832,0.76026,1
1784418385.1539,239.25237,2798770509,0.35024,0.76351,1
1784418385.1603,239.25877,2798834604,0.35034,0.77208,1
1784418385.1672,239.26569,2798903819,0.36044,0.77582,1
1784418385.1740,239.27245,2798971352,0.36044,0.77582,1
1784418385.1806,239.27910,2799037964,0.34839,0.76840,1
1784418385.1875,239.28593,2799106289,0.35754,0.76662,1
1784418385.1938,239.29228,2799169799,0.35620,0.76493,1
1784418385.2008,239.29924,2799239386,0.35377,0.77073,1
1784418385.2072,239.30568,2799303715,0.35326,0.77180,1
1784418385.2143,239.31277,2799374593,0.35302,0.77140,1
1784418385.2210,239.31950,2799442007,0.36450,0.77714,1
1784418385.2279,239.32640,2799510914,0.37586,0.77666,1
1784418385.2342,239.33269,2799573763,0.37756,0.77978,1
1784418385.2407,239.33917,2799638621,0.37526,0.77919,1
1784418385.2474,239.34587,2799705573,0.37391,0.78147,1
1784418385.2544,239.35283,2799775130,0.37567,0.78463,1
1784418385.2608,239.35927,2799839526,0.38636,0.78743,1
1784418385.2677,239.36618,2799908662,0.38637,0.78438,1
1784418385.2742,239.37263,2799973331,0.38637,0.78438,1
1784418385.2809,239.37935,2800040388,0.38437,0.78333,1
1784418385.2876,239.38605,2800107324,0.38418,0.79018,1
1784418385.2945,239.39299,2800176812,0.38418,0.79018,1
1784418385.3012,239.39969,2800243858,0.38547,0.78512,1
1784418385.3079,239.40636,2800310555,0.38533,0.78267,1
1784418385.3146,239.41307,2800377551,0.38533,0.78267,1
1784418385.3211,239.41954,2800442387,0.37655,0.77672,1
1784418385.3278,239.42622,2800509224,0.37617,0.77286,1
1784418385.3347,239.43315,2800578470,0.37617,0.77286,1
1784418385.3412,239.43962,2800643120,0.36769,0.76520,1
1784418385.3481,239.44655,2800712343,0.36538,0.77503,1
1784418385.3545,239.45300,2800777016,0.36353,0.77178,1
1784418385.3613,239.45972,2800844108,0.35408,0.76001,1
1784418385.3683,239.46672,2800914076,0.35733,0.74723,1
1784418385.3749,239.47334,2800980292,0.35617,0.74399,1
1784418385.3816,239.48004,2801047279,0.41495,0.74818,1
1784418385.3884,239.48682,2801115100,0.46224,0.71241,1
1784418385.3950,239.49344,2801181283,0.46071,0.70929,1
1784418385.4018,239.50023,2801249198,0.54256,0.67266,1
1784418385.4084,239.50685,2801315386,0.58226,0.66881,1
1784418385.4151,239.51355,2801382413,0.58264,0.67231,1
1784418385.4218,239.52025,2801449381,0.65011,0.63702,1
1784418385.4283,239.52672,2801514070,0.68761,0.61221,1
1784418385.4352,239.53363,2801583139,0.68762,0.61063,1
1784418385.4420,239.54044,2801651301,0.68302,0.59457,1
1784418385.4486,239.54703,2801717205,0.68115,0.59429,1
1784418385.4554,239.55382,2801785138,0.68026,0.59902,1
1784418385.4617,239.56020,2801848904,0.68471,0.60777,1
1784418385.4687,239.56714,2801918251,0.68539,0.60432,1
1784418385.4751,239.57361,2801983019,0.68472,0.60651,1
1784418385.4818,239.58031,2802049993,0.67778,0.61878,1
1784418385.4885,239.58699,2802116862,0.69080,0.62182,1
1784418385.4952,239.59369,2802183780,0.68991,0.62588,1
1784418385.5023,239.60075,2802254495,0.68531,0.63033,1
1784418385.5086,239.60709,2802317765,0.69964,0.62887,1
1784418385.5156,239.61404,2802387422,0.69964,0.62887,1
1784418385.5220,239.62048,2802451684,0.69270,0.62366,1
1784418385.5287,239.62720,2802518841,0.69451,0.63101,1
1784418385.5357,239.63416,2802588426,0.69517,0.62887,1
1784418385.5421,239.64056,2802652617,0.69121,0.62968,1
1784418385.5490,239.64749,2802721841,0.69206,0.62904,1
1784418385.5555,239.65396,2802786549,0.69295,0.62508,1
1784418385.5622,239.66068,2802853697,0.69199,0.62112,1
1784418385.5692,239.66768,2802923711,0.69114,0.62205,1
1784418385.5761,239.67453,2802992272,0.69114,0.62205,1
1784418385.5827,239.68112,2803058155,0.68805,0.63190,1
1784418385.5892,239.68771,2803124016,0.68755,0.62826,1
1784418385.5961,239.69453,2803192330,0.68755,0.62826,1
1784418385.6024,239.70090,2803255846,0.69300,0.62029,1
1784418385.6093,239.70779,2803324856,0.70394,0.58943,1
1784418385.6158,239.71426,2803389475,0.70394,0.58943,1
1784418385.6227,239.72121,2803458918,0.70238,0.58992,1
1784418385.6292,239.72766,2803523578,0.70808,0.60461,1
1784418385.6359,239.73434,2803590381,0.70808,0.60461,1
1784418385.6430,239.74149,2803661735,0.70630,0.59887,1
1784418385.6493,239.74774,2803724327,0.70809,0.59974,1
1784418385.6562,239.75467,2803793557,0.70809,0.59974,1
1784418385.6627,239.76115,2803858426,0.71049,0.59949,1
1784418385.6697,239.76814,2803928399,0.70981,0.60026,1
1784418385.6761,239.77454,2803992326,0.70981,0.60026,1
1784418385.6830,239.78146,2804061482,0.71314,0.60752,1
1784418385.6898,239.78824,2804129256,0.71456,0.60393,1
1784418385.6962,239.79463,2804193236,0.71456,0.60393,1
1784418385.7032,239.80165,2804263413,0.71489,0.60988,1
1784418385.7098,239.80826,2804329478,0.72038,0.61236,1
1784418385.7165,239.81499,2804396853,0.72038,0.61236,1
1784418385.7230,239.82144,2804461384,0.72116,0.61428,1
1784418385.7297,239.82814,2804528270,0.71155,0.59312,1
1784418385.7363,239.83481,2804595048,0.71357,0.58567,1
1784418385.7431,239.84152,2804662108,0.70690,0.57758,1
1784418385.7500,239.84843,2804731311,0.71133,0.58880,1
1784418385.7565,239.85493,2804796230,0.71353,0.57957,1
1784418385.7635,239.86192,2804866090,0.70490,0.57122,1
1784418385.7699,239.86835,2804930321,0.71715,0.57380,1
1784418385.7768,239.87524,2804999335,0.71715,0.57380,1
1784418385.7837,239.88213,2805068166,0.70974,0.57050,1
1784418385.7902,239.88864,2805133343,0.70637,0.56812,1
1784418385.7969,239.89534,2805200298,0.70452,0.57530,1
1784418385.8033,239.90179,2805264877,0.70449,0.58274,1
1784418385.8101,239.90852,2805332163,0.70129,0.58780,1
1784418385.8170,239.91545,2805401437,0.69919,0.59729,1
1784418385.8235,239.92192,2805466184,0.69991,0.59130,1
1784418385.8304,239.92882,2805535124,0.69989,0.59254,1
1784418385.8372,239.93567,2805603555,0.69989,0.59254,1
1784418385.8436,239.94202,2805667020,0.69642,0.58688,1
1784418385.8502,239.94870,2805733931,0.69694,0.58445,1
1784418385.8569,239.95540,2805800951,0.69694,0.58445,1
1784418385.8639,239.96237,2805870569,0.70700,0.59905,1
1784418385.8703,239.96878,2805934788,0.70407,0.58855,1
1784418385.8772,239.97571,2806003971,0.70407,0.58855,1
1784418385.8837,239.98218,2806068726,0.71409,0.58270,1
1784418385.8904,239.98888,2806135728,0.71514,0.59471,1
1784418385.8974,239.99585,2806205370,0.71514,0.59471,1
1784418385.9038,240.00229,2806269778,0.70852,0.62070,1
1784418385.9108,240.00931,2806339938,0.72117,0.61390,1
1784418385.9172,240.01567,2806403657,0.71930,0.62012,1
1784418385.9239,240.02238,2806470804,0.68693,0.63316,1
1784418385.9309,240.02939,2806540791,0.66752,0.65024,1
1784418385.9373,240.03577,2806604640,0.66895,0.64509,1
1784418385.9443,240.04274,2806674284,0.56559,0.63813,1
1784418385.9507,240.04916,2806738587,0.52994,0.65730,1
1784418385.9577,240.05617,2806808526,0.52880,0.64819,1
1784418385.9645,240.06296,2806876530,0.46363,0.67707,1
1784418385.9711,240.06956,2806942537,0.44000,0.73920,1
1784418385.9775,240.07600,2807006961,0.44089,0.74077,1
1784418385.9845,240.08292,2807076142,0.39474,0.76052,1
1784418385.9909,240.08936,2807140447,0.36769,0.75269,1
1784418385.9976,240.09607,2807207650,0.36431,0.74632,1
1784418386.0048,240.10326,2807279523,0.35239,0.77058,1
1784418386.0112,240.10968,2807343679,0.35332,0.77462,1
1784418386.0177,240.11617,2807408595,0.35390,0.77631,1
1784418386.0244,240.12286,2807475497,0.36322,0.77016,1
1784418386.0313,240.12976,2807544581,0.37096,0.77085,1
1784418386.0378,240.13626,2807609534,0.37262,0.77388,1
1784418386.0447,240.14319,2807678725,0.36063,0.76896,1
1784418386.0515,240.14996,2807746579,0.35724,0.77472,1
1784418386.0579,240.15634,2807810319,0.35904,0.77776,1
1784418386.0648,240.16328,2807879685,0.35764,0.78258,1
1784418386.0713,240.16974,2807944343,0.35846,0.78305,1
1784418386.0782,240.17671,2808013974,0.36030,0.78610,1
1784418386.0847,240.18314,2808078310,0.36063,0.79135,1
1784418386.0916,240.19006,2808147552,0.36167,0.79147,1
1784418386.0981,240.19653,2808212294,0.36167,0.79147,1
1784418386.1048,240.20322,2808279140,0.38208,0.78934,1
1784418386.1117,240.21019,2808348752,0.38002,0.79018,1
1784418386.1182,240.21663,2808413270,0.38002,0.79018,1
1784418386.1249,240.22333,2808480247,0.37055,0.79015,1
1784418386.1315,240.23001,2808546980,0.37251,0.78888,1
1784418386.1383,240.23674,2808614278,0.37251,0.78888,1
1784418386.1452,240.24370,2808683821,0.38038,0.78557,1
1784418386.1520,240.25049,2808751728,0.37853,0.79121,1
1784418386.1587,240.25720,2808818877,0.37853,0.79121,1
1784418386.1653,240.26375,2808884409,0.38018,0.78941,1
1784418386.1723,240.27075,2808954356,0.38121,0.79080,1
1784418386.1785,240.27693,2809016173,0.38121,0.79080,1
1784418386.1854,240.28383,2809085177,0.37972,0.79070,1
1784418386.1918,240.29030,2809149938,0.38207,0.77321,1
1784418386.1985,240.29701,2809217069,0.38207,0.77321,1
1784418386.2055,240.30396,2809286396,0.37381,0.79070,1
1784418386.2122,240.31062,2809353112,0.36009,0.78488,1
1784418386.2186,240.31711,2809417919,0.36068,0.78636,1
1784418386.2255,240.32401,2809487025,0.36368,0.79062,1
1784418386.2320,240.33051,2809551889,0.37323,0.78821,1
1784418386.2390,240.33742,2809621027,0.37301,0.78782,1
1784418386.2455,240.34392,2809686108,0.37132,0.78231,1
1784418386.2521,240.35059,2809752828,0.37547,0.78180,1
1784418386.2590,240.35751,2809821970,0.37375,0.77870,1
1784418386.2655,240.36398,2809886675,0.36126,0.76792,1
1784418386.2722,240.37070,2809953871,0.36211,0.76317,1
1784418386.2791,240.37761,2810022930,0.36211,0.76317,1
1784418386.2860,240.38446,2810091514,0.36304,0.74823,1
1784418386.2925,240.39101,2810156912,0.36298,0.78857,1
1784418386.2990,240.39749,2810221801,0.36246,0.78713,1
1784418386.3057,240.40419,2810288747,0.36043,0.77888,1
1784418386.3124,240.41090,2810356021,0.35715,0.77583,1
1784418386.3191,240.41756,2810422517,0.35496,0.77149,1
1784418386.3261,240.42456,2810492502,0.35700,0.76685,1
1784418386.3325,240.43098,2810556794,0.35087,0.76218,1
1784418386.3394,240.43791,2810626068,0.34905,0.75911,1
1784418386.3462,240.44466,2810693521,0.35023,0.75510,1
1784418386.3529,240.45134,2810760306,0.35357,0.75235,1
1784418386.3597,240.45818,2810828659,0.35357,0.75235,1
1784418386.3661,240.46455,2810892429,0.33974,0.75599,1
1784418386.3729,240.47137,2810960674,0.35353,0.75505,1
1784418386.3794,240.47786,2811025441,0.35530,0.75815,1
1784418386.3861,240.48457,2811092626,0.34137,0.76466,1
1784418386.3928,240.49124,2811159396,0.34190,0.76547,1
1784418386.3995,240.49796,2811226418,0.34190,0.76547,1
1784418386.4064,240.50491,2811296010,0.34997,0.76247,1
1784418386.4129,240.51137,2811360519,0.35202,0.75836,1
1784418386.4198,240.51826,2811429552,0.35022,0.75526,1
1784418386.4263,240.52473,2811494319,0.34516,0.75560,1
1784418386.4330,240.53145,2811561328,0.34393,0.75621,1
1784418386.4399,240.53836,2811630496,0.34452,0.75787,1
1784418386.4464,240.54485,2811695321,0.34585,0.76499,1
1784418386.4533,240.55176,2811764554,0.35519,0.76886,1
1784418386.4598,240.55823,2811829180,0.35752,0.77334,1
1784418386.4665,240.56494,2811896260,0.37063,0.78688,1
1784418386.4734,240.57185,2811965417,0.36894,0.79021,1
1784418386.4799,240.57832,2812030184,0.37163,0.79436,1
1784418386.4866,240.58504,2812097292,0.36522,0.75770,1
1784418386.4935,240.59201,2812167005,0.36451,0.76526,1
1784418386.5000,240.59843,2812231313,0.36473,0.76567,1
1784418386.5069,240.60536,2812300580,0.35881,0.77291,1
1784418386.5134,240.61185,2812365316,0.35807,0.77207,1
1784418386.5203,240.61874,2812434426,0.35807,0.77207,1
1784418386.5271,240.62553,2812502237,0.36458,0.78164,1
1784418386.5337,240.63219,2812568806,0.36934,0.78476,1
1784418386.5405,240.63895,2812636329,0.36934,0.78476,1
1784418386.5471,240.64555,2812702438,0.36674,0.78799,1
1784418386.5538,240.65230,2812769924,0.36660,0.79448,1
1784418386.5605,240.65897,2812836602,0.36714,0.79589,1
1784418386.5672,240.66566,2812903620,0.40781,0.78027,1
1784418386.5740,240.67250,2812971964,0.40509,0.78993,1
1784418386.5806,240.67903,2813037223,0.40686,0.79201,1
1784418386.5874,240.68587,2813105509,0.42579,0.79894,1
1784418386.5940,240.69243,2813171223,0.42452,0.79857,1
1784418386.6007,240.69917,2813238618,0.42275,0.79619,1
1784418386.6071,240.70561,2813302958,0.41432,0.79726,1
1784418386.6141,240.71254,2813372243,0.41824,0.80164,1
1784418386.6207,240.71921,2813439018,0.41960,0.80460,1
1784418386.6275,240.72598,2813506676,0.41903,0.80935,1
1784418386.6342,240.73271,2813574010,0.41903,0.81054,1
1784418386.6409,240.73935,2813640454,0.41903,0.81054,1
1784418386.6476,240.74605,2813707317,0.42382,0.80934,1
1784418386.6540,240.75250,2813771945,0.42372,0.80624,1
1784418386.6609,240.75940,2813840959,0.42372,0.80624,1
1784418386.6678,240.76625,2813909404,0.42368,0.80372,1
1784418386.6741,240.77260,2813972855,0.42575,0.80413,1
1784418386.6808,240.77928,2814039777,0.42575,0.80413,1
1784418386.6875,240.78598,2814106638,0.42234,0.80258,1
1784418386.6945,240.79298,2814176757,0.42303,0.80345,1
1784418386.7009,240.79939,2814240763,0.42303,0.80345,1
1784418386.7080,240.80650,2814312018,0.42422,0.79417,1
1784418386.7143,240.81279,2814374815,0.42501,0.78948,1
1784418386.7214,240.81985,2814445407,0.42501,0.78948,1
1784418386.7281,240.82660,2814512918,0.42285,0.78761,1
1784418386.7348,240.83328,2814579717,0.42437,0.78031,1
1784418386.7411,240.83957,2814642636,0.42437,0.78031,1
1784418386.7481,240.84659,2814712829,0.42632,0.78002,1
1784418386.7545,240.85298,2814776681,0.42520,0.78197,1
1784418386.7615,240.85992,2814846149,0.42636,0.78476,1
1784418386.7682,240.86671,2814914001,0.42311,0.79799,1
1784418386.7750,240.87346,2814981469,0.42767,0.81776,1
1784418386.7813,240.87975,2815044372,0.42884,0.82032,1
1784418386.7883,240.88676,2815114585,0.42754,0.81675,1
1784418386.7949,240.89337,2815180688,0.42851,0.81581,1
1784418386.8014,240.89990,2815245876,0.42851,0.81581,1
1784418386.8084,240.90683,2815315153,0.43054,0.82157,1
1784418386.8151,240.91354,2815382398,0.42901,0.82379,1
1784418386.8217,240.92021,2815448965,0.42901,0.82379,1
1784418386.8284,240.92690,2815515804,0.42946,0.83155,1
1784418386.8349,240.93333,2815580195,0.43238,0.82350,1
1784418386.8418,240.94028,2815649655,0.43091,0.81957,1
1784418386.8483,240.94673,2815714204,0.43433,0.81188,1
1784418386.8552,240.95370,2815783891,0.43812,0.80998,1
1784418386.8619,240.96036,2815850445,0.43575,0.80331,1
1784418386.8686,240.96709,2815917844,0.43516,0.78320,1
1784418386.8751,240.97353,2815982126,0.43429,0.78299,1
1784418386.8818,240.98022,2816049120,0.43311,0.77998,1
1784418386.8887,240.98718,2816118789,0.42147,0.77008,1
1784418386.8954,240.99385,2816185369,0.43421,0.76636,1
1784418386.9021,241.00061,2816253061,0.43421,0.76636,1
1784418386.9086,241.00703,2816317224,0.42331,0.75430,1
1784418386.9156,241.01405,2816387422,0.42115,0.76775,1
1784418386.9223,241.02081,2816455112,0.42115,0.76775,1
1784418386.9293,241.02779,2816524734,0.41652,0.77179,1
1784418386.9353,241.03381,2816585067,0.43550,0.77226,1
1784418386.9423,241.04073,2816654180,0.43550,0.77226,1
1784418386.9487,241.04721,2816719053,0.43178,0.78595,1
1784418386.9557,241.05417,2816788674,0.42869,0.78229,1
1784418386.9624,241.06082,2816855163,0.42869,0.78229,1
1784418386.9688,241.06729,2816919887,0.43065,0.78683,1
1784418386.9758,241.07423,2816989294,0.43178,0.78862,1
1784418386.9822,241.08070,2817054006,0.43178,0.78862,1
1784418386.9892,241.08765,2817123380,0.42955,0.78867,1
1784418386.9960,241.09447,2817191563,0.43045,0.79387,1
1784418387.0025,241.10101,2817257022,0.43045,0.79387,1
1784418387.0090,241.10748,2817321735,0.42909,0.79491,1
1784418387.0157,241.11420,2817388889,0.42847,0.79494,1
1784418387.0227,241.12115,2817458493,0.42847,0.79494,1
1784418387.0291,241.12759,2817522818,0.42977,0.79439,1
1784418387.0360,241.13451,2817591937,0.42939,0.79669,1
1784418387.0433,241.14177,2817664613,0.42818,0.79384,1
1784418387.0492,241.14769,2817723825,0.42669,0.78517,1
1784418387.0559,241.15437,2817790658,0.42599,0.78366,1
1784418387.0629,241.16133,2817860278,0.42479,0.78077,1
1784418387.0695,241.16800,2817926887,0.42787,0.78292,1
1784418387.0760,241.17447,2817991608,0.42556,0.78188,1
1784418387.0827,241.18117,2818058644,0.42675,0.78476,1
1784418387.0897,241.18817,2818128699,0.42910,0.78494,1
1784418387.0963,241.19481,2818194927,0.43079,0.78970,1
1784418387.1031,241.20160,2818262941,0.43198,0.79259,1
1784418387.1097,241.20819,2818328863,0.41911,0.79014,1
1784418387.1168,241.21524,2818399259,0.42368,0.79094,1
1784418387.1229,241.22136,2818460430,0.42368,0.79094,1
1784418387.1299,241.22841,2818531069,0.42214,0.78541,1
1784418387.1363,241.23477,2818594578,0.42684,0.78417,1
1784418387.1432,241.24167,2818663641,0.42684,0.78417,1
1784418387.1497,241.24814,2818728324,0.42586,0.77756,1
1784418387.1564,241.25488,2818795775,0.42785,0.77346,1
1784418387.1633,241.26181,2818864997,0.42818,0.77520,1
1784418387.1698,241.26825,2818929355,0.43153,0.77101,1
1784418387.1767,241.27516,2818998589,0.43138,0.77212,1
1784418387.1832,241.28165,2819063351,0.43259,0.77525,1
1784418387.1901,241.28859,2819132785,0.43455,0.77600,1
1784418387.1969,241.29541,2819201064,0.43109,0.77424,1
1784418387.2035,241.30196,2819266498,0.43109,0.77424,1
1784418387.2100,241.30844,2819331313,0.43337,0.77212,1
1784418387.2167,241.31514,2819398383,0.43459,0.77142,1
1784418387.2236,241.32208,2819467693,0.43488,0.77301,1
1784418387.2301,241.32854,2819532217,0.43619,0.77385,1
1784418387.2370,241.33545,2819601410,0.43473,0.77312,1
1784418387.2435,241.34195,2819666365,0.43517,0.77250,1
1784418387.2502,241.34865,2819733343,0.42847,0.77044,1
1784418387.2571,241.35556,2819802472,0.42486,0.76543,1
1784418387.2636,241.36203,2819867136,0.42247,0.75943,1
1784418387.2705,241.36896,2819936504,0.43561,0.75260,1
1784418387.2770,241.37543,2820001241,0.42542,0.75547,1
1784418387.2839,241.38235,2820070500,0.42419,0.75227,1
1784418387.2906,241.38908,2820137778,0.43041,0.76667,1
1784418387.2973,241.39574,2820204342,0.42627,0.74657,1
1784418387.3041,241.40259,2820272768,0.42508,0.74337,1
1784418387.3105,241.40897,2820336517,0.42334,0.76529,1
1784418387.3174,241.41585,2820405437,0.42398,0.76391,1
1784418387.3239,241.42232,2820470124,0.42398,0.76391,1
1784418387.3309,241.42937,2820540592,0.41765,0.76801,1
1784418387.3372,241.43570,2820603921,0.42828,0.77277,1
1784418387.3442,241.44269,2820673743,0.42945,0.77572,1
1784418387.3510,241.44945,2820741381,0.43842,0.77986,1
1784418387.3573,241.45581,2820805032,0.44284,0.78906,1
1784418387.3640,241.46249,2820871889,0.44393,0.79196,1
1784418387.3707,241.46921,2820939017,0.44151,0.79376,1
1784418387.3775,241.47592,2821006091,0.44194,0.79388,1
1784418387.3844,241.48291,2821076011,0.44194,0.79388,1
1784418387.3908,241.48930,2821139980,0.44972,0.77630,1
1784418387.3980,241.49644,2821211384,0.45230,0.77874,1
1784418387.4045,241.50293,2821276218,0.45253,0.78050,1
1784418387.4112,241.50966,2821343443,0.45109,0.78699,1
1784418387.4178,241.51630,2821409939,0.45121,0.79365,1
1784418387.4245,241.52299,2821476917,0.45225,0.79660,1
1784418387.4310,241.52948,2821541639,0.45595,0.80419,1
1784418387.4379,241.53639,2821610861,0.45670,0.80726,1
1784418387.4447,241.54315,2821678450,0.45670,0.80726,1
1784418387.4511,241.54959,2821742758,0.45633,0.81137,1
1784418387.4580,241.55650,2821811889,0.45646,0.81412,1
1784418387.4648,241.56331,2821880040,0.45623,0.81245,1
1784418387.4715,241.56996,2821946586,0.45798,0.81288,1
1784418387.4783,241.57674,2822014242,0.45727,0.81094,1
1784418387.4850,241.58342,2822081049,0.45628,0.80817,1
1784418387.4917,241.59015,2822148387,0.43697,0.80610,1
1784418387.4984,241.59685,2822215318,0.42059,0.81015,1
1784418387.5047,241.60316,2822278499,0.41931,0.80741,1
1784418387.5116,241.61008,2822347683,0.42368,0.79880,1
1784418387.5181,241.61656,2822412603,0.42291,0.79665,1
1784418387.5248,241.62326,2822479459,0.42168,0.79387,1
1784418387.5318,241.63022,2822549143,0.42402,0.79151,1
1784418387.5382,241.63666,2822613444,0.42382,0.79619,1
1784418387.5451,241.64357,2822682594,0.42382,0.79619,1
1784418387.5520,241.65044,2822751243,0.41539,0.79363,1
1784418387.5583,241.65675,2822814501,0.42920,0.79579,1
1784418387.5652,241.66371,2822884066,0.43037,0.79856,1
1784418387.5717,241.67015,2822948385,0.41457,0.80082,1
1784418387.5787,241.67714,2823018247,0.41935,0.80150,1
1784418387.5853,241.68376,2823084479,0.42063,0.80429,1
1784418387.5920,241.69048,2823151733,0.42224,0.80031,1
1784418387.5985,241.69695,2823216436,0.42026,0.80334,1
1784418387.6055,241.70392,2823286046,0.42062,0.80502,1
1784418387.6119,241.71033,2823350204,0.44427,0.79601,1
1784418387.6185,241.71701,2823417053,0.46778,0.80108,1
1784418387.6255,241.72401,2823487081,0.46852,0.80227,1
1784418387.6320,241.73042,2823551173,0.47339,0.79260,1
1784418387.6389,241.73737,2823620604,0.47969,0.79499,1
1784418387.6454,241.74382,2823685143,0.47978,0.79783,1
1784418387.6521,241.75053,2823752279,0.50213,0.78476,1
1784418387.6590,241.75749,2823821761,0.49970,0.79016,1
1784418387.6657,241.76419,2823888785,0.50086,0.79435,1
1784418387.6726,241.77103,2823957137,0.50291,0.79409,1
1784418387.6791,241.77754,2824022398,0.50470,0.80283,1
1784418387.6862,241.78470,2824093944,0.50363,0.79764,1
1784418387.6923,241.79073,2824154126,0.50754,0.79114,1
1784418387.6992,241.79767,2824223658,0.50673,0.79012,1
1784418387.7059,241.80432,2824290199,0.50673,0.79012,1
1784418387.7126,241.81108,2824357673,0.50894,0.78932,1
1784418387.7190,241.81750,2824421919,0.50912,0.78933,1
1784418387.7258,241.82422,2824489031,0.50912,0.78933,1
1784418387.7327,241.83115,2824558321,0.51251,0.78726,1
1784418387.7391,241.83759,2824622811,0.50071,0.78966,1
1784418387.7460,241.84451,2824692070,0.50071,0.78966,1
1784418387.7528,241.85123,2824759139,0.50363,0.78440,1
1784418387.7592,241.85770,2824823904,0.50350,0.78626,1
1784418387.7659,241.86438,2824890736,0.50348,0.78451,1
1784418387.7728,241.87131,2824960004,0.49256,0.78841,1
1784418387.7796,241.87802,2825027077,0.49190,0.79394,1
1784418387.7860,241.88448,2825091713,0.49052,0.78810,1
1784418387.7927,241.89119,2825158784,0.49925,0.79642,1
1784418387.7997,241.89813,2825228250,0.49626,0.79038,1
1784418387.8061,241.90456,2825292521,0.49626,0.79038,1
1784418387.8131,241.91156,2825362512,0.49972,0.80327,1
1784418387.8198,241.91830,2825429904,0.49826,0.81342,1
1784418387.8262,241.92467,2825493653,0.49889,0.81611,1
1784418387.8332,241.93166,2825563475,0.50954,0.80781,1
1784418387.8396,241.93808,2825627761,0.51264,0.80623,1
1784418387.8466,241.94504,2825697363,0.51264,0.80623,1
1784418387.8530,241.95151,2825761924,0.50634,0.81492,1
1784418387.8600,241.95845,2825831356,0.51259,0.81607,1
1784418387.8667,241.96519,2825898889,0.51259,0.81607,1
1784418387.8736,241.97209,2825967819,0.50676,0.79663,1
1784418387.8800,241.97850,2826031887,0.50870,0.79761,1
1784418387.8865,241.98497,2826096648,0.50870,0.79761,1
1784418387.8935,241.99193,2826166123,0.49574,0.78272,1
1784418387.8999,241.99835,2826230468,0.51530,0.79741,1
1784418387.9071,242.00554,2826302254,0.51530,0.79741,1
1784418387.9133,242.01175,2826364407,0.55961,0.77402,1
1784418387.9202,242.01869,2826433815,0.55301,0.81679,1
1784418387.9267,242.02515,2826498371,0.55269,0.81990,1
1784418387.9336,242.03207,2826567601,0.57779,0.81895,1
1784418387.9401,242.03854,2826632278,0.57073,0.80634,1
1784418387.9470,242.04547,2826701649,0.57077,0.81178,1
1784418387.9535,242.05194,2826766324,0.57636,0.83190,1
1784418387.9602,242.05865,2826833455,0.57481,0.81439,1
1784418387.9671,242.06555,2826902497,0.57481,0.81439,1
1784418387.9736,242.07202,2826967095,0.58127,0.83268,1
1784418387.9805,242.07895,2827036443,0.58165,0.81428,1
1784418387.9873,242.08575,2827104468,0.58165,0.81428,1
1784418387.9937,242.09212,2827168099,0.57743,0.81600,1
1784418388.0004,242.09889,2827235803,0.58123,0.81579,1
1784418388.0073,242.10579,2827304813,0.58123,0.81579,1
1784418388.0137,242.11221,2827369118,0.58109,0.83108,1
1784418388.0207,242.11917,2827438643,0.58241,0.83624,1
1784418388.0272,242.12564,2827503275,0.58264,0.83720,1
1784418388.0341,242.13254,2827572331,0.58321,0.85669,1
1784418388.0408,242.13931,2827639999,0.58641,0.84661,1
1784418388.0475,242.14601,2827706958,0.58675,0.84509,1
1784418388.0543,242.15274,2827774374,0.58533,0.84492,1
1784418388.0611,242.15959,2827842833,0.59086,0.83507,1
1784418388.0674,242.16591,2827905927,0.59113,0.83010,1
1784418388.0744,242.17284,2827975312,0.59373,0.82894,1
1784418388.0810,242.17949,2828041800,0.58335,0.82831,1
1784418388.0877,242.18613,2828108246,0.58342,0.82603,1
1784418388.0945,242.19301,2828176943,0.59952,0.82291,1
1784418388.1008,242.19931,2828239966,0.57483,0.81821,1
1784418388.1080,242.20645,2828311351,0.57483,0.81821,1
1784418388.1142,242.21271,2828374034,0.58109,0.82488,1
1784418388.1212,242.21970,2828443822,0.57532,0.82023,1
1784418388.1276,242.22610,2828508028,0.57532,0.82023,1
1784418388.1346,242.23305,2828577456,0.58135,0.82208,1
1784418388.1410,242.23949,2828641770,0.58128,0.81455,1
1784418388.1480,242.24643,2828711259,0.58128,0.81455,1
1784418388.1547,242.25320,2828778982,0.57996,0.82192,1
1784418388.1611,242.25958,2828842771,0.58346,0.81851,1
1784418388.1680,242.26651,2828912045,0.58346,0.81851,1
1784418388.1745,242.27299,2828976864,0.60179,0.81732,1
1784418388.1815,242.27994,2829046301,0.60784,0.81129,1
1784418388.1879,242.28638,2829110693,0.60740,0.81282,1
1784418388.1948,242.29330,2829179932,0.61421,0.82380,1
1784418388.2015,242.29999,2829246820,0.61425,0.82627,1
1784418388.2080,242.30646,2829311496,0.61391,0.82894,1
1784418388.2149,242.31339,2829380811,0.61183,0.82762,1
1784418388.2217,242.32019,2829448879,0.60392,0.82277,1
1784418388.2281,242.32658,2829512741,0.60392,0.82277,1
1784418388.2352,242.33369,2829583839,0.60272,0.82614,1
1784418388.2417,242.34019,2829648881,0.59990,0.83223,1
1784418388.2485,242.34695,2829716425,0.60053,0.82810,1
1784418388.2553,242.35379,2829784836,0.59959,0.82565,1
1784418388.2619,242.36040,2829850920,0.59409,0.81470,1
1784418388.2683,242.36674,2829914425,0.59389,0.81350,1
1784418388.2752,242.37369,2829983736,0.62510,0.80744,1
1784418388.2817,242.38016,2830048451,0.62253,0.81814,1
1784418388.2885,242.38692,2830116064,0.62171,0.82358,1
1784418388.2951,242.39354,2830182264,0.61801,0.82627,1
1784418388.3018,242.40025,2830249410,0.62073,0.82843,1
1784418388.3087,242.40721,2830319065,0.62073,0.82843,1
1784418388.3152,242.41365,2830383380,0.61956,0.83247,1
1784418388.3221,242.42056,2830452576,0.62038,0.83196,1
1784418388.3289,242.42738,2830520678,0.62038,0.83196,1
1784418388.3353,242.43373,2830584205,0.61947,0.83308,1
1784418388.3423,242.44073,2830654239,0.62077,0.83404,1
1784418388.3487,242.44716,2830718437,0.62077,0.83404,1
1784418388.3554,242.45389,2830785818,0.62229,0.83105,1
1784418388.3623,242.46078,2830854737,0.62516,0.84110,1
1784418388.3688,242.46724,2830919376,0.62563,0.83953,1
1784418388.3757,242.47415,2830988446,0.61643,0.81853,1
1784418388.3822,242.48064,2831053205,0.59689,0.83083,1
1784418388.3889,242.48734,2831120252,0.59726,0.82562,1
1784418388.3960,242.49443,2831191144,0.61754,0.79734,1
1784418388.4023,242.50073,2831254168,0.64874,0.81090,1
1784418388.4092,242.50766,2831323532,0.64812,0.81262,1
1784418388.4157,242.51413,2831388236,0.63246,0.82392,1
1784418388.4226,242.52104,2831457358,0.64271,0.83443,1
1784418388.4294,242.52783,2831525246,0.64155,0.83959,1
1784418388.4358,242.53424,2831589370,0.64395,0.83835,1
1784418388.4427,242.54115,2831658408,0.64505,0.84409,1
1784418388.4492,242.54762,2831723148,0.64453,0.84546,1
1784418388.4561,242.55455,2831792469,0.65320,0.83578,1
1784418388.4626,242.56102,2831857048,0.65057,0.83733,1
1784418388.4695,242.56793,2831926267,0.64998,0.83967,1
1784418388.4760,242.57442,2831991010,0.65504,0.83031,1
1784418388.4827,242.58112,2832058084,0.65538,0.83338,1
1784418388.4896,242.58807,2832127623,0.65538,0.83338,1
1784418388.4961,242.59453,2832192186,0.65633,0.82548,1
1784418388.5030,242.60150,2832261859,0.65877,0.82196,1
1784418388.5094,242.60791,2832325969,0.65877,0.82196,1
1784418388.5164,242.61482,2832395064,0.65529,0.82100,1
1784418388.5228,242.62129,2832459883,0.65835,0.82057,1
1784418388.5295,242.62799,2832526811,0.65835,0.82057,1
1784418388.5365,242.63493,2832596240,0.66009,0.84738,1
1784418388.5432,242.64162,2832663063,0.65931,0.84549,1
1784418388.5499,242.64835,2832730411,0.65931,0.84549,1
1784418388.5563,242.65479,2832794813,0.65813,0.84012,1
1784418388.5632,242.66171,2832863964,0.65272,0.83742,1
1784418388.5700,242.66850,2832931882,0.65329,0.83616,1
1784418388.5764,242.67490,2832995919,0.65970,0.83232,1
1784418388.5834,242.68182,2833065211,0.66268,0.84497,1
1784418388.5898,242.68829,2833129839,0.66336,0.84272,1
1784418388.5967,242.69519,2833198885,0.65985,0.83954,1
1784418388.6035,242.70201,2833267027,0.65718,0.83736,1
1784418388.6102,242.70865,2833333421,0.65718,0.83736,1
1784418388.6169,242.71541,2833401017,0.66118,0.83210,1
1784418388.6236,242.72205,2833467298,0.66622,0.84534,1
1784418388.6300,242.72847,2833531682,0.66622,0.84534,1
1784418388.6367,242.73515,2833598518,0.68729,0.84509,1
1784418388.6437,242.74213,2833668190,0.67845,0.84621,1
1784418388.6501,242.74858,2833732645,0.67836,0.84684,1
1784418388.6568,242.75526,2833799561,0.66383,0.84687,1
1784418388.6637,242.76221,2833868950,0.66440,0.84616,1
1784418388.6702,242.76868,2833933660,0.66450,0.84584,1
1784418388.6769,242.77536,2834000445,0.67852,0.85364,1
1784418388.6839,242.78233,2834070286,0.67740,0.83367,1
1784418388.6903,242.78876,2834134538,0.67818,0.83136,1
1784418388.6973,242.79578,2834204713,0.67585,0.81948,1
1784418388.7037,242.80215,2834268480,0.68337,0.81470,1
1784418388.7106,242.80908,2834337687,0.68417,0.81230,1
1784418388.7171,242.81554,2834402311,0.68436,0.82132,1
1784418388.7238,242.82227,2834469494,0.68567,0.82531,1
1784418388.7307,242.82916,2834538580,0.68567,0.82531,1
1784418388.7372,242.83565,2834603401,0.68641,0.82252,1
1784418388.7441,242.84256,2834672548,0.68635,0.80470,1
1784418388.7509,242.84937,2834740619,0.68635,0.80470,1
1784418388.7573,242.85576,2834804437,0.68782,0.80031,1
1784418388.7646,242.86305,2834877405,0.68907,0.79709,1
1784418388.7709,242.86935,2834940474,0.68907,0.79709,1
1784418388.7774,242.87582,2835005112,0.68985,0.79848,1
1784418388.7841,242.88254,2835072320,0.68556,0.82068,1
1784418388.7910,242.88950,2835141924,0.68486,0.82212,1
1784418388.7977,242.89615,2835208425,0.68412,0.80856,1
1784418388.8046,242.90306,2835277594,0.68048,0.83696,1
1784418388.8111,242.90956,2835342483,0.67877,0.84180,1
1784418388.8178,242.91626,2835409527,0.68208,0.82914,1
1784418388.8244,242.92282,2835475156,0.68337,0.82755,1
1784418388.8310,242.92943,2835541174,0.68337,0.82755,1
1784418388.8377,242.93614,2835608337,0.68798,0.82563,1
1784418388.8444,242.94283,2835675132,0.68167,0.82796,1
1784418388.8513,242.94972,2835744195,0.68183,0.82688,1
1784418388.8580,242.95642,2835811150,0.67732,0.82860,1
1784418388.8645,242.96292,2835876078,0.67829,0.82862,1
1784418388.8711,242.96960,2835942914,0.67748,0.83102,1
1784418388.8779,242.97632,2836010045,0.67734,0.83170,1
1784418388.8849,242.98340,2836080877,0.68250,0.82938,1
1784418388.8912,242.98969,2836143742,0.68317,0.82807,1
1784418388.8981,242.99661,2836213092,0.68247,0.82369,1
1784418388.9050,243.00346,2836281553,0.68290,0.81985,1
1784418388.9115,243.01001,2836347041,0.68374,0.81740,1
1784418388.9180,243.01651,2836411941,0.68693,0.81403,1
1784418388.9247,243.02319,2836478813,0.68247,0.81902,1
1784418388.9317,243.03014,2836548196,0.68241,0.81994,1
1784418388.9381,243.03659,2836612777,0.68776,0.81140,1
1784418388.9450,243.04350,2836681959,0.67633,0.80849,1
1784418388.9515,243.04999,2836746713,0.67644,0.80813,1
1784418388.9582,243.05667,2836813658,0.67682,0.84365,1
1784418388.9652,243.06363,2836883155,0.67919,0.83612,1
1784418388.9720,243.07048,2836951762,0.67919,0.83612,1
1784418388.9786,243.07704,2837017263,0.66979,0.83224,1
1784418388.9853,243.08379,2837084837,0.67015,0.81638,1
1784418388.9919,243.09041,2837150985,0.67015,0.81638,1
1784418388.9988,243.09724,2837219310,0.67385,0.80788,1
1784418389.0053,243.10379,2837284851,0.67243,0.81033,1
1784418389.0120,243.11049,2837351834,0.67317,0.80785,1
1784418389.0185,243.11696,2837416487,0.67549,0.79958,1
1784418389.0254,243.12390,2837485980,0.67575,0.79143,1
1784418389.0319,243.13039,2837550731,0.67650,0.78885,1
1784418389.0388,243.13728,2837619669,0.68545,0.76205,1
1784418389.0453,243.14375,2837684415,0.69520,0.74388,1
1784418389.0520,243.15045,2837751399,0.69443,0.74581,1
1784418389.0589,243.15739,2837820894,0.74309,0.67671,1
1784418389.0654,243.16388,2837885732,0.70553,0.67178,1
1784418389.0721,243.17056,2837952545,0.70553,0.67178,1
1784418389.0791,243.17757,2838022525,0.71722,0.62077,1
1784418389.0857,243.18417,2838088589,0.71762,0.62210,1
1784418389.0924,243.19090,2838155867,0.71762,0.62210,1
1784418389.0989,243.19736,2838220454,0.72264,0.61503,1
1784418389.1059,243.20441,2838291030,0.72161,0.59377,1
1784418389.1123,243.21075,2838354515,0.72037,0.59852,1
1784418389.1192,243.21771,2838423998,0.71690,0.57466,1
1784418389.1257,243.22414,2838488332,0.71746,0.57744,1
1784418389.1324,243.23083,2838555241,0.71746,0.57744,1
1784418389.1393,243.23781,2838624935,0.71725,0.58237,1
1784418389.1458,243.24423,2838689261,0.71151,0.58553,1
1784418389.1527,243.25116,2838758465,0.71151,0.58553,1
1784418389.1592,243.25764,2838823312,0.70674,0.58669,1
1784418389.1661,243.26454,2838892395,0.70662,0.59098,1
1784418389.1729,243.27133,2838960285,0.70662,0.59098,1
1784418389.1795,243.27800,2839026896,0.71415,0.59656,1
1784418389.1864,243.28484,2839095339,0.71430,0.59530,1
1784418389.1929,243.29135,2839160414,0.71430,0.59530,1
1784418389.1997,243.29816,2839228524,0.71193,0.60075,1
1784418389.2061,243.30452,2839292047,0.71043,0.59389,1
1784418389.2128,243.31122,2839359169,0.71043,0.59389,1
1784418389.2195,243.31792,2839426026,0.71161,0.60324,1
1784418389.2262,243.32462,2839493107,0.71045,0.60552,1
1784418389.2331,243.33153,2839562227,0.71045,0.60552,1
1784418389.2398,243.33823,2839629166,0.70821,0.60185,1
1784418389.2462,243.34471,2839693952,0.70685,0.58425,1
1784418389.2532,243.35162,2839763204,0.70685,0.58425,1
1784418389.2596,243.35811,2839828031,0.71014,0.60542,1
1784418389.2666,243.36510,2839897861,0.71064,0.58511,1
1784418389.2730,243.37149,2839961871,0.71064,0.58511,1
1784418389.2797,243.37820,2840028971,0.71046,0.59690,1
1784418389.2867,243.38516,2840098550,0.71556,0.59942,1
1784418389.2931,243.39160,2840162895,0.71556,0.59942,1
1784418389.3000,243.39851,2840231977,0.71528,0.60580,1
1784418389.3065,243.40500,2840296963,0.71717,0.60173,1
1784418389.3132,243.41168,2840363754,0.71717,0.60173,1
1784418389.3202,243.41862,2840433158,0.71681,0.61270,1
1784418389.3268,243.42531,2840499970,0.71708,0.60540,1
1784418389.3335,243.43201,2840566934,0.71708,0.60540,1
1784418389.3400,243.43848,2840631737,0.71672,0.60124,1
1784418389.3467,243.44518,2840698716,0.71558,0.59692,1
1784418389.3537,243.45215,2840768396,0.71558,0.59692,1
1784418389.3601,243.45859,2840832789,0.71360,0.58321,1
1784418389.3671,243.46556,2840902453,0.71227,0.60520,1
1784418389.3740,243.47243,2840971137,0.71432,0.59808,1
1784418389.3805,243.47894,2841036286,0.71227,0.57914,1
1784418389.3869,243.48538,2841100713,0.70272,0.57764,1
1784418389.3938,243.49231,2841169941,0.70233,0.57751,1
1784418389.4005,243.49899,2841236845,0.69917,0.58395,1
1784418389.4070,243.50546,2841301527,0.69832,0.59372,1
1784418389.4137,243.51218,2841368673,0.69530,0.60748,1
1784418389.4206,243.51907,2841437722,0.69175,0.60569,1
1784418389.4271,243.52557,2841502592,0.69232,0.60830,1
1784418389.4341,243.53255,2841572398,0.69232,0.60830,1
1784418389.4405,243.53894,2841636362,0.69177,0.59907,1
1784418389.4472,243.54565,2841703447,0.69238,0.59658,1
1784418389.4539,243.55235,2841770381,0.69148,0.60089,1
1784418389.4610,243.55951,2841841983,0.69092,0.60219,1
1784418389.4675,243.56596,2841906585,0.69307,0.62271,1
1784418389.4740,243.57246,2841971537,0.69307,0.62271,1
1784418389.4809,243.57938,2842040613,0.69170,0.64630,1
1784418389.4874,243.58583,2842105186,0.69072,0.64056,1
1784418389.4943,243.59276,2842174463,0.69162,0.63657,1
1784418389.5011,243.59956,2842242487,0.68827,0.63194,1
1784418389.5075,243.60593,2842306249,0.68876,0.63661,1
1784418389.5144,243.61288,2842375759,0.68876,0.63661,1
1784418389.5209,243.61932,2842440223,0.68407,0.63586,1
1784418389.5278,243.62625,2842509382,0.68477,0.63649,1
1784418389.5343,243.63274,2842574209,0.68477,0.63649,1
1784418389.5410,243.63943,2842641329,0.68448,0.63934,1
1784418389.5479,243.64639,2842710912,0.68223,0.62438,1
1784418389.5548,243.65323,2842779152,0.68286,0.62222,1
1784418389.5615,243.65993,2842846119,0.67974,0.60743,1
1784418389.5680,243.66646,2842911493,0.68454,0.60488,1
1784418389.5751,243.67358,2842982744,0.68537,0.60072,1
1784418389.5811,243.67961,2843043048,0.62774,0.66664,1
1784418389.5881,243.68654,2843112270,0.60719,0.67799,1
1784418389.5949,243.69336,2843180481,0.60747,0.67396,1
1784418389.6015,243.69994,2843246281,0.56278,0.73583,1
1784418389.6082,243.70671,2843313973,0.54368,0.78559,1
1784418389.6146,243.71310,2843377941,0.54358,0.78084,1
1784418389.6216,243.72009,2843447771,0.53556,0.80664,1
1784418389.6281,243.72652,2843512104,0.52554,0.81010,1
1784418389.6348,243.73322,2843579108,0.52554,0.81010,1
1784418389.6417,243.74017,2843648672,0.53764,0.80222,1
1784418389.6484,243.74687,2843715560,0.52816,0.80547,1
1784418389.6551,243.75352,2843782093,0.52888,0.81065,1
1784418389.6619,243.76036,2843850538,0.52493,0.82492,1
1784418389.6685,243.76695,2843916382,0.52320,0.82516,1
1784418389.6749,243.77339,2843980804,0.52314,0.82679,1
1784418389.6822,243.78062,2844053168,0.52054,0.83574,1
1784418389.6886,243.78702,2844117118,0.51970,0.83825,1
1784418389.6950,243.79349,2844181772,0.51928,0.83735,1
1784418389.7019,243.80040,2844250984,0.51953,0.84922,1
1784418389.7084,243.80690,2844315940,0.52183,0.86143,1
1784418389.7153,243.81380,2844384933,0.52178,0.86113,1
1784418389.7218,243.82028,2844449682,0.52972,0.86298,1
1784418389.7285,243.82698,2844516707,0.50963,0.86631,1
1784418389.7355,243.83397,2844586617,0.50961,0.86502,1
1784418389.7419,243.84039,2844650831,0.51041,0.86590,1
1784418389.7490,243.84744,2844721380,0.52453,0.85667,1
1784418389.7557,243.85417,2844788687,0.52418,0.85589,1
1784418389.7623,243.86078,2844854710,0.52046,0.85635,1
1784418389.7688,243.86726,2844919499,0.51379,0.85735,1
1784418389.7757,243.87419,2844988820,0.51424,0.85944,1
1784418389.7824,243.88089,2845055854,0.52516,0.85570,1
1784418389.7888,243.88727,2845119658,0.52877,0.84812,1
1784418389.7957,243.89418,2845188757,0.52917,0.84924,1
1784418389.8022,243.90068,2845253720,0.52143,0.85172,1
1784418389.8091,243.90758,2845322702,0.52942,0.85000,1
1784418389.8160,243.91451,2845391920,0.52987,0.85094,1
1784418389.8225,243.92097,2845456702,0.53944,0.84863,1
1784418389.8290,243.92746,2845521539,0.52247,0.85230,1
1784418389.8359,243.93437,2845590565,0.52207,0.85266,1
1784418389.8424,243.94086,2845655413,0.51995,0.85814,1
1784418389.8491,243.94754,2845722358,0.52510,0.85788,1
1784418389.8560,243.95447,2845791592,0.52554,0.85906,1
1784418389.8628,243.96126,2845859419,0.53228,0.85465,1
1784418389.8692,243.96765,2845923460,0.53851,0.87119,1
1784418389.8761,243.97458,2845992764,0.53836,0.86763,1
1784418389.8828,243.98129,2846059851,0.51502,0.85824,1
1784418389.8895,243.98796,2846126463,0.51827,0.86103,1
1784418389.8960,243.99443,2846191288,0.51732,0.85780,1
1784418389.9026,244.00111,2846258111,0.52694,0.85783,1
1784418389.9096,244.00806,2846327450,0.53376,0.86263,1
1784418389.9161,244.01453,2846392133,0.53420,0.86348,1
1784418389.9230,244.02145,2846461399,0.52406,0.85786,1
1784418389.9298,244.02824,2846529354,0.53485,0.86312,1
1784418389.9364,244.03485,2846595413,0.53450,0.86345,1
1784418389.9432,244.04169,2846663745,0.51641,0.86547,1
1784418389.9498,244.04831,2846729936,0.52528,0.85982,1
1784418389.9566,244.05510,2846797949,0.52619,0.86160,1
1784418389.9629,244.06140,2846860992,0.51735,0.87382,1
1784418389.9699,244.06834,2846930280,0.51691,0.87767,1
1784418389.9763,244.07481,2846994991,0.51692,0.87900,1
1784418389.9830,244.08151,2847062047,0.51340,0.86830,1
1784418389.9900,244.08850,2847131865,0.52873,0.87676,1
1784418389.9964,244.09491,2847195932,0.52912,0.87903,1
1784418390.0035,244.10201,2847266930,0.53082,0.87513,1
1784418390.0098,244.10829,2847329829,0.53388,0.87601,1
1784418390.0168,244.11522,2847399105,0.53355,0.87519,1
1784418390.0232,244.12170,2847463994,0.54124,0.91278,1
1784418390.0302,244.12862,2847533055,0.52225,0.92608,1
1784418390.0369,244.13535,2847600328,0.52265,0.92771,1
1784418390.0435,244.14201,2847667070,0.52077,0.97672,1
1784418390.0503,244.14873,2847734125,0.51789,1.05773,1
1784418390.0570,244.15549,2847801821,0.51721,1.05655,1
1784418390.0634,244.16188,2847865759,0.51721,1.05655,0
1784418390.0701,244.16858,2847932718,0.51721,1.05655,0
1784418390.0771,244.17558,2848002682,0.51721,1.05655,0
1784418390.0835,244.18198,2848066612,0.51721,1.05655,0
1784418390.0905,244.18892,2848136076,0.51721,1.05655,0
1784418390.0971,244.19560,2848203011,0.51721,1.05655,0
1784418390.1039,244.20241,2848271056,0.51721,1.05655,0
1784418390.1107,244.20915,2848338390,0.51721,1.05655,0
1784418390.1173,244.21574,2848404354,0.51721,1.05655,0
1784418390.1237,244.22217,2848468640,0.51721,1.05655,0
1784418390.1304,244.22890,2848535908,0.51721,1.05655,0
1784418390.1374,244.23587,2848605603,0.51721,1.05655,0
1784418390.1438,244.24226,2848669598,0.51721,1.05655,0
1784418390.1505,244.24899,2848736782,0.51721,1.05655,0
1784418390.1575,244.25595,2848806398,0.51721,1.05655,0
1784418390.1639,244.26239,2848870787,0.51721,1.05655,0
1784418390.1708,244.26929,2848939765,0.51721,1.05655,0
1784418390.1773,244.27579,2849004710,0.51721,1.05655,0
1784418390.1840,244.28249,2849071742,0.51721,1.05655,0
1784418390.1909,244.28940,2849140875,0.51721,1.05655,0
1784418390.1974,244.29587,2849205607,0.51721,1.05655,0
1784418390.2043,244.30278,2849274764,0.51721,1.05655,0
1784418390.2108,244.30927,2849339575,0.51721,1.05655,0
1784418390.2175,244.31598,2849406645,0.51721,1.05655,0
1784418390.2244,244.32291,2849476047,0.51721,1.05655,0
1784418390.2309,244.32935,2849540404,0.51721,1.05655,0
1784418390.2380,244.33646,2849611522,0.51721,1.05655,0
1784418390.2443,244.34276,2849674479,0.51721,1.05655,0
1784418390.2512,244.34967,2849743584,0.51721,1.05655,0
1784418390.2577,244.35614,2849808275,0.51721,1.05655,0
1784418390.2644,244.36287,2849875637,0.51721,1.05655,0
1784418390.2715,244.36995,2849946420,0.51721,1.05655,0
1784418390.2778,244.37624,2850009336,0.51721,1.05655,0
1784418390.2847,244.38316,2850078473,0.51721,1.05655,0
1784418390.2914,244.38988,2850145737,0.51721,1.05655,0
1784418390.2981,244.39658,2850212664,0.51721,1.05655,0
1784418390.3049,244.40340,2850280935,0.51721,1.05655,0
1784418390.3115,244.41000,2850346905,0.51721,1.05655,0
1784418390.3183,244.41679,2850414862,0.51721,1.05655,0
1784418390.3250,244.42342,2850481043,0.63691,1.14028,1
1784418390.3316,244.43005,2850547498,0.61593,1.11478,1
1784418390.3381,244.43652,2850612205,0.61613,1.11476,1
1784418390.3452,244.44363,2850683253,0.61996,1.10111,1
1784418390.3515,244.44992,2850746092,0.60994,1.07204,1
1784418390.3582,244.45662,2850813076,0.61019,1.07241,1
1784418390.3648,244.46330,2850879949,0.59373,1.08286,1
1784418390.3718,244.47023,2850949202,0.58822,1.06358,1
1784418390.3783,244.47673,2851014155,0.58811,1.06410,1
1784418390.3852,244.48363,2851083194,0.60047,1.06489,1
1784418390.3916,244.49011,2851148027,0.60119,1.05251,1
1784418390.3983,244.49680,2851214940,0.60119,1.05251,1
1784418390.4050,244.50349,2851281905,0.59251,1.04691,1
1784418390.4117,244.51021,2851348919,0.59352,1.03933,1
1784418390.4185,244.51692,2851416178,0.59367,1.03862,1
1784418390.4252,244.52362,2851483045,0.59007,1.03650,1
1784418390.4318,244.53029,2851549850,0.58221,1.01060,1
1784418390.4389,244.53741,2851621000,0.58221,1.01060,1
1784418390.4452,244.54369,2851683805,0.59740,1.00476,1
1784418390.4521,244.55061,2851753025,0.59451,1.00401,1
1784418390.4588,244.55731,2851820035,0.59438,1.00336,1
1784418390.4653,244.56378,2851884717,0.58984,0.99546,1
1784418390.4720,244.57047,2851951634,0.59219,0.98700,1
1784418390.4787,244.57719,2852018814,0.59249,0.98630,1
1784418390.4857,244.58415,2852088423,0.58789,0.97970,1
1784418390.4923,244.59081,2852154964,0.60180,0.98782,1
1784418390.4991,244.59761,2852223014,0.60201,0.98673,1
1784418390.5059,244.60440,2852290982,0.60239,0.97397,1
1784418390.5125,244.61098,2852356622,0.60659,0.98793,1
1784418390.5195,244.61794,2852426252,0.60659,0.98793,1
1784418390.5259,244.62434,2852490426,0.61799,0.97770,1
1784418390.5323,244.63078,2852554714,0.63315,0.96894,1
1784418390.5392,244.63771,2852624001,0.63367,0.96830,1
1784418390.5457,244.64418,2852688713,0.61829,0.96587,1
1784418390.5524,244.65088,2852755710,0.64236,0.96032,1
1784418390.5594,244.65787,2852825596,0.64293,0.95889,1
1784418390.5661,244.66461,2852893082,0.63272,0.94863,1
1784418390.5727,244.67117,2852958708,0.62761,0.94456,1
1784418390.5792,244.67766,2853023492,0.62761,0.94456,1
1784418390.5859,244.68437,2853090582,0.63315,0.95500,1
1784418390.5928,244.69131,2853160116,0.64371,0.95594,1
1784418390.5998,244.69829,2853229778,0.64371,0.95594,1
1784418390.6062,244.70467,2853293601,0.62996,0.95274,1
1784418390.6127,244.71115,2853358359,0.63209,0.95362,1
1784418390.6196,244.71806,2853427510,0.63161,0.95509,1
1784418390.6261,244.72455,2853492382,0.60698,0.95539,1
1784418390.6333,244.73172,2853564108,0.59533,0.95815,1
1784418390.6397,244.73816,2853628569,0.59480,0.96031,1
1784418390.6465,244.74501,2853697080,0.59081,0.96233,1
1784418390.6531,244.75159,2853762790,0.59723,0.96041,1
1784418390.6599,244.75839,2853830824,0.59671,0.96254,1
1784418390.6663,244.76474,2853894235,0.59649,0.94708,1
1784418390.6732,244.77165,2853963461,0.59871,0.94698,1
1784418390.6799,244.77835,2854030348,0.59882,0.94763,1
1784418390.6866,244.78510,2854097873,0.60848,0.94842,1
1784418390.6931,244.79155,2854162436,0.60862,0.94763,1
1784418390.6998,244.79825,2854229398,0.60862,0.94763,1
1784418390.7068,244.80530,2854299844,0.61699,0.95848,1
1784418390.7132,244.81168,2854363668,0.61682,0.94108,1
1784418390.7201,244.81854,2854432296,0.61765,0.93838,1
1784418390.7266,244.82503,2854497125,0.61830,0.93573,1
1784418390.7335,244.83194,2854566267,0.62400,0.93092,1
1784418390.7403,244.83875,2854634346,0.62520,0.92602,1
1784418390.7466,244.84511,2854698021,0.62752,0.93067,1
1784418390.7536,244.85204,2854767215,0.63138,0.92824,1
1784418390.7600,244.85851,2854832028,0.63138,0.92824,1
1784418390.7668,244.86522,2854899116,0.62219,0.93511,1
1784418390.7734,244.87190,2854965872,0.62451,0.93010,1
1784418390.7801,244.87860,2855032921,0.62451,0.93010,1
1784418390.7871,244.88554,2855102331,0.61414,0.92349,1
1784418390.7939,244.89240,2855170909,0.61206,0.92970,1
1784418390.8005,244.89893,2855236232,0.61167,0.93061,1
1784418390.8069,244.90540,2855300912,0.61755,0.93062,1
1784418390.8140,244.91249,2855371821,0.61725,0.93182,1
1784418390.8203,244.91881,2855434969,0.61614,0.93601,1
1784418390.8270,244.92549,2855501814,0.61639,0.94096,1
1784418390.8340,244.93243,2855571188,0.61404,0.94530,1
1784418390.8404,244.93890,2855635930,0.61337,0.94842,1
1784418390.8474,244.94582,2855705065,0.59757,0.93474,1
1784418390.8538,244.95229,2855769726,0.59387,0.94418,1
1784418390.8605,244.95897,2855836676,0.59387,0.94418,1
1784418390.8675,244.96593,2855906152,0.60100,0.94713,1
1784418390.8739,244.97240,2855970844,0.60003,0.94979,1
1784418390.8810,244.97942,2856041143,0.60036,0.94899,1
1784418390.8877,244.98621,2856108988,0.60217,0.93204,1
1784418390.8944,244.99290,2856175933,0.60617,0.93561,1
1784418390.9009,244.99940,2856240990,0.60617,0.93561,1
1784418390.9077,245.00618,2856308691,0.60390,0.93100,1
1784418390.9141,245.01256,2856372509,0.61662,0.93871,1
1784418390.9210,245.01949,2856441780,0.61628,0.94024,1
1784418390.9275,245.02596,2856506527,0.61912,0.93586,1
1784418390.9342,245.03267,2856573659,0.62234,0.93224,1
1784418390.9409,245.03935,2856640457,0.62277,0.93120,1
1784418390.9479,245.04633,2856710194,0.60385,0.91684,1
1784418390.9545,245.05299,2856776809,0.61061,0.91566,1
1784418390.9610,245.05946,2856841495,0.61154,0.91013,1
1784418390.9679,245.06638,2856910681,0.62091,0.91852,1
1784418390.9744,245.07288,2856975635,0.63234,0.90811,1
1784418390.9811,245.07954,2857042390,0.63280,0.90558,1
1784418390.9880,245.08647,2857111602,0.62194,0.90504,1
1784418390.9947,245.09317,2857178614,0.62436,0.90521,1
1784418391.0012,245.09966,2857243433,0.62356,0.90959,1
1784418391.0079,245.10634,2857310369,0.62812,0.91133,1
1784418391.0146,245.11304,2857377320,0.63721,0.90153,1
1784418391.0215,245.11996,2857446504,0.63673,0.90330,1
1784418391.0280,245.12643,2857511301,0.64405,0.91382,1
1784418391.0347,245.13313,2857578258,0.65021,0.90629,1
1784418391.0416,245.14011,2857647936,0.65044,0.90459,1
1784418391.0481,245.14653,2857712180,0.62416,0.90076,1
1784418391.0550,245.15347,2857781625,0.62833,0.88375,1
1784418391.0615,245.15994,2857846310,0.62833,0.88375,1
1784418391.0682,245.16664,2857913251,0.63149,0.88917,1
1784418391.0753,245.17377,2857984545,0.63271,0.88507,1
1784418391.0818,245.18028,2858049727,0.63266,0.88619,1
1784418391.0885,245.18695,2858116385,0.63614,0.88726,1
1784418391.0950,245.19344,2858181330,0.63500,0.88806,1
1784418391.1017,245.20013,2858248287,0.63498,0.88902,1
1784418391.1086,245.20706,2858317500,0.63236,0.89071,1
1784418391.1151,245.21352,2858382005,0.64047,0.90070,1
1784418391.1220,245.22043,2858451227,0.64055,0.90045,1
1784418391.1284,245.22690,2858515952,0.63569,0.89671,1
1784418391.1352,245.23363,2858583166,0.63388,0.89833,1
1784418391.1421,245.24060,2858652984,0.63438,0.89562,1
1784418391.1490,245.24744,2858721340,0.63232,0.89577,1
1784418391.1555,245.25395,2858786383,0.63498,0.89869,1
1784418391.1622,245.26064,2858853218,0.63508,0.89795,1
1784418391.1689,245.26735,2858920473,0.63726,0.88399,1
1784418391.1757,245.27417,2858988666,0.63533,0.88369,1
1784418391.1823,245.28072,2859054141,0.63486,0.88559,1
1784418391.1887,245.28720,2859118907,0.64022,0.88852,1
1784418391.1954,245.29390,2859185877,0.63260,0.89992,1
1784418391.2024,245.30087,2859255624,0.63301,0.89886,1
1784418391.2090,245.30751,2859322076,0.62500,0.88102,1
1784418391.2157,245.31421,2859388976,0.62475,0.87970,1
1784418391.2222,245.32069,2859453847,0.62512,0.87779,1
1784418391.2289,245.32738,2859520727,0.61583,0.87798,1
1784418391.2359,245.33432,2859590071,0.61726,0.87989,1
1784418391.2427,245.34114,2859658321,0.61696,0.88273,1
1784418391.2493,245.34772,2859724128,0.62520,0.89004,1
1784418391.2561,245.35452,2859792213,0.62561,0.89250,1
1784418391.2627,245.36116,2859858472,0.62522,0.89434,1
1784418391.2694,245.36789,2859925821,0.63597,0.88526,1
1784418391.2758,245.37428,2859989686,0.63806,0.88520,1
1784418391.2829,245.38141,2860061012,0.63855,0.88330,1
1784418391.2892,245.38768,2860123753,0.64972,0.86725,1
1784418391.2961,245.39461,2860193044,0.64688,0.87228,1
1784418391.3030,245.40146,2860261459,0.64704,0.87036,1
1784418391.3096,245.40804,2860327249,0.62443,0.87103,1
1784418391.3160,245.41447,2860391688,0.62416,0.88397,1
1784418391.3227,245.42117,2860458644,0.62379,0.88585,1
1784418391.3296,245.42809,2860527825,0.62506,0.88619,1
1784418391.3363,245.43478,2860594820,0.61782,0.89192,1
1784418391.3430,245.44151,2860662013,0.61782,0.89192,1
1784418391.3495,245.44795,2860726473,0.62465,0.88568,1
1784418391.3564,245.45491,2860796079,0.61751,0.88889,1
1784418391.3632,245.46162,2860863084,0.61763,0.89061,1
1784418391.3696,245.46805,2860927452,0.62752,0.88497,1
1784418391.3763,245.47476,2860994503,0.63561,0.89174,1
1784418391.3833,245.48172,2861064170,0.63561,0.89174,1
1784418391.3897,245.48814,2861128307,0.62411,0.88587,1
1784418391.3966,245.49506,2861197538,0.65594,0.89332,1
1784418391.4031,245.50154,2861262289,0.65594,0.89332,1
1784418391.4098,245.50822,2861329127,0.64096,0.89313,1
1784418391.4167,245.51515,2861398451,0.63584,0.89035,1
1784418391.4232,245.52162,2861463186,0.63684,0.88636,1
1784418391.4299,245.52835,2861530400,0.63311,0.88624,1
1784418391.4369,245.53534,2861600280,0.62688,0.87853,1
1784418391.4435,245.54195,2861666443,0.62686,0.87678,1
1784418391.4503,245.54877,2861734600,0.62957,0.87373,1
1784418391.4567,245.55516,2861798461,0.63343,0.86936,1
1784418391.4637,245.56215,2861868354,0.63248,0.87360,1
1784418391.4701,245.56860,2861932921,0.63701,0.88491,1
1784418391.4771,245.57555,2862002388,0.63890,0.88998,1
1784418391.4836,245.58202,2862067135,0.63879,0.89116,1
1784418391.4902,245.58862,2862133077,0.62344,0.89577,1
1784418391.4971,245.59558,2862202756,0.62556,0.90213,1
1784418391.5036,245.60202,2862267087,0.62558,0.90306,1
1784418391.5103,245.60872,2862334125,0.62910,0.91769,1
1784418391.5175,245.61597,2862406547,0.62781,0.89712,1
1784418391.5239,245.62238,2862470714,0.62786,0.89686,1
1784418391.5306,245.62903,2862537183,0.63004,0.87190,1
1784418391.5373,245.63573,2862604177,0.62492,0.87679,1
1784418391.5437,245.64220,2862668952,0.62492,0.87679,1
1784418391.5504,245.64891,2862735945,0.62911,0.88439,1
1784418391.5574,245.65591,2862806032,0.62879,0.88164,1
