PC_TIME,TIME,TIME_TICK,LPOGX,LPOGY,LPOGV,RPOGX,RPOGY,RPOGV,BPOGX,BPOGY,BPOGV
1789335176.3942,264.10269,12071251515,0.46185,0.07404,1,0.47980,0.09560,1,0.47082,0.08482,1
1789335176.4011,264.10956,12071320248,0.45980,0.13152,1,0.48457,0.11673,1,0.47219,0.12413,1
1789335176.4076,264.11603,12071384936,0.46245,0.15989,1,0.48445,0.13715,1,0.47345,0.14852,1
1789335176.4143,264.12277,12071452336,0.46642,0.18176,1,0.46635,0.13413,1,0.46639,0.15794,1
1789335176.4213,264.12973,12071521695,0.46407,0.18809,1,0.44863,0.14080,1,0.45635,0.16445,1
1789335176.4277,264.13617,12071586073,0.46409,0.18830,1,0.44864,0.14102,1,0.45636,0.16466,1
1789335176.4347,264.14322,12071656780,0.45879,0.18725,1,0.44072,0.12258,1,0.44975,0.15492,1
1789335176.4411,264.14954,12071719968,0.44232,0.12182,1,0.45490,0.16949,1,0.44861,0.14565,1
1789335176.4480,264.15646,12071789163,0.44232,0.12182,1,0.45490,0.16949,1,0.44861,0.14565,1
1789335176.4545,264.16296,12071854088,0.43557,0.07332,1,0.43742,0.11934,1,0.43650,0.09633,1
1789335176.4612,264.16965,12071920933,0.45360,0.08442,1,0.43529,0.13498,1,0.44444,0.10970,1
1789335176.4681,264.17654,12071990105,0.45267,0.07451,1,0.43492,0.12538,1,0.44380,0.09995,1
1789335176.4746,264.18304,12072054984,0.44943,0.06722,1,0.43887,0.11272,1,0.44415,0.08997,1
1789335176.4815,264.18994,12072124065,0.44476,0.05080,1,0.43556,0.10191,1,0.44016,0.07636,1
1789335176.4882,264.19672,12072191736,0.44379,0.04084,1,0.43520,0.09228,1,0.43950,0.06656,1
1789335176.4946,264.20312,12072255910,0.45046,0.04875,1,0.44103,0.06733,1,0.44574,0.05804,1
1789335176.5017,264.21021,12072326609,0.44432,0.04787,1,0.44263,0.06333,1,0.44347,0.05560,1
1789335176.5080,264.21652,12072389871,0.44529,0.05777,1,0.44292,0.07321,1,0.44410,0.06549,1
1789335176.5150,264.22345,12072458959,0.44909,0.06744,1,0.43859,0.08537,1,0.44384,0.07640,1
1789335176.5214,264.22992,12072523792,0.42422,0.07982,1,0.44366,0.09685,1,0.43394,0.08834,1
1789335176.5282,264.23663,12072590821,0.42538,0.08972,1,0.44395,0.10670,1,0.43467,0.09821,1
1789335176.5351,264.24362,12072660825,0.42425,0.08235,1,0.43754,0.10945,1,0.43089,0.09590,1
1789335176.5416,264.25003,12072724724,0.42359,0.13218,1,0.43660,0.10740,1,0.43010,0.11979,1
1789335176.5485,264.25696,12072794057,0.42242,0.12266,1,0.43625,0.09756,1,0.42933,0.11011,1
1789335176.5550,264.26343,12072858750,0.43924,0.11194,1,0.43545,0.09255,1,0.43735,0.10225,1
1789335176.5616,264.27011,12072925653,0.43798,0.10414,1,0.43693,0.08149,1,0.43746,0.09282,1
1789335176.5687,264.27722,12072996621,0.43798,0.10414,1,0.43693,0.08149,1,0.43746,0.09282,1
1789335176.5751,264.28354,12073059841,0.45425,0.08385,1,0.43387,0.09369,1,0.44406,0.08877,1
1789335176.5820,264.29044,12073128811,0.44742,0.08945,1,0.43204,0.10506,1,0.43973,0.09725,1
1789335176.5887,264.29721,12073196694,0.44840,0.09923,1,0.43281,0.12438,1,0.44060,0.11181,1
1789335176.5951,264.30362,12073260816,0.44538,0.12254,1,0.42809,0.12790,1,0.43674,0.12522,1
1789335176.6021,264.31058,12073330245,0.45198,0.10224,1,0.45220,0.14570,1,0.45209,0.12397,1
1789335176.6085,264.31702,12073394739,0.45292,0.11194,1,0.45220,0.14570,1,0.45256,0.12882,1
1789335176.6154,264.32391,12073463703,0.44631,0.10640,1,0.44511,0.13871,1,0.44571,0.12255,1
1789335176.6219,264.33038,12073528455,0.44643,0.09664,1,0.44257,0.12454,1,0.44450,0.11059,1
1789335176.6286,264.33710,12073595529,0.44545,0.08689,1,0.44227,0.11499,1,0.44386,0.10094,1
1789335176.6356,264.34406,12073665136,0.44121,0.08706,1,0.45051,0.11982,1,0.44586,0.10344,1
1789335176.6420,264.35049,12073729469,0.44447,0.08179,1,0.44524,0.12691,1,0.44485,0.10435,1
1789335176.6487,264.35718,12073796445,0.44447,0.08179,1,0.44524,0.12691,1,0.44485,0.10435,1
1789335176.6557,264.36414,12073865878,0.44215,0.09365,1,0.44185,0.11979,1,0.44200,0.10672,1
1789335176.6621,264.37061,12073930498,0.43782,0.10201,1,0.44265,0.13049,1,0.44023,0.11625,1
1789335176.6688,264.37729,12073997476,0.43676,0.09223,1,0.44235,0.12085,1,0.43955,0.10654,1
1789335176.6757,264.38422,12074066762,0.45202,0.10465,1,0.46031,0.11007,1,0.45616,0.10736,1
1789335176.6822,264.39072,12074131720,0.46529,0.09696,1,0.46106,0.10247,1,0.46318,0.09972,1
1789335176.6892,264.39764,12074200993,0.46529,0.09696,1,0.46120,0.11189,1,0.46324,0.10443,1
1789335176.6956,264.40408,12074265360,0.51143,0.13576,1,0.50578,0.13910,1,0.50860,0.13743,1
1789335176.7025,264.41101,12074334493,0.51394,0.15091,1,0.54828,0.16628,1,0.53111,0.15859,1
1789335176.7093,264.41776,12074402161,0.51483,0.16935,1,0.54767,0.17581,1,0.53125,0.17258,1
1789335176.7158,264.42426,12074467227,0.55424,0.13355,1,0.56694,0.16050,1,0.56059,0.14703,1
1789335176.7226,264.43112,12074535729,0.57396,0.16923,1,0.58598,0.15504,1,0.57997,0.16213,1
1789335176.7291,264.43759,12074600297,0.57409,0.14048,1,0.58800,0.13442,1,0.58104,0.13745,1
1789335176.7360,264.44449,12074669395,0.56659,0.08359,1,0.58062,0.12813,1,0.57361,0.10586,1
1789335176.7427,264.45120,12074736547,0.57467,0.09873,1,0.58696,0.11113,1,0.58081,0.10493,1
1789335176.7492,264.45770,12074801509,0.57472,0.08782,1,0.58803,0.09986,1,0.58138,0.09384,1
1789335176.7561,264.46457,12074870320,0.57032,0.08748,1,0.59215,0.09555,1,0.58123,0.09152,1
1789335176.7626,264.47107,12074935175,0.57265,0.09503,1,0.59455,0.09593,1,0.58360,0.09548,1
1789335176.7693,264.47775,12075002140,0.57261,0.10575,1,0.59344,0.10702,1,0.58303,0.10639,1
1789335176.7762,264.48471,12075071716,0.57220,0.14870,1,0.59433,0.10327,1,0.58327,0.12599,1
1789335176.7827,264.49118,12075136211,0.57603,0.15108,1,0.59432,0.12084,1,0.58518,0.13596,1
1789335176.7894,264.49789,12075203320,0.57597,0.16156,1,0.59414,0.12256,1,0.58506,0.14206,1
1789335176.7961,264.50455,12075269946,0.57573,0.15480,1,0.59520,0.11328,1,0.58546,0.13404,1
1789335176.8030,264.51147,12075339320,0.56548,0.14596,1,0.59919,0.10176,1,0.58233,0.12386,1
1789335176.8098,264.51825,12075407132,0.56545,0.13710,1,0.60019,0.09228,1,0.58282,0.11469,1
1789335176.8162,264.52469,12075471434,0.56953,0.12111,1,0.60002,0.08928,1,0.58478,0.10520,1
1789335176.8232,264.53165,12075540876,0.57209,0.13226,1,0.59756,0.08114,1,0.58483,0.10670,1
1789335176.8295,264.53802,12075604917,0.57209,0.13226,1,0.59756,0.08114,1,0.58483,0.10670,1
1789335176.8363,264.54474,12075672031,0.56760,0.12651,1,0.59753,0.07657,1,0.58257,0.10154,1
1789335176.8433,264.55173,12075741743,0.57163,0.12922,1,0.59668,0.07492,1,0.58416,0.10207,1
1789335176.8497,264.55814,12075806021,0.57163,0.12922,1,0.59668,0.07492,1,0.58416,0.10207,1
1789335176.8567,264.56522,12075876624,0.57097,0.12074,1,0.59965,0.07841,1,0.58531,0.09958,1
1789335176.8631,264.57153,12075939937,0.57235,0.11413,1,0.59867,0.15454,1,0.58551,0.13433,1
1789335176.8698,264.57825,12076006988,0.57235,0.11413,1,0.59867,0.15454,1,0.58551,0.13433,1
1789335176.8767,264.58521,12076076446,0.57435,0.10825,1,0.57858,0.10734,1,0.57647,0.10780,1
1789335176.8832,264.59164,12076140866,0.57569,0.10666,1,0.57740,0.14677,1,0.57655,0.12671,1
1789335176.8901,264.59860,12076210584,0.57569,0.10666,1,0.57740,0.14677,1,0.57655,0.12671,1
1789335176.8966,264.60504,12076274834,0.57336,0.11234,1,0.58118,0.10905,1,0.57727,0.11070,1
1789335176.9032,264.61172,12076341858,0.57208,0.10793,1,0.57998,0.10564,1,0.57603,0.10678,1
1789335176.9102,264.61865,12076411022,0.57208,0.10793,1,0.57998,0.10564,1,0.57603,0.10678,1
1789335176.9166,264.62512,12076475715,0.57822,0.09983,1,0.58116,0.10582,1,0.57969,0.10283,1
1789335176.9236,264.63205,12076544879,0.57871,0.10781,1,0.58429,0.10901,1,0.58150,0.10841,1
1789335176.9304,264.63889,12076613486,0.57880,0.09716,1,0.58531,0.09798,1,0.58206,0.09757,1
1789335176.9367,264.64520,12076676519,0.58136,0.07883,1,0.56335,0.04648,1,0.57236,0.06265,1
1789335176.9437,264.65216,12076746154,0.58003,0.07078,1,0.56387,0.04063,1,0.57195,0.05570,1
1789335176.9504,264.65884,12076812945,0.58013,0.06008,1,0.56467,0.02927,1,0.57240,0.04468,1
1789335176.9571,264.66553,12076879904,0.58207,0.06601,1,0.56791,0.03360,1,0.57499,0.04981,1
1789335176.9635,264.67200,12076944620,0.58491,0.07186,1,0.56551,0.03760,1,0.57521,0.05473,1
1789335176.9702,264.67871,12077011771,0.58491,0.07186,1,0.56551,0.03760,1,0.57521,0.05473,1
1789335176.9773,264.68573,12077081683,0.58340,0.08313,1,0.56309,0.05359,1,0.57325,0.06836,1
1789335176.9836,264.69211,12077145707,0.58303,0.04891,1,0.56013,0.05680,1,0.57158,0.05286,1
1789335176.9906,264.69904,12077214771,0.58303,0.04891,1,0.56013,0.05680,1,0.57158,0.05286,1
1789335176.9973,264.70578,12077282233,0.58181,0.05831,1,0.58293,0.05206,1,0.58237,0.05518,1
1789335177.0037,264.71219,12077346389,0.57644,0.06050,1,0.58053,0.05878,1,0.57849,0.05964,1
1789335177.0106,264.71912,12077415746,0.57644,0.06050,1,0.58053,0.05878,1,0.57849,0.05964,1
1789335177.0171,264.72562,12077480608,0.57446,0.07427,1,0.57917,0.07168,1,0.57681,0.07298,1
1789335177.0238,264.73227,12077547311,0.57662,0.04276,1,0.58014,0.08286,1,0.57838,0.06281,1
1789335177.0308,264.73926,12077617061,0.57662,0.04276,1,0.58014,0.08286,1,0.57838,0.06281,1
1789335177.0372,264.74570,12077681612,0.59168,0.04740,1,0.58513,0.08225,1,0.58840,0.06482,1
1789335177.0442,264.75272,12077751577,0.60270,0.06919,1,0.59890,0.10433,1,0.60080,0.08676,1
1789335177.0506,264.75909,12077815483,0.60241,0.07977,1,0.59684,0.12403,1,0.59962,0.10190,1
1789335177.0575,264.76602,12077884601,0.60451,0.10221,1,0.56635,0.07634,1,0.58543,0.08928,1
1789335177.0640,264.77249,12077949425,0.60169,0.12453,1,0.57031,0.09337,1,0.58600,0.10895,1
1789335177.0707,264.77917,12078016352,0.60114,0.14398,1,0.56865,0.11432,1,0.58489,0.12915,1
1789335177.0778,264.78625,12078086965,0.60100,0.16255,1,0.56960,0.12518,1,0.58530,0.14386,1
1789335177.0841,264.79260,12078150456,0.60114,0.16745,1,0.56659,0.12272,1,0.58387,0.14508,1
1789335177.0911,264.79956,12078219984,0.60114,0.16745,1,0.56659,0.12272,1,0.58387,0.14508,1
1789335177.0975,264.80600,12078284402,0.60181,0.16582,1,0.56929,0.12824,1,0.58555,0.14703,1
1789335177.1042,264.81271,12078351701,0.60099,0.16498,1,0.57518,0.12639,1,0.58809,0.14568,1
1789335177.1112,264.81970,12078421504,0.60099,0.16498,1,0.57518,0.12639,1,0.58809,0.14568,1
1789335177.1176,264.82608,12078485352,0.57880,0.16242,1,0.57179,0.11896,1,0.57529,0.14069,1
1789335177.1245,264.83301,12078554501,0.58314,0.15645,1,0.57218,0.12564,1,0.57766,0.14104,1
1789335177.1312,264.83972,12078621662,0.58302,0.16557,1,0.57136,0.13537,1,0.57719,0.15047,1
1789335177.1377,264.84616,12078686104,0.59490,0.16527,1,0.58200,0.13776,1,0.58845,0.15152,1
1789335177.1447,264.85321,12078756699,0.58941,0.16348,1,0.57957,0.18126,1,0.58449,0.17237,1
1789335177.1511,264.85956,12078820191,0.58941,0.16348,1,0.57957,0.18126,1,0.58449,0.17237,1
1789335177.1580,264.86649,12078889263,0.59096,0.15495,1,0.58028,0.20078,1,0.58562,0.17786,1
1789335177.1645,264.87296,12078954110,0.59546,0.13904,1,0.58609,0.18691,1,0.59077,0.16298,1
1789335177.1712,264.87964,12079020886,0.59546,0.13904,1,0.58701,0.17784,1,0.59123,0.15844,1
1789335177.1782,264.88669,12079091482,0.59597,0.13572,1,0.58900,0.16827,1,0.59249,0.15200,1
1789335177.1846,264.89307,12079155244,0.57648,0.13248,1,0.58808,0.16809,1,0.58228,0.15028,1
1789335177.1915,264.89999,12079224441,0.57648,0.13269,1,0.58806,0.16831,1,0.58227,0.15050,1
1789335177.1980,264.90643,12079288999,0.57699,0.11764,1,0.58696,0.16482,1,0.58197,0.14123,1
1789335177.2047,264.91315,12079356049,0.57406,0.17414,1,0.58994,0.16361,1,0.58200,0.16887,1
1789335177.2116,264.92007,12079425155,0.57406,0.17414,1,0.58994,0.16361,1,0.58200,0.16887,1
1789335177.2181,264.92654,12079489892,0.57721,0.16214,1,0.59505,0.16687,1,0.58613,0.16450,1
1789335177.2248,264.93326,12079557202,0.58148,0.15943,1,0.59421,0.16213,1,0.58785,0.16078,1
1789335177.2317,264.94019,12079626350,0.58170,0.13982,1,0.59637,0.14182,1,0.58904,0.14082,1
1789335177.2381,264.94662,12079690903,0.58578,0.11464,1,0.60646,0.11599,1,0.59612,0.11532,1
1789335177.2451,264.95355,12079760037,0.58098,0.11303,1,0.60847,0.10849,1,0.59473,0.11076,1
1789335177.2518,264.96030,12079827593,0.58118,0.09364,1,0.61076,0.08829,1,0.59597,0.09097,1
1789335177.2583,264.96674,12079891864,0.58982,0.04314,1,0.59044,0.09364,1,0.59013,0.06839,1
1789335177.2652,264.97369,12079961579,0.56584,0.07137,1,0.55018,0.08089,1,0.55801,0.07613,1
1789335177.2719,264.98035,12080028074,0.56587,0.08198,1,0.54951,0.09175,1,0.55769,0.08687,1
1789335177.2786,264.98706,12080095163,0.49365,0.10451,1,0.49397,0.12302,1,0.49381,0.11376,1
1789335177.2851,264.99353,12080159720,0.47646,0.11721,1,0.49580,0.08818,1,0.48613,0.10270,1
1789335177.2918,265.00024,12080226936,0.47800,0.13698,1,0.49548,0.10886,1,0.48674,0.12292,1
1789335177.2987,265.00714,12080296013,0.43317,0.14617,1,0.45356,0.08498,1,0.44336,0.11557,1
1789335177.3055,265.01395,12080363850,0.42924,0.15102,1,0.45011,0.09212,1,0.43967,0.12157,1
1789335177.3118,265.02032,12080427837,0.43036,0.16029,1,0.45034,0.10201,1,0.44035,0.13115,1
1789335177.3188,265.02728,12080497375,0.43462,0.16135,1,0.45298,0.10796,1,0.44380,0.13466,1
1789335177.3256,265.03409,12080565289,0.42700,0.16529,1,0.45453,0.11564,1,0.44076,0.14047,1
1789335177.3319,265.04041,12080628555,0.42700,0.16529,1,0.45472,0.12519,1,0.44086,0.14524,1
1789335177.3389,265.04736,12080698086,0.43276,0.17071,1,0.45641,0.12483,1,0.44458,0.14777,1
1789335177.3453,265.05380,12080762689,0.42753,0.17873,1,0.45458,0.14022,1,0.44105,0.15948,1
1789335177.3523,265.06076,12080832075,0.42867,0.18778,1,0.45458,0.14022,1,0.44162,0.16400,1
1789335177.3588,265.06723,12080896808,0.45547,0.18004,1,0.45060,0.14562,1,0.45303,0.16283,1
1789335177.3657,265.07413,12080965782,0.45204,0.17764,1,0.45366,0.12979,1,0.45285,0.15371,1
1789335177.3723,265.08081,12081032752,0.45110,0.16861,1,0.45346,0.12028,1,0.45228,0.14444,1
1789335177.3788,265.08731,12081097587,0.44521,0.16203,1,0.45332,0.12069,1,0.44926,0.14136,1
1789335177.3855,265.09399,12081164395,0.44265,0.16135,1,0.44855,0.12313,1,0.44560,0.14224,1
1789335177.3925,265.10095,12081233902,0.44265,0.16135,1,0.44855,0.12313,1,0.44560,0.14224,1
1789335177.3992,265.10764,12081300756,0.46098,0.16370,1,0.44852,0.11701,1,0.45475,0.14035,1
1789335177.4056,265.11411,12081365525,0.45967,0.16363,1,0.44599,0.12664,1,0.45283,0.14513,1
1789335177.4126,265.12106,12081435117,0.45879,0.15443,1,0.44572,0.11696,1,0.45225,0.13570,1
1789335177.4190,265.12750,12081499479,0.44891,0.14234,1,0.43603,0.10007,1,0.44247,0.12120,1
1789335177.4257,265.13419,12081566505,0.45196,0.14145,1,0.43406,0.08717,1,0.44301,0.11431,1
1789335177.4327,265.14117,12081636166,0.45196,0.14145,1,0.43364,0.07617,1,0.44280,0.10881,1
1789335177.4391,265.14761,12081700517,0.44138,0.14655,1,0.45085,0.07663,1,0.44611,0.11159,1
1789335177.4460,265.15451,12081769773,0.44180,0.14636,1,0.44914,0.07569,1,0.44547,0.11103,1
1789335177.4525,265.16098,12081834446,0.44255,0.15317,1,0.44932,0.08298,1,0.44594,0.11808,1
1789335177.4592,265.16772,12081901691,0.44028,0.10903,1,0.44836,0.09758,1,0.44432,0.10330,1
1789335177.4663,265.17474,12081971881,0.43770,0.11915,1,0.43540,0.10780,1,0.43655,0.11348,1
1789335177.4726,265.18106,12082035228,0.43770,0.11915,1,0.43540,0.10780,1,0.43655,0.11348,1
1789335177.4795,265.18802,12082104678,0.45551,0.12589,1,0.44041,0.10356,1,0.44796,0.11473,1
1789335177.4860,265.19449,12082169382,0.45614,0.10820,1,0.43693,0.06390,1,0.44654,0.08605,1
1789335177.4927,265.20117,12082236326,0.45537,0.09998,1,0.43735,0.07608,1,0.44636,0.08803,1
1789335177.4997,265.20822,12082306877,0.45175,0.12723,1,0.43680,0.09474,1,0.44428,0.11099,1
1789335177.5061,265.21457,12082370289,0.44945,0.15741,1,0.43473,0.11894,1,0.44209,0.13818,1
1789335177.5131,265.22156,12082439970,0.45149,0.17686,1,0.43552,0.13976,1,0.44351,0.15831,1
1789335177.5197,265.22818,12082506334,0.44474,0.18879,1,0.44586,0.18241,1,0.44530,0.18560,1
1789335177.5264,265.23489,12082573558,0.47184,0.19701,1,0.45334,0.18503,1,0.46259,0.19102,1
1789335177.5329,265.24136,12082638125,0.47102,0.18780,1,0.45291,0.16626,1,0.46197,0.17703,1
1789335177.5396,265.24808,12082705188,0.47030,0.12945,1,0.47717,0.15855,1,0.47374,0.14400,1
1789335177.5465,265.25500,12082774718,0.47651,0.13909,1,0.48989,0.13786,1,0.48320,0.13847,1
1789335177.5530,265.26144,12082838992,0.47578,0.12998,1,0.48989,0.13786,1,0.48284,0.13392,1
1789335177.5599,265.26837,12082908232,0.48404,0.15407,1,0.49216,0.16275,1,0.48810,0.15841,1
1789335177.5666,265.27512,12082975572,0.48991,0.16846,1,0.46519,0.17815,1,0.47755,0.17331,1
1789335177.5733,265.28177,12083042357,0.49119,0.18665,1,0.46541,0.19672,1,0.47830,0.19169,1
1789335177.5800,265.28848,12083109288,0.48696,0.19886,1,0.47502,0.20627,1,0.48099,0.20257,1
1789335177.5865,265.29495,12083174071,0.49411,0.18149,1,0.47682,0.19840,1,0.48547,0.18994,1
1789335177.5932,265.30164,12083240957,0.49348,0.17216,1,0.47680,0.17985,1,0.48514,0.17600,1
1789335177.6001,265.30859,12083310475,0.47670,0.16300,1,0.48539,0.15828,1,0.48105,0.16064,1
1789335177.6068,265.31528,12083377188,0.47883,0.14460,1,0.48691,0.14496,1,0.48287,0.14478,1
1789335177.6133,265.32175,12083441864,0.47813,0.13555,1,0.48698,0.13581,1,0.48256,0.13568,1
1789335177.6202,265.32864,12083511083,0.45635,0.13028,1,0.46495,0.14977,1,0.46065,0.14002,1
1789335177.6267,265.33514,12083575897,0.45868,0.14378,1,0.46844,0.16206,1,0.46356,0.15292,1
1789335177.6336,265.34210,12083645398,0.45957,0.15308,1,0.46852,0.17136,1,0.46404,0.16222,1
1789335177.6401,265.34854,12083709879,0.46695,0.15327,1,0.47844,0.16647,1,0.47269,0.15987,1
1789335177.6467,265.35522,12083776906,0.47490,0.15408,1,0.47863,0.17211,1,0.47676,0.16310,1
1789335177.6537,265.36215,12083846018,0.47414,0.14481,1,0.47864,0.16282,1,0.47639,0.15381,1
1789335177.6602,265.36865,12083911030,0.47437,0.13183,1,0.47422,0.15454,1,0.47429,0.14319,1
1789335177.6671,265.37561,12083980573,0.47235,0.11670,1,0.48305,0.15074,1,0.47770,0.13372,1
1789335177.6738,265.38229,12084047477,0.47235,0.11670,1,0.48305,0.15074,1,0.47770,0.13372,1
1789335177.6802,265.38870,12084111650,0.47512,0.13145,1,0.48873,0.13101,1,0.48193,0.13123,1
1789335177.6872,265.39569,12084181568,0.47999,0.15006,1,0.47769,0.17572,1,0.47884,0.16289,1
1789335177.6937,265.40213,12084245898,0.48070,0.15928,1,0.47769,0.18490,1,0.47919,0.17209,1
1789335177.7006,265.40903,12084314927,0.49227,0.14617,1,0.49266,0.18410,1,0.49247,0.16514,1
1789335177.7073,265.41574,12084382055,0.49303,0.15747,1,0.48624,0.18158,1,0.48964,0.16953,1
1789335177.7138,265.42224,12084446812,0.49303,0.15747,1,0.48624,0.18158,1,0.48964,0.16953,1
1789335177.7207,265.42917,12084516106,0.48756,0.14024,1,0.46803,0.17780,1,0.47779,0.15902,1
1789335177.7273,265.43582,12084582791,0.48960,0.14006,1,0.47031,0.16950,1,0.47995,0.15478,1
1789335177.7341,265.44254,12084649802,0.48896,0.13068,1,0.47031,0.16929,1,0.47963,0.14998,1
1789335177.7408,265.44931,12084717503,0.48627,0.16418,1,0.47588,0.17237,1,0.48108,0.16828,1
1789335177.7472,265.45569,12084781559,0.48694,0.15937,1,0.47621,0.16742,1,0.48157,0.16340,1
1789335177.7541,265.46262,12084850717,0.48692,0.15917,1,0.47619,0.15809,1,0.48156,0.15863,1
1789335177.7606,265.46912,12084915774,0.48763,0.15403,1,0.47473,0.14211,1,0.48118,0.14807,1
1789335177.7673,265.47580,12084982499,0.49010,0.14926,1,0.47661,0.14392,1,0.48335,0.14659,1
1789335177.7743,265.48273,12085051845,0.48948,0.14033,1,0.47660,0.13484,1,0.48304,0.13759,1
1789335177.7807,265.48920,12085116425,0.46579,0.13617,1,0.47029,0.12243,1,0.46804,0.12930,1
1789335177.7874,265.49591,12085183578,0.47073,0.12964,1,0.47437,0.13240,1,0.47255,0.13102,1
1789335177.7944,265.50284,12085252840,0.47073,0.12964,1,0.47434,0.12190,1,0.47254,0.12577,1
1789335177.8008,265.50931,12085317473,0.46544,0.12277,1,0.47448,0.10497,1,0.46996,0.11387,1
1789335177.8077,265.51620,12085386712,0.46465,0.11385,1,0.47698,0.09808,1,0.47081,0.10596,1
1789335177.8145,265.52298,12085454221,0.46375,0.10355,1,0.47698,0.09808,1,0.47036,0.10081,1
1789335177.8211,265.52960,12085520561,0.48495,0.10735,1,0.47178,0.11523,1,0.47837,0.11129,1
1789335177.8279,265.53635,12085588101,0.48408,0.11814,1,0.46985,0.12859,1,0.47697,0.12337,1
1789335177.8343,265.54279,12085652366,0.48482,0.12838,1,0.46993,0.13902,1,0.47737,0.13370,1
1789335177.8413,265.54980,12085722614,0.48223,0.10874,1,0.48006,0.10341,1,0.48115,0.10607,1
1789335177.8477,265.55621,12085786549,0.48193,0.10795,1,0.48468,0.11489,1,0.48331,0.11142,1
1789335177.8548,265.56323,12085856713,0.48261,0.11729,1,0.48462,0.12435,1,0.48362,0.12082,1
1789335177.8613,265.56979,12085922483,0.47997,0.14298,1,0.48415,0.10827,1,0.48206,0.12563,1
1789335177.8681,265.57654,12085989910,0.47892,0.15839,1,0.48023,0.11984,1,0.47957,0.13912,1
1789335177.8745,265.58298,12086054252,0.47892,0.15839,1,0.48023,0.11984,1,0.47957,0.13912,1
1789335177.8812,265.58969,12086121518,0.47016,0.11854,1,0.46904,0.11956,1,0.46960,0.11905,1
1789335177.8882,265.59665,12086190928,0.46654,0.11461,1,0.46887,0.11693,1,0.46770,0.11577,1
1789335177.8946,265.60306,12086255251,0.46654,0.11461,1,0.46887,0.11693,1,0.46770,0.11577,1
1789335177.9016,265.61008,12086325434,0.46104,0.12858,1,0.46347,0.12335,1,0.46226,0.12596,1
1789335177.9080,265.61646,12086389146,0.46451,0.13979,1,0.46244,0.13644,1,0.46348,0.13812,1
1789335177.9149,265.62338,12086458318,0.46451,0.13979,1,0.46257,0.14574,1,0.46354,0.14277,1
1789335177.9217,265.63016,12086526155,0.49289,0.15510,1,0.49212,0.14556,1,0.49250,0.15033,1
1789335177.9281,265.63657,12086590302,0.49441,0.15586,1,0.49363,0.14145,1,0.49402,0.14866,1
1789335177.9350,265.64349,12086659565,0.49440,0.15565,1,0.49376,0.13189,1,0.49408,0.14377,1
1789335177.9415,265.64996,12086724138,0.49567,0.15537,1,0.49094,0.12552,1,0.49330,0.14044,1
1789335177.9484,265.65686,12086793233,0.49334,0.14501,1,0.48680,0.12344,1,0.49007,0.13423,1
1789335177.9552,265.66370,12086861589,0.49275,0.13606,1,0.48687,0.11419,1,0.48981,0.12512,1
1789335177.9616,265.67004,12086925075,0.49187,0.12489,1,0.48965,0.11123,1,0.49076,0.11806,1
1789335177.9685,265.67697,12086994163,0.49265,0.12883,1,0.48906,0.10500,1,0.49086,0.11692,1
1789335177.9752,265.68372,12087061728,0.49265,0.12883,1,0.48906,0.10500,1,0.49086,0.11692,1
1789335177.9817,265.69016,12087125928,0.50730,0.13084,1,0.49026,0.10187,1,0.49878,0.11635,1
1789335177.9887,265.69717,12087196392,0.49171,0.12491,1,0.49321,0.09598,1,0.49246,0.11045,1
1789335177.9950,265.70352,12087259856,0.49171,0.12491,1,0.49321,0.09598,1,0.49246,0.11045,1
1789335178.0018,265.71024,12087326971,0.49097,0.12173,1,0.49120,0.09006,1,0.49109,0.10590,1
1789335178.0087,265.71719,12087396315,0.49342,0.11193,1,0.49009,0.09643,1,0.49176,0.10418,1
1789335178.0152,265.72363,12087460802,0.49342,0.11193,1,0.49009,0.09643,1,0.49176,0.10418,1
1789335178.0221,265.73056,12087530141,0.47313,0.10550,1,0.48745,0.09449,1,0.48029,0.09999,1
1789335178.0288,265.73730,12087597688,0.47739,0.10915,1,0.49294,0.08931,1,0.48517,0.09923,1
1789335178.0353,265.74374,12087661939,0.47811,0.11849,1,0.49282,0.09899,1,0.48546,0.10874,1
1789335178.0422,265.75070,12087731529,0.48375,0.12205,1,0.49788,0.11506,1,0.49081,0.11855,1
1789335178.0486,265.75711,12087795629,0.48023,0.12329,1,0.49919,0.11555,1,0.48971,0.11942,1
1789335178.0553,265.76382,12087862805,0.48094,0.13274,1,0.49901,0.12526,1,0.48998,0.12900,1
1789335178.0624,265.77090,12087933469,0.49615,0.13318,1,0.50839,0.13110,1,0.50227,0.13214,1
1789335178.0687,265.77722,12087996691,0.49696,0.13339,1,0.51189,0.12807,1,0.50443,0.13073,1
1789335178.0757,265.78415,12088066070,0.49696,0.13339,1,0.51189,0.12807,1,0.50443,0.13073,1
1789335178.0822,265.79065,12088130872,0.50226,0.12026,1,0.49929,0.12095,1,0.50078,0.12060,1
1789335178.0889,265.79733,12088197813,0.50215,0.12690,1,0.49954,0.11374,1,0.50084,0.12032,1
1789335178.0958,265.80432,12088267802,0.50161,0.11742,1,0.49972,0.10393,1,0.50067,0.11067,1
1789335178.1023,265.81073,12088331824,0.50770,0.09573,1,0.48441,0.17165,1,0.49606,0.13369,1
1789335178.1089,265.81741,12088398682,0.51186,0.08998,1,0.49822,0.15183,1,0.50504,0.12090,1
1789335178.1159,265.82434,12088467845,0.51186,0.08998,1,0.49822,0.15183,1,0.50504,0.12090,1
1789335178.1223,265.83081,12088532643,0.52132,0.13028,1,0.52621,0.15614,1,0.52376,0.14321,1
1789335178.1290,265.83752,12088599709,0.55817,0.18354,1,0.54128,0.16860,1,0.54973,0.17607,1
1789335178.1360,265.84448,12088669243,0.55826,0.19238,1,0.54074,0.17787,1,0.54950,0.18512,1
1789335178.1426,265.85110,12088735718,0.56648,0.18868,1,0.56479,0.17538,1,0.56563,0.18203,1
1789335178.1494,265.85788,12088803307,0.56717,0.16759,1,0.56124,0.17412,1,0.56421,0.17086,1
1789335178.1558,265.86432,12088867729,0.56715,0.15854,1,0.56196,0.16481,1,0.56456,0.16168,1
1789335178.1625,265.87100,12088934698,0.57738,0.15154,1,0.57695,0.16626,1,0.57717,0.15890,1
1789335178.1692,265.87772,12089001617,0.58428,0.13854,1,0.58270,0.15094,1,0.58349,0.14474,1
1789335178.1759,265.88437,12089068332,0.58454,0.11906,1,0.58459,0.13095,1,0.58457,0.12501,1
1789335178.1829,265.89133,12089137679,0.59123,0.11200,1,0.57331,0.12450,1,0.58227,0.11825,1
1789335178.1893,265.89780,12089202473,0.59693,0.09564,1,0.58075,0.11122,1,0.58884,0.10343,1
1789335178.1960,265.90448,12089269396,0.59717,0.08520,1,0.58171,0.10052,1,0.58944,0.09286,1
1789335178.2030,265.91144,12089338826,0.60683,0.09431,1,0.58685,0.09936,1,0.59684,0.09684,1
1789335178.2098,265.91827,12089407268,0.58783,0.09474,1,0.59460,0.10270,1,0.59121,0.09872,1
1789335178.2163,265.92480,12089472670,0.58766,0.10511,1,0.59352,0.11338,1,0.59059,0.10924,1
1789335178.2228,265.93130,12089537526,0.58986,0.10756,1,0.57243,0.12420,1,0.58115,0.11588,1
1789335178.2295,265.93799,12089604431,0.56648,0.12051,1,0.57643,0.13504,1,0.57145,0.12777,1
1789335178.2364,265.94492,12089673563,0.56650,0.13095,1,0.57549,0.14570,1,0.57100,0.13833,1
1789335178.2429,265.95139,12089738390,0.57071,0.12801,1,0.57656,0.15024,1,0.57363,0.13912,1
1789335178.2496,265.95807,12089805220,0.57172,0.12801,1,0.57421,0.15210,1,0.57297,0.14006,1
1789335178.2566,265.96503,12089874923,0.57172,0.12801,1,0.57421,0.15210,1,0.57297,0.14006,1
1789335178.2630,265.97147,12089939246,0.57040,0.12642,1,0.57738,0.14457,1,0.57389,0.13549,1
1789335178.2697,265.97818,12090006189,0.58821,0.12234,1,0.57126,0.14252,1,0.57974,0.13243,1
1789335178.2766,265.98511,12090075506,0.58821,0.12234,1,0.57126,0.14252,1,0.57974,0.13243,1
1789335178.2831,265.99158,12090140206,0.58398,0.12720,1,0.57403,0.14319,1,0.57901,0.13520,1
1789335178.2900,265.99847,12090209392,0.58220,0.12345,1,0.56468,0.14740,1,0.57344,0.13542,1
1789335178.2968,266.00525,12090276963,0.58232,0.11295,1,0.56633,0.12635,1,0.57433,0.11965,1
1789335178.3032,266.01169,12090341482,0.59975,0.09304,1,0.58521,0.09156,1,0.59248,0.09230,1
1789335178.3102,266.01868,12090411361,0.59023,0.08499,1,0.58349,0.06694,1,0.58686,0.07596,1
1789335178.3166,266.02505,12090475122,0.59041,0.07486,1,0.58349,0.06694,1,0.58695,0.07090,1
1789335178.3235,266.03198,12090544368,0.58381,0.08570,1,0.59947,0.08683,1,0.59164,0.08627,1
1789335178.3302,266.03870,12090611557,0.58173,0.10545,1,0.59050,0.11158,1,0.58612,0.10852,1
1789335178.3367,266.04517,12090676187,0.58151,0.12597,1,0.58840,0.13293,1,0.58496,0.12945,1
1789335178.3438,266.05225,12090747119,0.60253,0.13549,1,0.59809,0.13884,1,0.60031,0.13716,1
1789335178.3503,266.05878,12090812267,0.61358,0.13596,1,0.60447,0.13512,1,0.60903,0.13554,1
1789335178.3570,266.06549,12090879322,0.61398,0.12562,1,0.60569,0.12433,1,0.60984,0.12498,1
1789335178.3637,266.07217,12090946339,0.61752,0.12160,1,0.60540,0.11712,1,0.61146,0.11936,1
1789335178.3704,266.07892,12091013583,0.61646,0.10874,1,0.60633,0.10676,1,0.61140,0.10775,1
1789335178.3771,266.08560,12091080678,0.61646,0.10874,1,0.60532,0.11586,1,0.61089,0.11230,1
1789335178.3836,266.09207,12091145156,0.63035,0.14346,1,0.61918,0.12424,1,0.62477,0.13385,1
1789335178.3906,266.09909,12091215581,0.62420,0.16548,1,0.60998,0.14531,1,0.61709,0.15539,1
1789335178.3970,266.10544,12091279008,0.62327,0.18415,1,0.60869,0.15615,1,0.61598,0.17015,1
1789335178.4039,266.11240,12091348531,0.62210,0.18031,1,0.60906,0.14728,1,0.61558,0.16380,1
1789335178.4104,266.11884,12091412880,0.61905,0.16389,1,0.60444,0.13908,1,0.61175,0.15149,1
1789335178.4173,266.12579,12091482584,0.61944,0.15523,1,0.60444,0.13908,1,0.61194,0.14716,1
1789335178.4238,266.13223,12091546927,0.61335,0.15114,1,0.59985,0.13943,1,0.60660,0.14529,1
1789335178.4307,266.13916,12091616164,0.60974,0.15872,1,0.59893,0.15379,1,0.60434,0.15625,1
1789335178.4374,266.14584,12091683029,0.60910,0.17635,1,0.59689,0.17240,1,0.60299,0.17438,1
1789335178.4442,266.15265,12091750933,0.60449,0.19198,1,0.59227,0.18356,1,0.59838,0.18777,1
1789335178.4506,266.15903,12091814889,0.60351,0.19846,1,0.58989,0.18574,1,0.59670,0.19210,1
1789335178.4575,266.16595,12091884096,0.60322,0.20743,1,0.58890,0.19519,1,0.59606,0.20131,1
1789335178.4643,266.17279,12091952386,0.59857,0.20710,1,0.58087,0.19216,1,0.58972,0.19963,1
1789335178.4708,266.17932,12092017863,0.59261,0.20327,1,0.60320,0.18291,1,0.59790,0.19309,1
1789335178.4776,266.18604,12092084891,0.59261,0.20327,1,0.60429,0.17355,1,0.59845,0.18841,1
1789335178.4840,266.19250,12092149534,0.59171,0.19576,1,0.60034,0.16233,1,0.59602,0.17905,1
1789335178.4907,266.19922,12092216781,0.61027,0.19185,1,0.60532,0.15390,1,0.60780,0.17288,1
1789335178.4977,266.20618,12092286298,0.61030,0.19094,1,0.60435,0.16229,1,0.60733,0.17661,1
1789335178.5041,266.21262,12092350753,0.62867,0.20011,1,0.60104,0.20447,1,0.61486,0.20229,1
1789335178.5109,266.21933,12092417858,0.62493,0.21131,1,0.59716,0.22379,1,0.61104,0.21755,1
1789335178.5178,266.22623,12092486834,0.62494,0.21110,1,0.59718,0.22357,1,0.61106,0.21734,1
1789335178.5242,266.23270,12092551569,0.62997,0.20893,1,0.59516,0.19841,1,0.61257,0.20367,1
1789335178.5311,266.23962,12092620727,0.62566,0.19135,1,0.59878,0.22480,1,0.61222,0.20807,1
1789335178.5379,266.24637,12092688131,0.62654,0.17463,1,0.60076,0.20788,1,0.61365,0.19126,1
1789335178.5443,266.25281,12092752523,0.62541,0.16495,1,0.60442,0.16995,1,0.61492,0.16745,1
1789335178.5513,266.25974,12092821980,0.61622,0.16150,1,0.61276,0.17201,1,0.61449,0.16676,1
1789335178.5577,266.26620,12092886436,0.61584,0.17054,1,0.61274,0.17222,1,0.61429,0.17138,1
1789335178.5644,266.27292,12092953586,0.61420,0.17806,1,0.61390,0.17265,1,0.61405,0.17535,1
1789335178.5713,266.27982,12093022588,0.61774,0.17727,1,0.61527,0.17542,1,0.61651,0.17635,1
1789335178.5778,266.28629,12093087466,0.61738,0.18534,1,0.61421,0.18379,1,0.61579,0.18456,1
1789335178.5847,266.29321,12093156573,0.61363,0.17923,1,0.61317,0.18929,1,0.61340,0.18426,1
1789335178.5914,266.29990,12093223617,0.61545,0.19317,1,0.61137,0.19478,1,0.61341,0.19398,1
1789335178.5982,266.30670,12093291562,0.61511,0.20103,1,0.61034,0.20298,1,0.61272,0.20200,1
1789335178.6046,266.31308,12093355397,0.62001,0.19442,1,0.61916,0.19595,1,0.61959,0.19518,1
1789335178.6117,266.32016,12093426189,0.62091,0.18336,1,0.61949,0.18894,1,0.62020,0.18615,1
1789335178.6180,266.32651,12093489478,0.62091,0.18336,1,0.61949,0.18894,1,0.62020,0.18615,1
1789335178.6247,266.33319,12093556386,0.62370,0.22084,1,0.61961,0.18891,1,0.62165,0.20488,1
1789335178.6317,266.34015,12093625902,0.62158,0.22352,1,0.61977,0.19484,1,0.62068,0.20918,1
1789335178.6383,266.34680,12093692528,0.62158,0.22352,1,0.61977,0.19484,1,0.62068,0.20918,1
1789335178.6448,266.35327,12093757312,0.62286,0.21146,1,0.62011,0.17995,1,0.62149,0.19571,1
1789335178.6518,266.36023,12093826834,0.62472,0.20989,1,0.62685,0.18168,1,0.62578,0.19578,1
1789335178.6582,266.36670,12093891619,0.62472,0.20989,1,0.62685,0.18168,1,0.62578,0.19578,1
1789335178.6651,266.37360,12093960377,0.62383,0.20734,1,0.62400,0.17751,1,0.62391,0.19243,1
1789335178.6716,266.38007,12094025266,0.62137,0.20392,1,0.62625,0.18148,1,0.62381,0.19270,1
1789335178.6783,266.38678,12094092291,0.62137,0.20392,1,0.62625,0.18148,1,0.62381,0.19270,1
1789335178.6853,266.39374,12094161915,0.62535,0.20655,1,0.62547,0.17170,1,0.62541,0.18912,1
1789335178.6917,266.40015,12094225952,0.62209,0.20898,1,0.62534,0.18177,1,0.62371,0.19538,1
1789335178.6988,266.40726,12094297210,0.62209,0.20898,1,0.62534,0.18177,1,0.62371,0.19538,1
1789335178.7053,266.41376,12094362241,0.62330,0.20971,1,0.62892,0.18017,1,0.62611,0.19494,1
1789335178.7121,266.42053,12094429822,0.62138,0.21426,1,0.62641,0.18599,1,0.62390,0.20012,1
1789335178.7187,266.42719,12094496226,0.62138,0.21426,1,0.62641,0.18599,1,0.62390,0.20012,1
1789335178.7254,266.43390,12094563438,0.62174,0.18279,1,0.62592,0.18803,1,0.62383,0.18541,1
1789335178.7319,266.44034,12094627955,0.62277,0.17908,1,0.62365,0.18809,1,0.62321,0.18359,1
1789335178.7386,266.44705,12094694983,0.62277,0.17908,1,0.62365,0.18809,1,0.62321,0.18359,1
1789335178.7455,266.45398,12094764253,0.61686,0.18969,1,0.62092,0.19726,1,0.61889,0.19347,1
1789335178.7520,266.46045,12094828927,0.61588,0.19597,1,0.61992,0.20209,1,0.61790,0.19903,1
1789335178.7587,266.46716,12094896053,0.61588,0.19597,1,0.62134,0.19152,1,0.61861,0.19374,1
1789335178.7657,266.47421,12094966712,0.61191,0.19979,1,0.61194,0.15967,1,0.61193,0.17973,1
1789335178.7721,266.48053,12095029803,0.61756,0.14958,1,0.61797,0.14783,1,0.61777,0.14871,1
1789335178.7790,266.48746,12095099241,0.61801,0.13915,1,0.61933,0.13704,1,0.61867,0.13810,1
1789335178.7855,266.49396,12095164103,0.63179,0.15527,1,0.63690,0.14727,1,0.63434,0.15127,1
1789335178.7922,266.50064,12095231083,0.63259,0.16281,1,0.63805,0.14779,1,0.63532,0.15530,1
1789335178.7991,266.50757,12095300358,0.63304,0.15499,1,0.63924,0.13949,1,0.63614,0.14724,1
1789335178.8056,266.51404,12095364892,0.63120,0.15182,1,0.63927,0.13611,1,0.63524,0.14396,1
1789335178.8122,266.52072,12095431741,0.63333,0.15052,1,0.63837,0.13618,1,0.63585,0.14335,1
1789335178.8192,266.52765,12095501076,0.63377,0.14278,1,0.63954,0.12797,1,0.63666,0.13537,1
1789335178.8256,266.53412,12095565839,0.63267,0.11447,1,0.63471,0.12715,1,0.63369,0.12081,1
1789335178.8324,266.54083,12095632823,0.63332,0.11156,1,0.63728,0.12975,1,0.63530,0.12066,1
1789335178.8393,266.54773,12095701967,0.63332,0.11156,1,0.63580,0.14030,1,0.63456,0.12593,1
1789335178.8458,266.55423,12095766795,0.63351,0.12802,1,0.63139,0.16254,1,0.63245,0.14528,1
1789335178.8524,266.56091,12095833580,0.63075,0.15412,1,0.63017,0.17400,1,0.63046,0.16406,1
1789335178.8594,266.56787,12095903137,0.63020,0.16418,1,0.63017,0.17400,1,0.63018,0.16909,1
1789335178.8658,266.57431,12095967750,0.63076,0.16071,1,0.63872,0.12193,1,0.63474,0.14132,1
1789335178.8728,266.58124,12096036954,0.63141,0.15591,1,0.63693,0.12013,1,0.63417,0.13802,1
1789335178.8795,266.58798,12096104369,0.63197,0.14587,1,0.63843,0.10938,1,0.63520,0.12762,1
1789335178.8859,266.59442,12096168696,0.63667,0.12599,1,0.64456,0.14107,1,0.64061,0.13353,1
1789335178.8929,266.60135,12096238065,0.63909,0.12841,1,0.62410,0.13713,1,0.63159,0.13277,1
1789335178.8993,266.60782,12096302787,0.63909,0.12841,1,0.62410,0.13713,1,0.63159,0.13277,1
1789335178.9063,266.61475,12096371958,0.63871,0.11590,1,0.64886,0.14352,1,0.64379,0.12971,1
1789335178.9130,266.62149,12096439387,0.63944,0.11981,1,0.62361,0.13658,1,0.63153,0.12819,1
1789335178.9198,266.62830,12096507404,0.63944,0.11981,1,0.62361,0.13658,1,0.63153,0.12819,1
1789335178.9264,266.63483,12096572765,0.64468,0.14354,1,0.62519,0.13449,1,0.63493,0.13902,1
1789335178.9331,266.64157,12096640331,0.64342,0.14745,1,0.62738,0.13666,1,0.63540,0.14205,1
1789335178.9395,266.64801,12096704578,0.64342,0.14745,1,0.62738,0.13666,1,0.63540,0.14205,1
1789335178.9465,266.65497,12096774125,0.64561,0.14130,1,0.62889,0.14012,1,0.63725,0.14071,1
1789335178.9529,266.66141,12096838598,0.62185,0.14616,1,0.62756,0.13704,1,0.62471,0.14160,1
1789335178.9599,266.66833,12096907751,0.62185,0.14616,1,0.62616,0.14752,1,0.62401,0.14684,1
1789335178.9666,266.67505,12096975037,0.64394,0.16198,1,0.62850,0.15952,1,0.63622,0.16075,1
1789335178.9733,266.68176,12097042217,0.64160,0.17054,1,0.62894,0.17428,1,0.63527,0.17241,1
1789335178.9799,266.68842,12097108645,0.64095,0.18043,1,0.62748,0.18470,1,0.63422,0.18257,1
1789335178.9867,266.69522,12097176660,0.62088,0.14590,1,0.62484,0.18310,1,0.62286,0.16450,1
1789335178.9933,266.70181,12097242511,0.61741,0.15506,1,0.62224,0.17697,1,0.61982,0.16602,1
1789335179.0000,266.70850,12097309634,0.61741,0.15506,1,0.62224,0.17697,1,0.61982,0.16602,1
1789335179.0065,266.71500,12097374415,0.64050,0.16264,1,0.62468,0.17548,1,0.63259,0.16906,1
1789335179.0134,266.72192,12097443751,0.64022,0.16094,1,0.62282,0.17674,1,0.63152,0.16884,1
1789335179.0202,266.72870,12097511507,0.64022,0.16094,1,0.62423,0.16624,1,0.63223,0.16359,1
1789335179.0266,266.73508,12097575329,0.63373,0.14996,1,0.62657,0.15694,1,0.63015,0.15345,1
1789335179.0333,266.74179,12097642408,0.60906,0.14175,1,0.60379,0.15827,1,0.60642,0.15001,1
1789335179.0403,266.74878,12097712200,0.60914,0.13947,1,0.60287,0.16632,1,0.60600,0.15289,1
1789335179.0467,266.75519,12097776253,0.56206,0.15991,1,0.56940,0.16797,1,0.56573,0.16394,1
1789335179.0537,266.76218,12097846278,0.50646,0.19165,1,0.53661,0.18549,1,0.52153,0.18857,1
1789335179.0601,266.76855,12097910205,0.50652,0.19279,1,0.53655,0.18668,1,0.52153,0.18973,1
1789335179.0668,266.77527,12097977256,0.44128,0.20273,1,0.47321,0.16433,1,0.45725,0.18353,1
1789335179.0738,266.78223,12098046743,0.43126,0.20957,1,0.43529,0.15401,1,0.43327,0.18179,1
1789335179.0802,266.78870,12098111419,0.43029,0.20199,1,0.43498,0.14590,1,0.43264,0.17395,1
1789335179.0869,266.79538,12098178256,0.34718,0.21892,1,0.38964,0.17979,1,0.36841,0.19936,1
1789335179.0938,266.80231,12098247648,0.34532,0.24518,1,0.34325,0.20269,1,0.34428,0.22393,1
1789335179.1005,266.80899,12098314313,0.34532,0.24518,1,0.34325,0.20269,1,0.34428,0.22393,1
1789335179.1070,266.81546,12098379152,0.29223,0.22409,1,0.30646,0.21301,1,0.29934,0.21855,1
1789335179.1139,266.82242,12098448679,0.28818,0.21570,1,0.30759,0.19909,1,0.29788,0.20739,1
1789335179.1206,266.82907,12098515349,0.29013,0.22330,1,0.30884,0.20675,1,0.29949,0.21503,1
1789335179.1273,266.83578,12098582333,0.28446,0.26363,1,0.30823,0.23005,1,0.29634,0.24684,1
1789335179.1340,266.84250,12098649451,0.28361,0.24379,1,0.30815,0.24523,1,0.29588,0.24451,1
1789335179.1407,266.84915,12098716136,0.28805,0.26027,1,0.31093,0.26157,1,0.29949,0.26092,1
1789335179.1474,266.85587,12098783312,0.32478,0.30666,1,0.30055,0.25941,1,0.31266,0.28303,1
1789335179.1539,266.86234,12098847867,0.32007,0.27392,1,0.30586,0.25403,1,0.31297,0.26397,1
1789335179.1606,266.86905,12098914982,0.31824,0.26637,1,0.30453,0.24635,1,0.31138,0.25636,1
1789335179.1675,266.87598,12098984312,0.31142,0.29707,1,0.31035,0.24523,1,0.31089,0.27115,1
1789335179.1740,266.88245,12099048992,0.30643,0.28104,1,0.31442,0.23509,1,0.31043,0.25807,1
1789335179.1807,266.88913,12099115899,0.30454,0.27371,1,0.31318,0.22744,1,0.30886,0.25058,1
1789335179.1877,266.89615,12099186135,0.29995,0.28195,1,0.33175,0.22881,1,0.31585,0.25538,1
1789335179.1940,266.90250,12099249621,0.30037,0.28064,1,0.33037,0.22759,1,0.31537,0.25412,1
1789335179.2010,266.90945,12099319094,0.29817,0.27232,1,0.32910,0.21884,1,0.31364,0.24558,1
1789335179.2077,266.91620,12099386572,0.30263,0.27682,1,0.32694,0.21397,1,0.31478,0.24539,1
1789335179.2144,266.92288,12099453248,0.30250,0.27294,1,0.31675,0.20622,1,0.30963,0.23958,1
1789335179.2211,266.92953,12099519914,0.30437,0.28009,1,0.31793,0.21383,1,0.31115,0.24696,1
1789335179.2278,266.93625,12099587068,0.30709,0.30220,1,0.32102,0.22860,1,0.31405,0.26540,1
1789335179.2342,266.94272,12099651626,0.30506,0.30779,1,0.31998,0.24764,1,0.31252,0.27771,1
1789335179.2409,266.94940,12099718560,0.30919,0.32313,1,0.32256,0.26394,1,0.31587,0.29354,1
1789335179.2479,266.95633,12099787873,0.30566,0.32636,1,0.32080,0.26127,1,0.31323,0.29381,1
1789335179.2546,266.96310,12099855479,0.30304,0.32725,1,0.31933,0.26464,1,0.31119,0.29594,1
1789335179.2610,266.96951,12099919730,0.30304,0.32725,1,0.31933,0.26464,1,0.31119,0.29594,1
1789335179.2681,266.97653,12099989808,0.30858,0.32769,1,0.31731,0.26828,1,0.31294,0.29799,1
1789335179.2746,266.98312,12100055869,0.30948,0.32918,1,0.31848,0.27140,1,0.31398,0.30029,1
1789335179.2811,266.98959,12100120582,0.30948,0.32918,1,0.31848,0.27140,1,0.31398,0.30029,1
1789335179.2881,266.99655,12100189921,0.30969,0.32662,1,0.32227,0.26829,1,0.31598,0.29745,1
1789335179.2947,267.00320,12100256712,0.31216,0.29528,1,0.31920,0.27292,1,0.31568,0.28410,1
1789335179.3012,267.00970,12100321479,0.31216,0.29528,1,0.31920,0.27292,1,0.31568,0.28410,1
1789335179.3082,267.01663,12100390703,0.31322,0.33139,1,0.32407,0.27809,1,0.31865,0.30474,1
1789335179.3146,267.02310,12100455664,0.31699,0.29278,1,0.32605,0.27375,1,0.32152,0.28327,1
1789335179.3213,267.02982,12100522617,0.31699,0.29278,1,0.32605,0.27375,1,0.32152,0.28327,1
1789335179.3283,267.03674,12100591974,0.32306,0.33242,1,0.31134,0.26753,1,0.31720,0.29997,1
1789335179.3347,267.04321,12100656533,0.32541,0.29697,1,0.31151,0.28209,1,0.31846,0.28953,1
1789335179.3414,267.04990,12100723572,0.32156,0.28120,1,0.30707,0.25648,1,0.31431,0.26884,1
1789335179.3485,267.05698,12100794401,0.31632,0.25463,1,0.30138,0.22361,1,0.30885,0.23912,1
1789335179.3548,267.06329,12100857553,0.28831,0.26868,1,0.29593,0.19795,1,0.29212,0.23332,1
1789335179.3617,267.07022,12100926798,0.28168,0.24425,1,0.29459,0.19025,1,0.28813,0.21725,1
1789335179.3682,267.07669,12100991424,0.28624,0.25687,1,0.30521,0.21347,1,0.29572,0.23517,1
1789335179.3749,267.08340,12101058423,0.29110,0.27423,1,0.30818,0.23113,1,0.29964,0.25268,1
1789335179.3818,267.09030,12101127483,0.29792,0.29931,1,0.31263,0.25767,1,0.30527,0.27849,1
1789335179.3883,267.09677,12101192218,0.31736,0.27989,1,0.30197,0.26854,1,0.30966,0.27421,1
1789335179.3950,267.10349,12101259340,0.31895,0.28218,1,0.32766,0.28117,1,0.32330,0.28168,1
1789335179.4019,267.11038,12101328451,0.32105,0.29069,1,0.32769,0.28137,1,0.32437,0.28603,1
1789335179.4087,267.11713,12101395870,0.35528,0.28986,1,0.34408,0.27282,1,0.34968,0.28134,1
1789335179.4151,267.12357,12101460312,0.35945,0.30736,1,0.34174,0.26636,1,0.35060,0.28686,1
1789335179.4220,267.13049,12101529370,0.35774,0.29938,1,0.34059,0.25806,1,0.34916,0.27872,1
1789335179.4288,267.13724,12101596938,0.34045,0.29376,1,0.35103,0.22559,1,0.34574,0.25968,1
1789335179.4352,267.14368,12101661341,0.34712,0.29851,1,0.32876,0.26648,1,0.33794,0.28250,1
1789335179.4419,267.15039,12101728303,0.34712,0.29851,1,0.33001,0.27470,1,0.33857,0.28661,1
1789335179.4488,267.15732,12101797801,0.35758,0.29781,1,0.33792,0.24115,1,0.34775,0.26948,1
1789335179.4553,267.16376,12101862204,0.36027,0.30041,1,0.34532,0.24952,1,0.35280,0.27496,1
1789335179.4622,267.17072,12101931605,0.36350,0.31564,1,0.34749,0.26580,1,0.35549,0.29072,1
1789335179.4690,267.17743,12101998836,0.37012,0.34010,1,0.35603,0.27452,1,0.36307,0.30731,1
1789335179.4756,267.18408,12102065298,0.37154,0.35752,1,0.36286,0.28666,1,0.36720,0.32209,1
1789335179.4821,267.19055,12102130185,0.37305,0.36454,1,0.36276,0.28576,1,0.36790,0.32515,1
1789335179.4890,267.19751,12102199624,0.33770,0.32507,1,0.33545,0.29730,1,0.33657,0.31118,1
1789335179.4955,267.20395,12102264136,0.33471,0.35250,1,0.33780,0.29034,1,0.33626,0.32142,1
1789335179.5024,267.21088,12102333297,0.32895,0.32960,1,0.33422,0.26598,1,0.33159,0.29779,1
1789335179.5092,267.21768,12102401490,0.32257,0.30078,1,0.33159,0.24251,1,0.32708,0.27164,1
1789335179.5156,267.22406,12102465048,0.32212,0.28099,1,0.32466,0.22028,1,0.32339,0.25064,1
1789335179.5225,267.23099,12102534271,0.31841,0.26571,1,0.32223,0.20406,1,0.32032,0.23489,1
1789335179.5293,267.23776,12102602085,0.31846,0.25764,1,0.32859,0.21010,1,0.32353,0.23387,1
1789335179.5357,267.24414,12102665979,0.32011,0.26149,1,0.33168,0.20129,1,0.32590,0.23139,1
1789335179.5427,267.25116,12102736183,0.32207,0.26967,1,0.33290,0.20996,1,0.32749,0.23982,1
1789335179.5491,267.25754,12102799971,0.32358,0.27575,1,0.34159,0.22500,1,0.33258,0.25037,1
1789335179.5557,267.26422,12102866889,0.32631,0.27539,1,0.33353,0.22659,1,0.32992,0.25099,1
1789335179.5627,267.27118,12102936293,0.32828,0.28366,1,0.33476,0.23528,1,0.33152,0.25947,1
1789335179.5692,267.27765,12103000894,0.33243,0.27984,1,0.31778,0.23191,1,0.32511,0.25588,1
1789335179.5759,267.28433,12103067749,0.33488,0.28556,1,0.33856,0.22182,1,0.33672,0.25369,1
1789335179.5828,267.29123,12103136958,0.33488,0.28556,1,0.33856,0.22182,1,0.33672,0.25369,1
1789335179.5893,267.29776,12103202093,0.33997,0.24048,1,0.32727,0.24070,1,0.33362,0.24059,1
1789335179.5959,267.30441,12103268792,0.36549,0.24119,1,0.35564,0.23629,1,0.36056,0.23874,1
1789335179.6030,267.31143,12103338711,0.36549,0.24119,1,0.35667,0.24477,1,0.36108,0.24298,1
1789335179.6094,267.31784,12103402829,0.38283,0.25706,1,0.37454,0.27257,1,0.37869,0.26482,1
1789335179.6160,267.32452,12103469869,0.39816,0.28228,1,0.39498,0.28072,1,0.39657,0.28150,1
1789335179.6230,267.33148,12103539477,0.39955,0.29044,1,0.39570,0.28906,1,0.39763,0.28975,1
1789335179.6294,267.33792,12103603836,0.39192,0.26365,1,0.39626,0.28904,1,0.39409,0.27634,1
1789335179.6364,267.34485,12103672937,0.41259,0.25729,1,0.40078,0.26447,1,0.40669,0.26088,1
1789335179.6428,267.35129,12103737519,0.41375,0.26492,1,0.40071,0.26357,1,0.40723,0.26425,1
1789335179.6497,267.35822,12103806793,0.40213,0.28340,1,0.39055,0.26198,1,0.39634,0.27269,1
1789335179.6565,267.36493,12103873846,0.40225,0.28346,1,0.38867,0.26588,1,0.39546,0.27467,1
1789335179.6632,267.37167,12103941394,0.40211,0.28259,1,0.38858,0.26499,1,0.39535,0.27379,1
1789335179.6696,267.37811,12104005676,0.39688,0.27063,1,0.39697,0.27336,1,0.39692,0.27199,1
1789335179.6767,267.38516,12104076088,0.41478,0.28333,1,0.40094,0.26466,1,0.40786,0.27400,1
1789335179.6830,267.39148,12104139401,0.41478,0.28333,1,0.40160,0.27319,1,0.40819,0.27826,1
1789335179.6897,267.39819,12104206610,0.40760,0.29438,1,0.41932,0.28584,1,0.41346,0.29011,1
1789335179.6967,267.40515,12104276058,0.41339,0.31698,1,0.41856,0.29973,1,0.41598,0.30836,1
1789335179.7031,267.41159,12104340460,0.41574,0.33147,1,0.41951,0.31485,1,0.41762,0.32316,1
1789335179.7101,267.41855,12104409866,0.41376,0.34722,1,0.41094,0.31696,1,0.41235,0.33209,1
1789335179.7168,267.42529,12104477536,0.41067,0.34510,1,0.41366,0.32692,1,0.41217,0.33601,1
1789335179.7235,267.43195,12104543883,0.41177,0.35155,1,0.41413,0.33360,1,0.41295,0.34258,1
1789335179.7302,267.43869,12104611427,0.40931,0.35422,1,0.41034,0.32867,1,0.40983,0.34145,1
1789335179.7371,267.44559,12104680412,0.40907,0.35839,1,0.41412,0.33396,1,0.41159,0.34618,1
1789335179.7438,267.45224,12104746794,0.40524,0.33646,1,0.41252,0.31107,1,0.40888,0.32376,1
1789335179.7500,267.45847,12104809301,0.42419,0.31005,1,0.40871,0.28500,1,0.41645,0.29753,1
1789335179.7570,267.46545,12104879017,0.44759,0.28436,1,0.42390,0.26387,1,0.43575,0.27412,1
1789335179.7637,267.47220,12104946393,0.44491,0.26230,1,0.42218,0.23247,1,0.43354,0.24738,1
1789335179.7703,267.47879,12105012540,0.44292,0.24357,1,0.42777,0.17258,1,0.43535,0.20808,1
1789335179.7770,267.48550,12105079471,0.45586,0.23148,1,0.47038,0.20318,1,0.46312,0.21733,1
1789335179.7838,267.49231,12105147627,0.45588,0.23168,1,0.47044,0.21197,1,0.46316,0.22182,1
1789335179.7902,267.49869,12105211455,0.45799,0.23260,1,0.47477,0.21359,1,0.46638,0.22310,1
1789335179.7971,267.50562,12105280558,0.45994,0.24103,1,0.47707,0.22416,1,0.46850,0.23259,1
1789335179.8038,267.51230,12105347597,0.46081,0.24942,1,0.47707,0.23294,1,0.46894,0.24118,1
1789335179.8105,267.51901,12105414617,0.46264,0.25127,1,0.47376,0.21877,1,0.46820,0.23502,1
1789335179.8170,267.52548,12105479325,0.46641,0.23623,1,0.47404,0.21294,1,0.47022,0.22458,1
1789335179.8239,267.53238,12105548439,0.46557,0.22761,1,0.47397,0.19513,1,0.46977,0.21137,1
1789335179.8307,267.53915,12105615975,0.45835,0.20889,1,0.45067,0.17309,1,0.45451,0.19099,1
1789335179.8371,267.54556,12105680059,0.46456,0.24172,1,0.45461,0.18943,1,0.45959,0.21557,1
1789335179.8440,267.55249,12105749519,0.46374,0.23355,1,0.45442,0.18073,1,0.45908,0.20714,1
1789335179.8505,267.55896,12105814055,0.46234,0.21954,1,0.45459,0.22022,1,0.45846,0.21988,1
1789335179.8574,267.56586,12105883240,0.46426,0.21880,1,0.45768,0.22338,1,0.46097,0.22109,1
1789335179.8642,267.57263,12105950692,0.46509,0.22722,1,0.45785,0.23191,1,0.46147,0.22957,1
1789335179.8706,267.57907,12106015111,0.47233,0.23469,1,0.46317,0.23512,1,0.46775,0.23491,1
1789335179.8773,267.58575,12106082044,0.47611,0.24490,1,0.46217,0.24171,1,0.46914,0.24331,1
1789335179.8843,267.59274,12106151874,0.47752,0.26064,1,0.46242,0.25785,1,0.46997,0.25924,1
1789335179.8907,267.59915,12106215906,0.45677,0.26619,1,0.44578,0.23363,1,0.45127,0.24991,1
1789335179.8976,267.60605,12106285159,0.46001,0.26481,1,0.45041,0.24988,1,0.45521,0.25735,1
1789335179.9043,267.61276,12106352232,0.46080,0.27225,1,0.45086,0.26619,1,0.45583,0.26922,1
1789335179.9108,267.61926,12106417084,0.44851,0.25268,1,0.45508,0.25011,1,0.45179,0.25139,1
1789335179.9177,267.62616,12106486104,0.44955,0.29895,1,0.45252,0.30183,1,0.45103,0.30039,1
1789335179.9244,267.63287,12106553331,0.44966,0.29981,1,0.45254,0.30271,1,0.45110,0.30126,1
1789335179.9310,267.63950,12106619404,0.45293,0.29804,1,0.46033,0.28313,1,0.45663,0.29059,1
1789335179.9378,267.64624,12106687024,0.45643,0.29505,1,0.46426,0.28193,1,0.46034,0.28849,1
1789335179.9445,267.65302,12106754606,0.45559,0.28770,1,0.46415,0.27433,1,0.45987,0.28101,1
1789335179.9509,267.65942,12106818728,0.45988,0.28050,1,0.47023,0.27642,1,0.46505,0.27846,1
1789335179.9579,267.66635,12106888150,0.46745,0.28433,1,0.47001,0.28371,1,0.46873,0.28402,1
1789335179.9643,267.67282,12106952734,0.46745,0.28433,1,0.46994,0.27530,1,0.46870,0.27981,1
1789335179.9711,267.67953,12107019917,0.49566,0.27766,1,0.45441,0.26927,1,0.47503,0.27347,1
1789335179.9780,267.68652,12107089772,0.47070,0.26973,1,0.48806,0.26089,1,0.47938,0.26531,1
1789335179.9845,267.69293,12107153816,0.46814,0.24343,1,0.48825,0.24238,1,0.47820,0.24290,1
1789335179.9912,267.69965,12107221069,0.51024,0.23178,1,0.47873,0.24759,1,0.49449,0.23969,1
1789335179.9981,267.70654,12107290107,0.52543,0.25933,1,0.48929,0.23796,1,0.50736,0.24864,1
1789335180.0045,267.71301,12107354564,0.52503,0.24994,1,0.48941,0.22800,1,0.50722,0.23897,1
1789335180.0115,267.72000,12107424671,0.50161,0.26400,1,0.49122,0.19228,1,0.49642,0.22814,1
1789335180.0179,267.72641,12107488769,0.50257,0.26274,1,0.49063,0.19380,1,0.49660,0.22827,1
1789335180.0249,267.73334,12107557830,0.50257,0.26274,1,0.49073,0.18525,1,0.49665,0.22400,1
1789335180.0318,267.74023,12107626796,0.50285,0.25441,1,0.49163,0.17973,1,0.49724,0.21707,1
1789335180.0380,267.74652,12107689769,0.50106,0.24759,1,0.49526,0.18278,1,0.49816,0.21519,1
1789335180.0449,267.75342,12107758781,0.50055,0.23981,1,0.49539,0.17435,1,0.49797,0.20708,1
1789335180.0517,267.76016,12107826256,0.50252,0.19249,1,0.49009,0.16421,1,0.49631,0.17835,1
1789335180.0581,267.76660,12107890546,0.50049,0.19082,1,0.49130,0.17204,1,0.49590,0.18143,1
1789335180.0651,267.77359,12107960512,0.50049,0.19082,1,0.49130,0.17204,1,0.49590,0.18143,1
1789335180.0715,267.78000,12108024490,0.49901,0.20353,1,0.48724,0.18357,1,0.49312,0.19355,1
1789335180.0782,267.78671,12108091589,0.49593,0.20654,1,0.48744,0.17631,1,0.49168,0.19143,1
1789335180.0852,267.79367,12108161303,0.49593,0.20654,1,0.48736,0.18472,1,0.49165,0.19563,1
1789335180.0916,267.80011,12108225472,0.49505,0.21994,1,0.48529,0.15971,1,0.49017,0.18982,1
1789335180.0986,267.80704,12108294908,0.49079,0.23494,1,0.48326,0.17446,1,0.48703,0.20470,1
1789335180.1053,267.81381,12108362733,0.49138,0.24282,1,0.48322,0.18310,1,0.48730,0.21296,1
1789335180.1119,267.82040,12108428673,0.48974,0.25130,1,0.48170,0.18367,1,0.48572,0.21748,1
1789335180.1187,267.82715,12108496101,0.49233,0.25656,1,0.47241,0.17870,1,0.48237,0.21763,1
1789335180.1251,267.83359,12108560483,0.49233,0.25656,1,0.47241,0.17870,1,0.48237,0.21763,1
1789335180.1320,267.84052,12108629628,0.51543,0.26001,1,0.49991,0.18778,1,0.50767,0.22390,1
1789335180.1388,267.84726,12108697023,0.51691,0.26595,1,0.49853,0.18440,1,0.50772,0.22518,1
1789335180.1452,267.85370,12108761391,0.51738,0.27509,1,0.49833,0.19459,1,0.50786,0.23484,1
1789335180.1521,267.86060,12108830496,0.51728,0.28883,1,0.49987,0.21384,1,0.50858,0.25134,1
1789335180.1589,267.86740,12108898430,0.49513,0.29232,1,0.49774,0.22704,1,0.49644,0.25968,1
1789335180.1653,267.87378,12108962429,0.49582,0.30149,1,0.49771,0.22858,1,0.49677,0.26503,1
1789335180.1723,267.88074,12109031888,0.52833,0.26069,1,0.54993,0.22750,1,0.53913,0.24409,1
1789335180.1789,267.88739,12109098398,0.57510,0.27844,1,0.54610,0.21981,1,0.56060,0.24913,1
1789335180.1854,267.89389,12109163422,0.57515,0.27069,1,0.54666,0.21134,1,0.56090,0.24101,1
1789335180.1924,267.90091,12109233616,0.59046,0.24821,1,0.60752,0.21614,1,0.59899,0.23218,1
1789335180.1988,267.90729,12109297324,0.61446,0.23874,1,0.59442,0.22166,1,0.60444,0.23020,1
1789335180.2057,267.91418,12109366351,0.61410,0.24683,1,0.59345,0.23026,1,0.60377,0.23855,1
1789335180.2124,267.92090,12109433404,0.62146,0.26197,1,0.60355,0.19982,1,0.61250,0.23089,1
1789335180.2189,267.92734,12109498030,0.62473,0.26220,1,0.60376,0.24693,1,0.61425,0.25456,1
1789335180.2258,267.93430,12109567506,0.62428,0.27029,1,0.60268,0.25554,1,0.61348,0.26292,1
1789335180.2323,267.94077,12109632134,0.62692,0.26559,1,0.61384,0.20458,1,0.62038,0.23508,1
1789335180.2390,267.94745,12109699083,0.63157,0.27440,1,0.58523,0.22213,1,0.60840,0.24827,1
1789335180.2459,267.95441,12109768691,0.63157,0.27440,1,0.58433,0.23083,1,0.60795,0.25261,1
1789335180.2526,267.96112,12109835585,0.63305,0.27436,1,0.59779,0.22958,1,0.61542,0.25197,1
1789335180.2593,267.96777,12109902355,0.63082,0.28580,1,0.59712,0.27328,1,0.61397,0.27954,1
1789335180.2658,267.97424,12109967066,0.62986,0.30080,1,0.59620,0.28087,1,0.61303,0.29083,1
1789335180.2725,267.98096,12110034160,0.63455,0.29658,1,0.60003,0.27870,1,0.61729,0.28764,1
1789335180.2794,267.98785,12110103211,0.63805,0.28514,1,0.59941,0.28003,1,0.61873,0.28259,1
1789335180.2861,267.99457,12110170119,0.63862,0.27705,1,0.60047,0.27156,1,0.61955,0.27430,1
1789335180.2930,268.00143,12110238840,0.61831,0.31019,1,0.60857,0.25771,1,0.61344,0.28395,1
1789335180.2995,268.00800,12110304451,0.60179,0.28689,1,0.60759,0.23730,1,0.60469,0.26210,1
1789335180.3062,268.01471,12110371528,0.60230,0.27182,1,0.60970,0.22072,1,0.60600,0.24627,1
1789335180.3127,268.02115,12110436032,0.60367,0.26114,1,0.61221,0.20639,1,0.60794,0.23377,1
1789335180.3198,268.02823,12110506669,0.60906,0.24651,1,0.60905,0.21085,1,0.60905,0.22868,1
1789335180.3261,268.03455,12110569982,0.60938,0.23841,1,0.61015,0.20207,1,0.60976,0.22024,1
1789335180.3328,268.04126,12110637031,0.61169,0.27698,1,0.62254,0.19929,1,0.61711,0.23814,1
1789335180.3397,268.04819,12110706390,0.61137,0.27223,1,0.62211,0.19881,1,0.61674,0.23552,1
1789335180.3462,268.05466,12110771160,0.61137,0.27223,1,0.62211,0.19881,1,0.61674,0.23552,1
1789335180.3531,268.06155,12110839935,0.61557,0.27365,1,0.60450,0.19394,1,0.61003,0.23379,1
1789335180.3598,268.06827,12110907286,0.61161,0.26668,1,0.59877,0.18863,1,0.60519,0.22766,1
1789335180.3666,268.07504,12110974825,0.61161,0.26668,1,0.59991,0.17861,1,0.60576,0.22264,1
1789335180.3729,268.08142,12111038788,0.61612,0.26356,1,0.60170,0.17651,1,0.60891,0.22004,1
1789335180.3800,268.08844,12111108870,0.61854,0.25706,1,0.60652,0.16300,1,0.61253,0.21003,1
1789335180.3863,268.09482,12111172795,0.61859,0.25606,1,0.60665,0.16187,1,0.61262,0.20897,1
1789335180.3931,268.10153,12111239775,0.61972,0.25107,1,0.61089,0.17038,1,0.61531,0.21073,1
1789335180.4000,268.10849,12111309412,0.61848,0.26381,1,0.60595,0.17830,1,0.61222,0.22106,1
1789335180.4067,268.11514,12111376084,0.61809,0.27159,1,0.60490,0.18717,1,0.61150,0.22938,1
1789335180.4132,268.12167,12111441264,0.61857,0.27142,1,0.61779,0.19070,1,0.61818,0.23106,1
1789335180.4201,268.12857,12111510210,0.62305,0.26968,1,0.61833,0.19159,1,0.62069,0.23063,1
1789335180.4265,268.13501,12111574487,0.62305,0.26968,1,0.61588,0.21017,1,0.61946,0.23992,1
1789335180.4335,268.14194,12111643785,0.62296,0.28896,1,0.59634,0.23621,1,0.60965,0.26258,1
1789335180.4402,268.14868,12111711289,0.60893,0.28797,1,0.60480,0.25537,1,0.60686,0.27167,1
1789335180.4466,268.15512,12111775602,0.60824,0.30468,1,0.60354,0.26524,1,0.60589,0.28496,1
1789335180.4533,268.16180,12111842642,0.63622,0.30725,1,0.62871,0.25141,1,0.63247,0.27933,1
1789335180.4603,268.16876,12111912283,0.63570,0.30193,1,0.64502,0.25291,1,0.64036,0.27742,1
1789335180.4668,268.17523,12111976694,0.63576,0.30112,1,0.64375,0.26054,1,0.63975,0.28083,1
1789335180.4737,268.18213,12112045775,0.63714,0.30322,1,0.66830,0.27482,1,0.65272,0.28902,1
1789335180.4804,268.18884,12112113017,0.63601,0.31556,1,0.66367,0.29030,1,0.64984,0.30293,1
1789335180.4868,268.19528,12112177360,0.63545,0.32340,1,0.66367,0.29030,1,0.64956,0.30685,1
1789335180.4939,268.20242,12112248731,0.64213,0.29084,1,0.62580,0.27376,1,0.63397,0.28230,1
1789335180.5002,268.20868,12112311469,0.64317,0.27336,1,0.65277,0.26074,1,0.64797,0.26705,1
1789335180.5071,268.21561,12112380546,0.64378,0.26529,1,0.65426,0.25221,1,0.64902,0.25875,1
1789335180.5139,268.22235,12112448080,0.65149,0.27001,1,0.63149,0.25971,1,0.64149,0.26486,1
1789335180.5203,268.22879,12112512489,0.65369,0.27464,1,0.63008,0.26783,1,0.64189,0.27123,1
1789335180.5270,268.23547,12112579398,0.65307,0.28183,1,0.62890,0.27545,1,0.64099,0.27864,1
1789335180.5340,268.24243,12112648961,0.64999,0.29125,1,0.63116,0.31098,1,0.64057,0.30111,1
1789335180.5406,268.24908,12112715476,0.65573,0.29909,1,0.63605,0.30792,1,0.64589,0.30350,1
1789335180.5473,268.25580,12112782466,0.65573,0.29909,1,0.63605,0.30792,1,0.64589,0.30350,1
1789335180.5541,268.26254,12112849916,0.65534,0.27856,1,0.63940,0.27997,1,0.64737,0.27926,1
1789335180.5605,268.26895,12112914071,0.65471,0.28069,1,0.63708,0.25457,1,0.64589,0.26763,1
1789335180.5674,268.27588,12112983378,0.65534,0.27349,1,0.63832,0.24678,1,0.64683,0.26014,1
1789335180.5739,268.28238,12113048264,0.66206,0.29196,1,0.63820,0.25432,1,0.65013,0.27314,1
1789335180.5806,268.28906,12113115288,0.66099,0.28630,1,0.63839,0.25214,1,0.64969,0.26922,1
1789335180.5875,268.29599,12113184548,0.66165,0.27932,1,0.63961,0.24451,1,0.65063,0.26191,1
1789335180.5940,268.30246,12113249239,0.66347,0.28340,1,0.64246,0.25083,1,0.65296,0.26711,1
1789335180.6007,268.30917,12113316114,0.66375,0.28812,1,0.64204,0.25351,1,0.65290,0.27081,1
1789335180.6076,268.31610,12113385522,0.66307,0.29504,1,0.64080,0.26107,1,0.65194,0.27805,1
1789335180.6141,268.32254,12113450030,0.68335,0.27073,1,0.65040,0.27193,1,0.66687,0.27133,1
1789335180.6210,268.32947,12113519250,0.68449,0.30257,1,0.66961,0.27744,1,0.67705,0.29000,1
1789335180.6277,268.33618,12113586247,0.68546,0.29463,1,0.67131,0.26880,1,0.67838,0.28171,1
1789335180.6342,268.34268,12113651277,0.69608,0.26972,1,0.69980,0.25057,1,0.69794,0.26015,1
1789335180.6409,268.34937,12113718119,0.72114,0.26013,1,0.70079,0.23050,1,0.71097,0.24532,1
1789335180.6478,268.35629,12113787331,0.72114,0.26013,1,0.70079,0.23050,1,0.71097,0.24532,1
1789335180.6545,268.36298,12113854268,0.70835,0.26017,1,0.71398,0.26331,1,0.71116,0.26174,1
1789335180.6612,268.36969,12113921501,0.71167,0.27941,1,0.68895,0.27798,1,0.70031,0.27869,1
1789335180.6677,268.37613,12113985943,0.71167,0.27941,1,0.68715,0.28635,1,0.69941,0.28288,1
1789335180.6748,268.38330,12114057640,0.69509,0.25954,1,0.69966,0.27176,1,0.69738,0.26565,1
1789335180.6813,268.38980,12114122548,0.70033,0.27322,1,0.70837,0.26192,1,0.70435,0.26757,1
1789335180.6878,268.39624,12114186806,0.70022,0.27403,1,0.70817,0.26281,1,0.70420,0.26842,1
1789335180.6945,268.40295,12114253982,0.70710,0.28490,1,0.70412,0.25413,1,0.70561,0.26951,1
1789335180.7014,268.40985,12114323044,0.70398,0.33084,1,0.70572,0.25911,1,0.70485,0.29497,1
1789335180.7079,268.41635,12114387913,0.70284,0.33853,1,0.70567,0.25931,1,0.70426,0.29892,1
1789335180.7148,268.42325,12114457031,0.70894,0.32153,1,0.71579,0.24590,1,0.71236,0.28372,1
1789335180.7215,268.42996,12114524065,0.71560,0.31223,1,0.69799,0.23355,1,0.70679,0.27289,1
1789335180.7280,268.43643,12114588871,0.71801,0.29685,1,0.70178,0.21592,1,0.70989,0.25638,1
1789335180.7347,268.44315,12114655888,0.72222,0.27673,1,0.69205,0.20015,1,0.70714,0.23844,1
1789335180.7416,268.45007,12114725218,0.72781,0.26170,1,0.70061,0.19152,1,0.71421,0.22661,1
1789335180.7481,268.45654,12114789918,0.73053,0.24477,1,0.70282,0.18096,1,0.71667,0.21286,1
1789335180.7550,268.46344,12114859003,0.74687,0.24810,1,0.70999,0.18523,1,0.72843,0.21666,1
1789335180.7617,268.47021,12114926742,0.70154,0.22862,1,0.70992,0.17219,1,0.70573,0.20040,1
1789335180.7682,268.47668,12114991228,0.70053,0.23643,1,0.70804,0.18101,1,0.70429,0.20872,1
1789335180.7751,268.48355,12115060083,0.70936,0.26766,1,0.71874,0.20008,1,0.71405,0.23387,1
1789335180.7815,268.49002,12115124828,0.71079,0.26647,1,0.70174,0.21131,1,0.70626,0.23889,1
1789335180.7883,268.49673,12115191840,0.70947,0.27565,1,0.70355,0.20281,1,0.70651,0.23923,1
1789335180.7952,268.50369,12115261476,0.72126,0.25810,1,0.71776,0.17510,1,0.71951,0.21660,1
1789335180.8017,268.51013,12115325709,0.72907,0.24333,1,0.72560,0.16297,1,0.72734,0.20315,1
1789335180.8083,268.51682,12115392578,0.73172,0.22666,1,0.72560,0.16297,1,0.72866,0.19481,1
1789335180.8152,268.52371,12115461785,0.73734,0.21268,1,0.70637,0.18719,1,0.72185,0.19994,1
1789335180.8217,268.53021,12115526638,0.71924,0.22714,1,0.70013,0.19683,1,0.70969,0.21198,1
1789335180.8284,268.53690,12115593616,0.71812,0.23481,1,0.69835,0.20538,1,0.70823,0.22009,1
1789335180.8353,268.54382,12115662678,0.72062,0.23827,1,0.71041,0.18929,1,0.71551,0.21378,1
1789335180.8420,268.55051,12115729730,0.70403,0.21777,1,0.71285,0.21991,1,0.70844,0.21884,1
1789335180.8488,268.55725,12115796922,0.70403,0.21777,1,0.71285,0.21991,1,0.70844,0.21884,1
1789335180.8552,268.56369,12115861512,0.70508,0.22125,1,0.71163,0.22611,1,0.70835,0.22368,1
1789335180.8619,268.57040,12115928538,0.70294,0.26743,1,0.70974,0.22948,1,0.70634,0.24845,1
1789335180.8689,268.57736,12115998291,0.70169,0.27661,1,0.70746,0.23962,1,0.70457,0.25811,1
1789335180.8754,268.58383,12116062708,0.70911,0.30615,1,0.71206,0.24254,1,0.71059,0.27435,1
1789335180.8820,268.59048,12116129403,0.72402,0.27110,1,0.70769,0.24552,1,0.71586,0.25831,1
1789335180.8889,268.59741,12116198550,0.72402,0.27110,1,0.70963,0.23699,1,0.71682,0.25404,1
1789335180.8958,268.60425,12116267090,0.74837,0.29049,1,0.72190,0.22644,1,0.73513,0.25846,1
1789335180.9024,268.61084,12116332773,0.75077,0.27976,1,0.73205,0.22175,1,0.74141,0.25075,1
1789335180.9088,268.61728,12116397270,0.75220,0.27219,1,0.73654,0.20337,1,0.74437,0.23778,1
1789335180.9155,268.62399,12116464372,0.74825,0.26107,1,0.73423,0.19608,1,0.74124,0.22858,1
1789335180.9224,268.63092,12116533629,0.75412,0.24943,1,0.73391,0.18806,1,0.74401,0.21875,1
1789335180.9289,268.63739,12116598354,0.75573,0.24073,1,0.73391,0.18806,1,0.74482,0.21439,1
1789335180.9356,268.64407,12116665315,0.74612,0.24695,1,0.75037,0.19295,1,0.74825,0.21995,1
1789335180.9425,268.65100,12116734413,0.73920,0.24574,1,0.76316,0.19363,1,0.75118,0.21969,1
1789335180.9492,268.65771,12116801710,0.73924,0.24553,1,0.76092,0.20202,1,0.75008,0.22378,1
1789335180.9557,268.66418,12116866347,0.73143,0.21452,1,0.75490,0.19668,1,0.74317,0.20560,1
1789335180.9626,268.67111,12116935495,0.75162,0.21970,1,0.75540,0.19047,1,0.75351,0.20509,1
1789335180.9694,268.67783,12117002856,0.75187,0.21829,1,0.75581,0.18890,1,0.75384,0.20359,1
1789335180.9758,268.68427,12117067169,0.76239,0.22994,1,0.74410,0.18854,1,0.75324,0.20924,1
1789335180.9827,268.69119,12117136437,0.75813,0.19687,1,0.73711,0.19196,1,0.74762,0.19441,1
1789335180.9892,268.69769,12117201307,0.75494,0.21464,1,0.73700,0.19240,1,0.74597,0.20352,1
1789335180.9959,268.70435,12117268096,0.74322,0.22343,1,0.75310,0.20382,1,0.74816,0.21362,1
1789335181.0028,268.71130,12117337423,0.73429,0.22943,1,0.76083,0.19817,1,0.74756,0.21380,1
1789335181.0093,268.71777,12117402124,0.73554,0.22168,1,0.75813,0.20835,1,0.74683,0.21501,1
1789335181.0160,268.72446,12117469148,0.74966,0.22733,1,0.75001,0.21364,1,0.74983,0.22048,1
1789335181.0229,268.73138,12117538313,0.76188,0.23988,1,0.74357,0.21769,1,0.75272,0.22879,1
1789335181.0297,268.73822,12117606593,0.76195,0.23948,1,0.74368,0.21725,1,0.75282,0.22837,1
1789335181.0363,268.74478,12117672263,0.75624,0.24559,1,0.73334,0.21391,1,0.74479,0.22975,1
1789335181.0430,268.75150,12117739399,0.75563,0.24563,1,0.73228,0.20370,1,0.74395,0.22466,1
1789335181.0497,268.75818,12117806259,0.75415,0.25356,1,0.73463,0.19393,1,0.74439,0.22374,1
1789335181.0564,268.76486,12117873157,0.74187,0.23738,1,0.73045,0.18803,1,0.73616,0.21271,1
1789335181.0629,268.77133,12117937981,0.73790,0.25094,1,0.74855,0.17603,1,0.74323,0.21349,1
1789335181.0696,268.77805,12118004988,0.73919,0.24336,1,0.74596,0.18643,1,0.74258,0.21489,1
1789335181.0766,268.78506,12118075065,0.74187,0.22896,1,0.73860,0.19491,1,0.74024,0.21193,1
1789335181.0830,268.79144,12118138938,0.73843,0.22987,1,0.73128,0.20469,1,0.73485,0.21728,1
1789335181.0899,268.79834,12118208013,0.73694,0.23881,1,0.72889,0.21464,1,0.73292,0.22673,1
1789335181.0966,268.80508,12118275274,0.73498,0.25102,1,0.75120,0.28321,1,0.74309,0.26712,1
1789335181.1034,268.81183,12118342938,0.73380,0.24458,1,0.73288,0.27463,1,0.73334,0.25961,1
1789335181.1098,268.81824,12118406976,0.73380,0.24458,1,0.73503,0.26634,1,0.73441,0.25546,1
1789335181.1167,268.82516,12118476284,0.73560,0.29801,1,0.73672,0.24569,1,0.73616,0.27185,1
1789335181.1234,268.83185,12118542977,0.73673,0.28676,1,0.71656,0.22423,1,0.72664,0.25550,1
1789335181.1299,268.83835,12118607889,0.73805,0.27923,1,0.71851,0.21573,1,0.72828,0.24748,1
1789335181.1368,268.84528,12118677358,0.74437,0.26374,1,0.72396,0.21494,1,0.73416,0.23934,1
1789335181.1432,268.85172,12118741618,0.74134,0.26658,1,0.72565,0.21611,1,0.73349,0.24135,1
1789335181.1502,268.85867,12118811382,0.74134,0.26658,1,0.72565,0.21611,1,0.73349,0.24135,1
1789335181.1566,268.86511,12118875773,0.74252,0.25484,1,0.72245,0.20409,1,0.73248,0.22947,1
1789335181.1636,268.87204,12118944939,0.74801,0.25547,1,0.72558,0.20583,1,0.73679,0.23065,1
1789335181.1702,268.87872,12119011855,0.74801,0.25547,1,0.72790,0.19592,1,0.73796,0.22570,1
1789335181.1767,268.88522,12119076697,0.74920,0.25035,1,0.73667,0.18734,1,0.74293,0.21885,1
1789335181.1834,268.89191,12119143695,0.75015,0.24107,1,0.74237,0.18387,1,0.74626,0.21247,1
1789335181.1904,268.89883,12119212960,0.75173,0.23229,1,0.74028,0.19241,1,0.74601,0.21235,1
1789335181.1968,268.90530,12119277692,0.75688,0.23720,1,0.74260,0.20374,1,0.74974,0.22047,1
1789335181.2038,268.91223,12119346752,0.75519,0.25159,1,0.73935,0.22600,1,0.74727,0.23880,1
1789335181.2105,268.91895,12119413896,0.74934,0.28278,1,0.73055,0.26084,1,0.73995,0.27181,1
1789335181.2169,268.92542,12119478586,0.74883,0.31564,1,0.73178,0.27934,1,0.74031,0.29749,1
1789335181.2237,268.93213,12119545670,0.75400,0.33167,1,0.72913,0.30043,1,0.74156,0.31605,1
1789335181.2307,268.93915,12119616142,0.75400,0.33167,1,0.72913,0.30043,1,0.74156,0.31605,1
1789335181.2370,268.94550,12119679478,0.72024,0.31709,1,0.74053,0.28807,1,0.73039,0.30258,1
1789335181.2437,268.95221,12119746567,0.72211,0.29860,1,0.72994,0.27318,1,0.72603,0.28589,1
1789335181.2506,268.95911,12119815641,0.72450,0.28383,1,0.73624,0.24853,1,0.73037,0.26618,1
1789335181.2571,268.96561,12119880550,0.72968,0.27295,1,0.71818,0.23018,1,0.72393,0.25157,1
1789335181.2638,268.97229,12119947526,0.73425,0.25656,1,0.72338,0.22785,1,0.72882,0.24220,1
1789335181.2707,268.97922,12120016665,0.73422,0.25674,1,0.72566,0.21827,1,0.72994,0.23750,1
1789335181.2772,268.98569,12120081511,0.73641,0.23660,1,0.72765,0.19273,1,0.73203,0.21467,1
1789335181.2839,268.99237,12120148317,0.73372,0.23711,1,0.72966,0.18548,1,0.73169,0.21129,1
1789335181.2908,268.99930,12120217577,0.73388,0.23609,1,0.72993,0.18434,1,0.73191,0.21021,1
1789335181.2973,269.00577,12120282275,0.73758,0.22310,1,0.72823,0.19128,1,0.73290,0.20719,1
1789335181.3040,269.01248,12120349200,0.73807,0.21796,1,0.72492,0.19224,1,0.73149,0.20510,1
1789335181.3110,269.01944,12120418824,0.73807,0.21796,1,0.72492,0.19224,1,0.73149,0.20510,1
1789335181.3174,269.02588,12120483453,0.73360,0.22492,1,0.72910,0.20465,1,0.73135,0.21479,1
1789335181.3243,269.03281,12120552582,0.72892,0.22660,1,0.72159,0.19183,1,0.72525,0.20921,1
1789335181.3310,269.03952,12120619872,0.72892,0.22660,1,0.71931,0.20183,1,0.72411,0.21421,1
1789335181.3375,269.04599,12120684299,0.73276,0.22621,1,0.72122,0.21578,1,0.72699,0.22099,1
1789335181.3444,269.05292,12120753549,0.72602,0.26995,1,0.73665,0.22080,1,0.73133,0.24537,1
1789335181.3512,269.05966,12120821183,0.72460,0.27879,1,0.73416,0.23081,1,0.72938,0.25480,1
1789335181.3578,269.06628,12120887340,0.72249,0.28696,1,0.73430,0.23404,1,0.72839,0.26050,1
1789335181.3645,269.07297,12120954321,0.71914,0.25670,1,0.73334,0.24043,1,0.72624,0.24856,1
1789335181.3710,269.07947,12121019181,0.72036,0.24858,1,0.73339,0.24022,1,0.72688,0.24440,1
1789335181.3777,269.08615,12121086117,0.73673,0.27022,1,0.74370,0.25517,1,0.74021,0.26270,1
1789335181.3846,269.09311,12121155726,0.75303,0.28490,1,0.74484,0.26091,1,0.74894,0.27291,1
1789335181.3914,269.09988,12121223473,0.75026,0.29930,1,0.74058,0.27686,1,0.74542,0.28808,1
1789335181.3978,269.10626,12121287140,0.73898,0.32161,1,0.72813,0.30014,1,0.73356,0.31087,1
1789335181.4047,269.11322,12121356730,0.73212,0.33355,1,0.72003,0.31068,1,0.72608,0.32212,1
1789335181.4112,269.11966,12121421223,0.73071,0.34138,1,0.71784,0.31927,1,0.72428,0.33033,1
1789335181.4182,269.12665,12121491044,0.72902,0.33220,1,0.71327,0.31055,1,0.72115,0.32137,1
1789335181.4246,269.13306,12121555070,0.72625,0.32276,1,0.70921,0.29079,1,0.71773,0.30678,1
1789335181.4313,269.13974,12121621999,0.72743,0.31587,1,0.71541,0.26485,1,0.72142,0.29036,1
1789335181.4382,269.14670,12121691475,0.71851,0.31718,1,0.73585,0.27053,1,0.72718,0.29386,1
1789335181.4447,269.15317,12121756058,0.73315,0.27486,1,0.75229,0.26203,1,0.74272,0.26845,1
1789335181.4514,269.15985,12121823116,0.73597,0.25818,1,0.75229,0.26203,1,0.74413,0.26011,1
1789335181.4583,269.16675,12121892103,0.74716,0.27935,1,0.73646,0.21414,1,0.74181,0.24675,1
1789335181.4648,269.17325,12121957090,0.73988,0.29682,1,0.72983,0.23886,1,0.73486,0.26784,1
1789335181.4715,269.17993,12122023878,0.73694,0.31310,1,0.72519,0.25769,1,0.73106,0.28540,1
1789335181.4784,269.18686,12122093038,0.72985,0.32968,1,0.71671,0.32195,1,0.72328,0.32582,1
1789335181.4851,269.19360,12122160469,0.73216,0.31340,1,0.71935,0.30938,1,0.72575,0.31139,1
1789335181.4916,269.20004,12122224885,0.73216,0.31340,1,0.71935,0.30938,1,0.72575,0.31139,1
1789335181.4985,269.20694,12122293956,0.72144,0.34241,1,0.71461,0.29156,1,0.71803,0.31698,1
1789335181.5052,269.21365,12122361186,0.71910,0.33566,1,0.70766,0.29567,1,0.71338,0.31566,1
1789335181.5117,269.22015,12122425939,0.72038,0.32795,1,0.71172,0.27868,1,0.71605,0.30332,1
1789335181.5186,269.22705,12122494898,0.68083,0.29697,1,0.69320,0.22589,1,0.68701,0.26143,1
1789335181.5253,269.23376,12122562093,0.62893,0.28339,1,0.65200,0.21663,1,0.64046,0.25001,1
1789335181.5320,269.24045,12122628987,0.62989,0.26776,1,0.65347,0.20781,1,0.64168,0.23778,1
1789335181.5387,269.24716,12122695999,0.53469,0.28875,1,0.56082,0.24329,1,0.54775,0.26602,1
1789335181.5451,269.25360,12122760638,0.50078,0.30248,1,0.51621,0.29567,1,0.50849,0.29908,1
1789335181.5518,269.26031,12122827797,0.50068,0.30110,1,0.51658,0.28627,1,0.50863,0.29368,1
1789335181.5589,269.26736,12122898024,0.40091,0.27570,1,0.43185,0.28233,1,0.41638,0.27901,1
1789335181.5652,269.27371,12122961696,0.37946,0.31532,1,0.40508,0.28700,1,0.39227,0.30116,1
1789335181.5720,269.28043,12123028724,0.37801,0.30792,1,0.40450,0.27936,1,0.39125,0.29364,1
1789335181.5790,269.28751,12123099631,0.34446,0.27667,1,0.32056,0.29915,1,0.33251,0.28791,1
1789335181.5853,269.29379,12123162556,0.34883,0.30009,1,0.32500,0.31387,1,0.33691,0.30698,1
1789335181.5922,269.30072,12123231705,0.35082,0.30903,1,0.32645,0.32270,1,0.33864,0.31587,1
1789335181.5991,269.30756,12123300168,0.34103,0.30249,1,0.32780,0.33565,1,0.33442,0.31907,1
1789335181.6054,269.31390,12123363487,0.34224,0.31165,1,0.32929,0.30148,1,0.33577,0.30656,1
1789335181.6124,269.32083,12123432801,0.34404,0.31938,1,0.33053,0.30931,1,0.33728,0.31435,1
1789335181.6188,269.32730,12123497632,0.35101,0.32998,1,0.33835,0.31950,1,0.34468,0.32474,1
1789335181.6258,269.33423,12123566871,0.35844,0.33396,1,0.34424,0.33736,1,0.35134,0.33566,1
1789335181.6325,269.34094,12123634097,0.36016,0.34168,1,0.34538,0.34510,1,0.35277,0.34339,1
1789335181.6389,269.34741,12123698596,0.36512,0.35093,1,0.35607,0.34658,1,0.36059,0.34875,1
1789335181.6459,269.35434,12123767820,0.36302,0.34884,1,0.35772,0.33737,1,0.36037,0.34310,1
1789335181.6526,269.36108,12123835260,0.36302,0.34884,1,0.35772,0.33737,1,0.36037,0.34310,1
1789335181.6590,269.36749,12123899461,0.37340,0.34449,1,0.35985,0.33914,1,0.36662,0.34182,1
1789335181.6659,269.37442,12123968617,0.37607,0.34749,1,0.36233,0.34528,1,0.36920,0.34639,1
1789335181.6724,269.38089,12124033272,0.37745,0.35419,1,0.36320,0.35206,1,0.37033,0.35312,1
1789335181.6791,269.38760,12124100626,0.38012,0.35656,1,0.35016,0.36385,1,0.36514,0.36021,1
1789335181.6860,269.39450,12124169493,0.38939,0.36018,1,0.32801,0.35346,1,0.35870,0.35682,1
1789335181.6928,269.40125,12124237026,0.39071,0.36692,1,0.32916,0.36032,1,0.35994,0.36362,1
1789335181.6992,269.40768,12124301484,0.35566,0.36049,1,0.33590,0.36830,1,0.34578,0.36440,1
1789335181.7061,269.41461,12124370524,0.35774,0.36338,1,0.34434,0.37029,1,0.35104,0.36683,1
1789335181.7126,269.42105,12124435178,0.35617,0.35658,1,0.34330,0.36351,1,0.34974,0.36005,1
1789335181.7194,269.42783,12124502639,0.36326,0.34339,1,0.34589,0.35571,1,0.35457,0.34955,1
1789335181.7262,269.43472,12124571778,0.36771,0.33370,1,0.35179,0.34936,1,0.35975,0.34153,1
1789335181.7327,269.44116,12124636163,0.36459,0.31900,1,0.34974,0.33481,1,0.35716,0.32690,1
1789335181.7396,269.44809,12124705450,0.36510,0.30728,1,0.35168,0.32113,1,0.35839,0.31421,1
1789335181.7463,269.45480,12124772438,0.36219,0.29939,1,0.35478,0.32607,1,0.35849,0.31273,1
1789335181.7528,269.46127,12124837214,0.36219,0.29939,1,0.35478,0.32607,1,0.35849,0.31273,1
1789335181.7595,269.46796,12124904139,0.36679,0.31613,1,0.36064,0.32675,1,0.36372,0.32144,1
1789335181.7664,269.47488,12124973236,0.36972,0.31943,1,0.36377,0.33846,1,0.36674,0.32894,1
1789335181.7732,269.48166,12125041234,0.37134,0.32726,1,0.36475,0.34620,1,0.36804,0.33673,1
1789335181.7798,269.48828,12125107385,0.37427,0.32390,1,0.36818,0.34756,1,0.37122,0.33573,1
1789335181.7863,269.49475,12125172165,0.37818,0.32612,1,0.36606,0.34931,1,0.37212,0.33772,1
1789335181.7932,269.50168,12125241446,0.37818,0.32612,1,0.36783,0.36343,1,0.37301,0.34478,1
1789335181.7997,269.50815,12125306098,0.37902,0.34826,1,0.35174,0.38375,1,0.36538,0.36601,1
1789335181.8066,269.51511,12125375526,0.36049,0.35707,1,0.37073,0.39072,1,0.36561,0.37390,1
1789335181.8134,269.52188,12125443462,0.36374,0.37141,1,0.37251,0.40486,1,0.36812,0.38814,1
1789335181.8198,269.52826,12125507054,0.37074,0.39090,1,0.35279,0.40709,1,0.36177,0.39900,1
1789335181.8267,269.53522,12125576640,0.36948,0.39352,1,0.37370,0.41559,1,0.37159,0.40455,1
1789335181.8332,269.54169,12125641263,0.36948,0.39352,1,0.37288,0.40907,1,0.37118,0.40129,1
1789335181.8401,269.54855,12125710052,0.38608,0.38048,1,0.36544,0.40687,1,0.37576,0.39367,1
1789335181.8465,269.55502,12125774785,0.36173,0.37552,1,0.36284,0.38974,1,0.36228,0.38263,1
1789335181.8533,269.56177,12125842109,0.36019,0.36885,1,0.36094,0.37568,1,0.36057,0.37227,1
1789335181.8602,269.56870,12125911335,0.37549,0.35888,1,0.35990,0.36171,1,0.36769,0.36029,1
1789335181.8670,269.57544,12125978779,0.37485,0.35258,1,0.35771,0.39288,1,0.36628,0.37273,1
1789335181.8736,269.58212,12126045698,0.37327,0.34502,1,0.35669,0.38566,1,0.36498,0.36534,1
1789335181.8803,269.58881,12126112476,0.36190,0.32101,1,0.35356,0.36913,1,0.35773,0.34507,1
1789335181.8867,269.59521,12126176801,0.36647,0.31915,1,0.35373,0.37131,1,0.36010,0.34523,1
1789335181.8935,269.60193,12126243839,0.36481,0.31124,1,0.35266,0.36380,1,0.35873,0.33752,1
1789335181.9004,269.60892,12126313764,0.35664,0.31024,1,0.34864,0.35855,1,0.35264,0.33440,1
1789335181.9069,269.61533,12126377836,0.35535,0.30328,1,0.34710,0.36520,1,0.35123,0.33424,1
1789335181.9136,269.62204,12126444822,0.35365,0.29542,1,0.34708,0.36503,1,0.35036,0.33023,1
1789335181.9205,269.62900,12126514489,0.37575,0.34333,1,0.37957,0.34495,1,0.37766,0.34414,1
1789335181.9270,269.63544,12126578743,0.40289,0.36224,1,0.37900,0.35458,1,0.39095,0.35841,1
1789335181.9336,269.64212,12126645820,0.40421,0.36943,1,0.37900,0.35458,1,0.39161,0.36201,1
1789335181.9407,269.64920,12126716636,0.39829,0.32505,1,0.38880,0.36525,1,0.39355,0.34515,1
1789335181.9470,269.65549,12126779468,0.39766,0.32629,1,0.38971,0.34915,1,0.39369,0.33772,1
1789335181.9539,269.66241,12126848819,0.39631,0.31878,1,0.38971,0.34915,1,0.39301,0.33397,1
1789335181.9607,269.66919,12126916416,0.40279,0.32855,1,0.40002,0.37077,1,0.40141,0.34966,1
1789335181.9671,269.67560,12126980530,0.41005,0.33873,1,0.39974,0.37716,1,0.40489,0.35795,1
1789335181.9741,269.68253,12127049801,0.41130,0.34612,1,0.39974,0.37716,1,0.40552,0.36164,1
1789335181.9808,269.68927,12127117287,0.40874,0.34364,1,0.37937,0.36858,1,0.39406,0.35611,1
1789335181.9872,269.69571,12127181600,0.40960,0.33009,1,0.38085,0.36110,1,0.39522,0.34560,1
1789335181.9942,269.70270,12127251493,0.40835,0.32263,1,0.38005,0.35386,1,0.39420,0.33824,1
1789335182.0006,269.70911,12127315694,0.40722,0.31879,1,0.37454,0.34520,1,0.39088,0.33200,1
1789335182.0073,269.71582,12127382654,0.40650,0.32290,1,0.37575,0.34886,1,0.39112,0.33588,1
1789335182.0142,269.72272,12127451755,0.40650,0.32290,1,0.37479,0.34046,1,0.39065,0.33168,1
1789335182.0209,269.72940,12127518671,0.40929,0.33860,1,0.39570,0.33713,1,0.40250,0.33787,1
1789335182.0274,269.73590,12127583459,0.40141,0.30131,1,0.39015,0.31143,1,0.39578,0.30637,1
1789335182.0343,269.74280,12127652615,0.40125,0.30034,1,0.39006,0.31047,1,0.39565,0.30541,1
1789335182.0408,269.74930,12127717388,0.39662,0.33310,1,0.39469,0.33770,1,0.39566,0.33540,1
1789335182.0475,269.75598,12127784332,0.39504,0.32037,1,0.39559,0.32609,1,0.39532,0.32323,1
1789335182.0544,269.76291,12127853528,0.39504,0.32037,1,0.39559,0.32609,1,0.39532,0.32323,1
1789335182.0612,269.76968,12127921484,0.39361,0.30264,1,0.39344,0.31028,1,0.39352,0.30646,1
1789335182.0676,269.77609,12127985488,0.39127,0.30617,1,0.39538,0.30315,1,0.39332,0.30466,1
1789335182.0746,269.78308,12128055413,0.39127,0.30617,1,0.39538,0.30315,1,0.39332,0.30466,1
1789335182.0812,269.78970,12128121634,0.39307,0.30853,1,0.39257,0.31317,1,0.39282,0.31085,1
1789335182.0877,269.79617,12128186393,0.39173,0.30747,1,0.39578,0.32318,1,0.39376,0.31533,1
1789335182.0947,269.80313,12128255888,0.39312,0.31510,1,0.39722,0.33931,1,0.39517,0.32720,1
1789335182.1011,269.80957,12128320286,0.39274,0.33968,1,0.39004,0.33409,1,0.39139,0.33688,1
1789335182.1080,269.81650,12128389463,0.39479,0.33028,1,0.39576,0.34514,1,0.39527,0.33771,1
1789335182.1148,269.82324,12128456902,0.39496,0.33125,1,0.39506,0.33746,1,0.39501,0.33436,1
1789335182.1212,269.82968,12128521296,0.41283,0.33006,1,0.38398,0.32298,1,0.39841,0.32652,1
1789335182.1279,269.83640,12128588428,0.40869,0.30639,1,0.38041,0.29440,1,0.39455,0.30039,1
1789335182.1348,269.84332,12128657767,0.40727,0.29777,1,0.37951,0.28566,1,0.39339,0.29171,1
1789335182.1413,269.84976,12128722210,0.39336,0.30010,1,0.36621,0.33240,1,0.37978,0.31625,1
1789335182.1482,269.85672,12128791575,0.39803,0.31356,1,0.39622,0.34484,1,0.39712,0.32920,1
1789335182.1547,269.86316,12128856154,0.39803,0.31356,1,0.39697,0.35318,1,0.39750,0.33337,1
1789335182.1616,269.87009,12128925251,0.42232,0.27064,1,0.40467,0.31939,1,0.41350,0.29502,1
1789335182.1684,269.87683,12128992736,0.43232,0.32906,1,0.44407,0.34032,1,0.43820,0.33469,1
1789335182.1750,269.88348,12129059231,0.43122,0.32143,1,0.44379,0.33258,1,0.43750,0.32701,1
1789335182.1818,269.89023,12129126659,0.44176,0.32711,1,0.42465,0.33208,1,0.43320,0.32959,1
1789335182.1882,269.89667,12129191198,0.43759,0.31570,1,0.42287,0.31323,1,0.43023,0.31447,1
1789335182.1951,269.90356,12129260153,0.43643,0.30717,1,0.42236,0.30452,1,0.42939,0.30584,1
1789335182.2018,269.91031,12129327654,0.43641,0.30051,1,0.42554,0.31071,1,0.43097,0.30561,1
1789335182.2083,269.91675,12129392087,0.43658,0.29335,1,0.42954,0.30603,1,0.43306,0.29969,1
1789335182.2150,269.92343,12129458915,0.43658,0.29335,1,0.42910,0.29753,1,0.43284,0.29544,1
1789335182.2219,269.93042,12129528663,0.43508,0.27268,1,0.42619,0.28063,1,0.43064,0.27666,1
1789335182.2288,269.93726,12129597119,0.43043,0.26649,1,0.42896,0.30147,1,0.42970,0.28398,1
1789335182.2353,269.94379,12129662276,0.43046,0.26669,1,0.42940,0.30998,1,0.42993,0.28833,1
1789335182.2418,269.95023,12129726869,0.43063,0.28150,1,0.41805,0.30028,1,0.42434,0.29089,1
1789335182.2485,269.95694,12129793967,0.43325,0.32326,1,0.42311,0.33027,1,0.42818,0.32677,1
1789335182.2554,269.96387,12129863234,0.43669,0.34734,1,0.42458,0.35482,1,0.43063,0.35108,1
1789335182.2619,269.97034,12129927860,0.45383,0.36111,1,0.44243,0.35294,1,0.44813,0.35703,1
1789335182.2686,269.97705,12129994928,0.45653,0.37354,1,0.44174,0.37577,1,0.44914,0.37466,1
1789335182.2755,269.98395,12130064055,0.45745,0.38083,1,0.44205,0.38321,1,0.44975,0.38202,1
1789335182.2820,269.99045,12130128915,0.45894,0.36716,1,0.44398,0.36950,1,0.45146,0.36833,1
1789335182.2889,269.99734,12130197918,0.45838,0.36482,1,0.44857,0.40409,1,0.45347,0.38445,1
1789335182.2956,270.00409,12130265325,0.45838,0.36482,1,0.44857,0.40409,1,0.45347,0.38445,1
1789335182.3021,270.01053,12130329702,0.45222,0.36556,1,0.43479,0.39830,1,0.44350,0.38193,1
1789335182.3088,270.01724,12130396856,0.44723,0.36477,1,0.43435,0.35940,1,0.44079,0.36209,1
1789335182.3157,270.02414,12130466059,0.44723,0.36477,1,0.43435,0.35940,1,0.44079,0.36209,1
1789335182.3222,270.03064,12130530992,0.44319,0.33388,1,0.42494,0.38374,1,0.43407,0.35881,1
1789335182.3291,270.03754,12130599873,0.46479,0.33712,1,0.42390,0.38214,1,0.44434,0.35963,1
1789335182.3358,270.04428,12130667222,0.46393,0.32945,1,0.42389,0.38197,1,0.44391,0.35571,1
1789335182.3422,270.05072,12130731674,0.46396,0.33609,1,0.42585,0.38152,1,0.44490,0.35880,1
1789335182.3492,270.05768,12130801365,0.46427,0.33643,1,0.42335,0.37919,1,0.44381,0.35781,1
1789335182.3556,270.06412,12130865583,0.46510,0.34386,1,0.42335,0.37919,1,0.44422,0.36152,1
1789335182.3628,270.07132,12130937592,0.44228,0.37379,1,0.42826,0.37124,1,0.43527,0.37251,1
1789335182.3693,270.07776,12131001976,0.44525,0.36379,1,0.42364,0.38365,1,0.43444,0.37372,1
1789335182.3757,270.08420,12131066459,0.44424,0.35646,1,0.42364,0.38365,1,0.43394,0.37005,1
1789335182.3824,270.09091,12131133549,0.45390,0.34214,1,0.41565,0.39742,1,0.43478,0.36978,1
1789335182.3894,270.09790,12131203399,0.44750,0.35169,1,0.43730,0.40114,1,0.44240,0.37642,1
1789335182.3958,270.10431,12131267514,0.44747,0.35152,1,0.43729,0.40098,1,0.44238,0.37625,1
1789335182.4025,270.11099,12131334523,0.46014,0.33601,1,0.43022,0.39703,1,0.44518,0.36652,1
1789335182.4094,270.11792,12131403645,0.45769,0.37336,1,0.44911,0.39283,1,0.45340,0.38309,1
1789335182.4159,270.12436,12131468233,0.45861,0.38070,1,0.44912,0.39300,1,0.45386,0.38685,1
1789335182.4226,270.13110,12131535453,0.45336,0.34279,1,0.44518,0.40831,1,0.44927,0.37555,1
1789335182.4296,270.13803,12131604814,0.45364,0.37854,1,0.44141,0.39878,1,0.44753,0.38866,1
1789335182.4360,270.14447,12131669364,0.45366,0.37871,1,0.44142,0.39894,1,0.44754,0.38883,1
1789335182.4427,270.15118,12131736359,0.44915,0.35779,1,0.43177,0.38087,1,0.44046,0.36933,1
1789335182.4496,270.15811,12131805659,0.43972,0.38287,1,0.43369,0.38903,1,0.43671,0.38595,1
1789335182.4561,270.16461,12131870561,0.43972,0.38287,1,0.43369,0.38903,1,0.43671,0.38595,1
1789335182.4628,270.17130,12131937402,0.47826,0.36993,1,0.46005,0.34534,1,0.46915,0.35764,1
1789335182.4697,270.17819,12132006519,0.52855,0.35958,1,0.51166,0.35206,1,0.52010,0.35582,1
1789335182.4762,270.18469,12132071320,0.52855,0.35958,1,0.51166,0.35206,1,0.52010,0.35582,1
1789335182.4831,270.19159,12132140374,0.55421,0.34332,1,0.56165,0.37736,1,0.55793,0.36034,1
1789335182.4896,270.19806,12132205164,0.54887,0.39985,1,0.55208,0.36727,1,0.55048,0.38356,1
1789335182.4963,270.20474,12132272041,0.54852,0.38469,1,0.55346,0.35087,1,0.55099,0.36778,1
1789335182.5033,270.21176,12132342176,0.56990,0.35027,1,0.55965,0.33077,1,0.56477,0.34052,1
1789335182.5100,270.21844,12132408834,0.57454,0.32067,1,0.56265,0.31378,1,0.56860,0.31723,1
1789335182.5166,270.22510,12132475475,0.57458,0.31337,1,0.56335,0.30613,1,0.56896,0.30975,1
1789335182.5233,270.23181,12132542527,0.57417,0.31073,1,0.56768,0.34743,1,0.57092,0.32908,1
1789335182.5300,270.23849,12132609469,0.57548,0.30865,1,0.57068,0.32027,1,0.57308,0.31446,1
1789335182.5365,270.24496,12132674160,0.57542,0.31728,1,0.56979,0.32914,1,0.57261,0.32321,1
1789335182.5432,270.25168,12132741188,0.57236,0.31350,1,0.56840,0.36247,1,0.57038,0.33799,1
1789335182.5501,270.25861,12132810445,0.57675,0.35277,1,0.57378,0.34360,1,0.57526,0.34819,1
1789335182.5566,270.26505,12132875116,0.57669,0.35995,1,0.57298,0.35116,1,0.57483,0.35556,1
1789335182.5633,270.27176,12132942114,0.58460,0.38011,1,0.57786,0.35800,1,0.58123,0.36905,1
1789335182.5703,270.27875,12133011957,0.58663,0.38252,1,0.57944,0.35971,1,0.58303,0.37112,1
1789335182.5767,270.28516,12133075998,0.58635,0.39583,1,0.57696,0.38145,1,0.58166,0.38864,1
1789335182.5836,270.29205,12133145209,0.58109,0.39367,1,0.57108,0.38312,1,0.57608,0.38839,1
1789335182.5903,270.29880,12133212440,0.57762,0.40343,1,0.56987,0.43304,1,0.57374,0.41823,1
1789335182.5970,270.30545,12133279082,0.57762,0.40326,1,0.56989,0.43287,1,0.57375,0.41807,1
1789335182.6038,270.31223,12133346656,0.57508,0.40609,1,0.55364,0.39627,1,0.56436,0.40118,1
1789335182.6104,270.31888,12133413382,0.59169,0.38232,1,0.54860,0.38311,1,0.57014,0.38272,1
1789335182.6169,270.32535,12133478013,0.59205,0.36869,1,0.54977,0.36887,1,0.57091,0.36878,1
1789335182.6240,270.33246,12133548975,0.57080,0.37660,1,0.57315,0.36211,1,0.57198,0.36936,1
1789335182.6303,270.33875,12133611874,0.57737,0.38400,1,0.56299,0.40079,1,0.57018,0.39239,1
1789335182.6372,270.34567,12133681354,0.57737,0.38400,1,0.56371,0.39363,1,0.57054,0.38882,1
1789335182.6440,270.35248,12133749192,0.58641,0.36783,1,0.54828,0.39533,1,0.56735,0.38158,1
1789335182.6504,270.35883,12133812786,0.58076,0.35814,1,0.58597,0.38312,1,0.58336,0.37063,1
1789335182.6573,270.36575,12133881934,0.58085,0.35106,1,0.58597,0.38312,1,0.58341,0.36709,1
1789335182.6638,270.37225,12133946916,0.58653,0.34890,1,0.57729,0.37563,1,0.58191,0.36227,1
1789335182.6707,270.37915,12134016032,0.58117,0.34213,1,0.56838,0.39608,1,0.57478,0.36910,1
1789335182.6774,270.38586,12134083175,0.58108,0.34934,1,0.56762,0.40321,1,0.57435,0.37627,1
1789335182.6839,270.39233,12134147841,0.59481,0.36600,1,0.55926,0.37682,1,0.57703,0.37141,1
1789335182.6905,270.39902,12134214635,0.59677,0.36090,1,0.55641,0.37231,1,0.57659,0.36660,1
1789335182.6975,270.40598,12134284335,0.59677,0.36090,1,0.55707,0.36492,1,0.57692,0.36291,1
1789335182.7039,270.41241,12134348621,0.59700,0.36207,1,0.56201,0.36970,1,0.57951,0.36588,1
1789335182.7107,270.41913,12134415725,0.59721,0.35500,1,0.56384,0.35823,1,0.58052,0.35662,1
1789335182.7176,270.42603,12134484801,0.59743,0.34791,1,0.56384,0.35823,1,0.58064,0.35307,1
1789335182.7241,270.43253,12134549698,0.57819,0.34034,1,0.56576,0.37024,1,0.57197,0.35529,1
1789335182.7307,270.43921,12134616665,0.58301,0.35492,1,0.56697,0.38224,1,0.57499,0.36858,1
1789335182.7377,270.44614,12134685802,0.58290,0.36203,1,0.56623,0.38949,1,0.57456,0.37576,1
1789335182.7442,270.45267,12134751121,0.58427,0.37966,1,0.56496,0.39035,1,0.57462,0.38500,1
1789335182.7508,270.45932,12134817630,0.58427,0.37966,1,0.56424,0.39185,1,0.57425,0.38576,1
1789335182.7578,270.46625,12134886878,0.58427,0.37966,1,0.56424,0.39185,1,0.57425,0.38576,1
1789335182.7644,270.47290,12134953644,0.56333,0.38649,1,0.56110,0.39346,1,0.56222,0.38997,1
1789335182.7712,270.47971,12135021437,0.56546,0.38067,1,0.56493,0.35561,1,0.56520,0.36814,1
1789335182.7779,270.48639,12135088322,0.56546,0.38067,1,0.56566,0.34807,1,0.56556,0.36437,1
1789335182.7843,270.49280,12135152569,0.62356,0.36960,1,0.61054,0.34128,1,0.61705,0.35544,1
1789335182.7913,270.49973,12135221713,0.62232,0.37171,1,0.63228,0.29639,1,0.62730,0.33405,1
1789335182.7977,270.50620,12135286509,0.62274,0.36478,1,0.63228,0.29639,1,0.62751,0.33059,1
1789335182.8044,270.51288,12135353365,0.61569,0.35664,1,0.64072,0.34377,1,0.62821,0.35021,1
1789335182.8113,270.51981,12135422571,0.62138,0.35941,1,0.64324,0.36403,1,0.63231,0.36172,1
1789335182.8178,270.52631,12135487504,0.62096,0.36645,1,0.64185,0.37146,1,0.63141,0.36895,1
1789335182.8245,270.53299,12135554393,0.61901,0.37291,1,0.64079,0.36254,1,0.62990,0.36773,1
1789335182.8314,270.53992,12135623626,0.61916,0.36499,1,0.64695,0.34867,1,0.63306,0.35683,1
1789335182.8379,270.54639,12135688378,0.61916,0.36499,1,0.64695,0.34867,1,0.63306,0.35683,1
1789335182.8446,270.55307,12135755342,0.62222,0.36260,1,0.64297,0.34851,1,0.63259,0.35556,1
1789335182.8516,270.56009,12135825559,0.62063,0.37515,1,0.64875,0.35756,1,0.63469,0.36636,1
1789335182.8582,270.56671,12135891775,0.62063,0.37515,1,0.64875,0.35756,1,0.63469,0.36636,1
1789335182.8649,270.57339,12135958384,0.62211,0.37280,1,0.64748,0.34453,1,0.63479,0.35867,1
1789335182.8717,270.58014,12136026020,0.62552,0.37931,1,0.62336,0.34163,1,0.62444,0.36047,1
1789335182.8781,270.58658,12136090280,0.62552,0.37931,1,0.62336,0.34163,1,0.62444,0.36047,1
1789335182.8850,270.59351,12136159588,0.62683,0.37359,1,0.62657,0.31824,1,0.62670,0.34591,1
1789335182.8915,270.59995,12136224001,0.62889,0.37562,1,0.63001,0.31964,1,0.62945,0.34763,1
1789335182.8982,270.60669,12136291295,0.62839,0.38279,1,0.62998,0.31982,1,0.62918,0.35131,1
1789335182.9052,270.61365,12136361001,0.62818,0.38492,1,0.63112,0.33009,1,0.62965,0.35751,1
1789335182.9116,270.62006,12136425123,0.62771,0.38568,1,0.62427,0.32930,1,0.62599,0.35749,1
1789335182.9183,270.62677,12136492223,0.62727,0.39210,1,0.62190,0.34424,1,0.62458,0.36817,1
1789335182.9253,270.63373,12136561668,0.62489,0.39787,1,0.62087,0.35951,1,0.62288,0.37869,1
1789335182.9321,270.64053,12136629965,0.62044,0.41397,1,0.63349,0.36588,1,0.62696,0.38993,1
1789335182.9384,270.64688,12136693207,0.62000,0.42095,1,0.63211,0.37374,1,0.62605,0.39734,1
1789335182.9451,270.65353,12136759999,0.62252,0.43456,1,0.63900,0.37342,1,0.63076,0.40399,1
1789335182.9518,270.66025,12136827049,0.61860,0.42375,1,0.63443,0.36630,1,0.62651,0.39502,1
1789335182.9587,270.66721,12136896646,0.61897,0.41756,1,0.63567,0.35931,1,0.62732,0.38844,1
1789335182.9652,270.67365,12136961063,0.61831,0.41280,1,0.64046,0.36432,1,0.62939,0.38856,1
1789335182.9719,270.68033,12137027957,0.61587,0.41572,1,0.63619,0.33909,1,0.62603,0.37741,1
1789335182.9788,270.68729,12137097239,0.61587,0.41572,1,0.63619,0.33909,1,0.62603,0.37741,1
1789335182.9853,270.69376,12137162002,0.61343,0.40657,1,0.63450,0.33296,1,0.62397,0.36977,1
1789335182.9920,270.70044,12137228963,0.63551,0.39968,1,0.63174,0.34451,1,0.63363,0.37210,1
1789335182.9990,270.70743,12137298898,0.63551,0.39968,1,0.63174,0.34451,1,0.63363,0.37210,1
1789335183.0058,270.71423,12137366831,0.61219,0.39132,1,0.63674,0.36493,1,0.62447,0.37813,1
1789335183.0123,270.72076,12137432043,0.62781,0.38770,1,0.63771,0.39860,1,0.63276,0.39315,1
1789335183.0190,270.72751,12137499515,0.62781,0.38770,1,0.63771,0.39860,1,0.63276,0.39315,1
1789335183.0257,270.73416,12137566057,0.65036,0.38489,1,0.65528,0.35233,1,0.65282,0.36861,1
1789335183.0324,270.74084,12137632970,0.65506,0.38631,1,0.65150,0.35723,1,0.65328,0.37177,1
1789335183.0392,270.74765,12137700881,0.65506,0.38631,1,0.65302,0.34940,1,0.65404,0.36785,1
1789335183.0455,270.75400,12137764607,0.65082,0.37305,1,0.65036,0.37437,1,0.65059,0.37371,1
1789335183.0525,270.76096,12137834180,0.65204,0.36926,1,0.64977,0.32756,1,0.65091,0.34841,1
1789335183.0593,270.76773,12137901830,0.65273,0.36209,1,0.65124,0.31968,1,0.65198,0.34089,1
1789335183.0656,270.77411,12137965708,0.67006,0.36177,1,0.65138,0.32420,1,0.66072,0.34298,1
1789335183.0727,270.78113,12138035657,0.66707,0.36014,1,0.65417,0.36363,1,0.66062,0.36188,1
1789335183.0791,270.78754,12138099851,0.66707,0.36014,1,0.65269,0.37113,1,0.65988,0.36563,1
1789335183.0857,270.79422,12138166714,0.66439,0.37390,1,0.66823,0.33486,1,0.66631,0.35438,1
1789335183.0927,270.80115,12138235886,0.66169,0.39055,1,0.65924,0.34621,1,0.66046,0.36838,1
1789335183.0992,270.80765,12138301037,0.66093,0.39754,1,0.65924,0.34621,1,0.66008,0.37187,1
1789335183.1058,270.81430,12138367562,0.65354,0.39756,1,0.66351,0.34844,1,0.65852,0.37300,1
1789335183.1128,270.82123,12138436914,0.65283,0.39475,1,0.65681,0.33964,1,0.65482,0.36719,1
1789335183.1192,270.82770,12138501489,0.65422,0.38068,1,0.65989,0.32390,1,0.65705,0.35229,1
1789335183.1259,270.83441,12138568624,0.65831,0.37273,1,0.66505,0.32725,1,0.66168,0.34999,1
1789335183.1327,270.84113,12138635685,0.65564,0.36548,1,0.66664,0.32066,1,0.66114,0.34307,1
1789335183.1396,270.84805,12138704971,0.65634,0.35842,1,0.66823,0.31280,1,0.66229,0.33561,1
1789335183.1460,270.85449,12138769498,0.67735,0.36557,1,0.66450,0.31746,1,0.67092,0.34151,1
1789335183.1527,270.86121,12138836539,0.67695,0.36747,1,0.67395,0.32511,1,0.67545,0.34629,1
1789335183.1597,270.86813,12138905909,0.67695,0.36747,1,0.67235,0.33269,1,0.67465,0.35008,1
1789335183.1661,270.87457,12138970315,0.67038,0.37827,1,0.67150,0.30620,1,0.67094,0.34223,1
1789335183.1730,270.88150,12139039644,0.66911,0.38964,1,0.66674,0.31432,1,0.66792,0.35198,1
1789335183.1798,270.88828,12139107254,0.66831,0.39638,1,0.66516,0.32218,1,0.66674,0.35928,1
1789335183.1864,270.89490,12139173585,0.66826,0.41108,1,0.66538,0.32596,1,0.66682,0.36852,1
1789335183.1932,270.90164,12139240895,0.66423,0.42042,1,0.67063,0.32573,1,0.66743,0.37308,1
1789335183.1996,270.90808,12139305340,0.66423,0.42042,1,0.67063,0.32573,1,0.66743,0.37308,1
1789335183.2063,270.91479,12139372363,0.66454,0.38387,1,0.66559,0.32758,1,0.66506,0.35573,1
1789335183.2133,270.92175,12139441999,0.66332,0.38728,1,0.66144,0.32610,1,0.66238,0.35669,1
1789335183.2197,270.92819,12139506461,0.66254,0.39432,1,0.65986,0.33411,1,0.66120,0.36422,1
1789335183.2264,270.93488,12139573165,0.65845,0.41160,1,0.65646,0.34828,1,0.65745,0.37994,1
1789335183.2333,270.94180,12139642547,0.65865,0.41569,1,0.65452,0.35516,1,0.65659,0.38542,1
1789335183.2401,270.94858,12139710223,0.65789,0.42268,1,0.65162,0.36992,1,0.65475,0.39630,1
1789335183.2465,270.95496,12139774201,0.65727,0.39323,1,0.64856,0.38133,1,0.65291,0.38728,1
1789335183.2534,270.96188,12139843506,0.65576,0.43560,1,0.64773,0.38671,1,0.65174,0.41115,1
1789335183.2602,270.96869,12139911324,0.65511,0.44157,1,0.64773,0.38671,1,0.65142,0.41414,1
1789335183.2666,270.97507,12139975166,0.65361,0.44768,1,0.64807,0.37649,1,0.65084,0.41209,1
1789335183.2736,270.98203,12140044741,0.65588,0.43002,1,0.65244,0.37192,1,0.65416,0.40097,1
1789335183.2803,270.98877,12140112344,0.65653,0.42400,1,0.65378,0.36514,1,0.65516,0.39457,1
1789335183.2867,270.99515,12140175951,0.66134,0.41939,1,0.65582,0.35309,1,0.65858,0.38624,1
1789335183.2936,271.00211,12140245518,0.66416,0.41768,1,0.65941,0.35939,1,0.66179,0.38854,1
1789335183.3001,271.00858,12140310143,0.66416,0.41768,1,0.65941,0.35939,1,0.66179,0.38854,1
1789335183.3068,271.01526,12140377219,0.66986,0.40950,1,0.66620,0.35181,1,0.66803,0.38066,1
1789335183.3137,271.02219,12140446278,0.66923,0.44390,1,0.66700,0.34494,1,0.66812,0.39442,1
1789335183.3202,271.02866,12140511157,0.66923,0.44390,1,0.66865,0.33700,1,0.66894,0.39045,1
1789335183.3269,271.03537,12140578126,0.67057,0.43254,1,0.65274,0.33755,1,0.66166,0.38504,1
1789335183.3338,271.04227,12140647172,0.68302,0.42824,1,0.65446,0.32265,1,0.66874,0.37544,1
1789335183.3406,271.04904,12140714858,0.68396,0.42160,1,0.65596,0.31472,1,0.66996,0.36816,1
1789335183.3470,271.05545,12140779054,0.68823,0.40771,1,0.66539,0.34479,1,0.67681,0.37625,1
1789335183.3537,271.06216,12140846164,0.68642,0.40313,1,0.67362,0.35166,1,0.68002,0.37740,1
1789335183.3606,271.06909,12140915580,0.68739,0.39624,1,0.67531,0.34387,1,0.68135,0.37005,1
1789335183.3671,271.07553,12140979888,0.67010,0.38457,1,0.67400,0.32155,1,0.67205,0.35306,1
1789335183.3738,271.08224,12141046994,0.67225,0.38014,1,0.67836,0.31715,1,0.67530,0.34864,1
1789335183.3807,271.08920,12141116443,0.67308,0.37322,1,0.67840,0.31696,1,0.67574,0.34509,1
1789335183.3872,271.09564,12141181035,0.68054,0.36691,1,0.67754,0.31494,1,0.67904,0.34092,1
1789335183.3939,271.10233,12141247910,0.65423,0.37579,1,0.68216,0.31495,1,0.66820,0.34537,1
1789335183.4008,271.10925,12141317159,0.65356,0.38266,1,0.68046,0.32281,1,0.66701,0.35274,1
1789335183.4072,271.11572,12141381725,0.65340,0.38983,1,0.68091,0.35532,1,0.66716,0.37257,1
1789335183.4140,271.12244,12141448894,0.65711,0.38180,1,0.66085,0.35549,1,0.65898,0.36864,1
1789335183.4209,271.12933,12141517952,0.65711,0.38180,1,0.66085,0.35549,1,0.65898,0.36864,1
1789335183.4274,271.13583,12141582794,0.65495,0.37990,1,0.66276,0.34926,1,0.65885,0.36458,1
1789335183.4341,271.14255,12141649909,0.66165,0.38472,1,0.66636,0.34799,1,0.66401,0.36635,1
1789335183.4410,271.14944,12141718898,0.66165,0.38472,1,0.66636,0.34799,1,0.66401,0.36635,1
1789335183.4474,271.15591,12141783681,0.66304,0.37687,1,0.66752,0.34751,1,0.66528,0.36219,1
1789335183.4542,271.16266,12141851165,0.66231,0.37539,1,0.66571,0.34597,1,0.66401,0.36068,1
1789335183.4611,271.16953,12141919841,0.66231,0.37539,1,0.66571,0.34597,1,0.66401,0.36068,1
1789335183.4675,271.17599,12141984472,0.66647,0.37934,1,0.66927,0.34927,1,0.66787,0.36430,1
1789335183.4742,271.18271,12142051711,0.66274,0.38734,1,0.66661,0.35752,1,0.66468,0.37243,1
1789335183.4812,271.18967,12142121305,0.66274,0.38734,1,0.66661,0.35752,1,0.66468,0.37243,1
1789335183.4876,271.19611,12142185676,0.66360,0.38732,1,0.66383,0.35477,1,0.66371,0.37105,1
1789335183.4947,271.20322,12142256721,0.66440,0.38743,1,0.66773,0.36039,1,0.66606,0.37391,1
1789335183.5010,271.20950,12142319663,0.66440,0.38743,1,0.66773,0.36039,1,0.66606,0.37391,1
1789335183.5080,271.21643,12142388715,0.66027,0.39825,1,0.66369,0.37257,1,0.66198,0.38541,1
1789335183.5147,271.22318,12142456310,0.66046,0.39277,1,0.66567,0.36750,1,0.66306,0.38014,1
1789335183.5211,271.22961,12142520579,0.66046,0.39277,1,0.66567,0.36750,1,0.66306,0.38014,1
1789335183.5281,271.23654,12142589820,0.65880,0.39922,1,0.68875,0.37365,1,0.67377,0.38644,1
1789335183.5348,271.24323,12142656713,0.65591,0.39252,1,0.68221,0.36451,1,0.66906,0.37851,1
1789335183.5412,271.24969,12142721474,0.65591,0.39252,1,0.68070,0.37107,1,0.66831,0.38179,1
1789335183.5482,271.25665,12142791119,0.65158,0.40396,1,0.67671,0.37849,1,0.66414,0.39122,1
1789335183.5549,271.26337,12142858241,0.64896,0.41096,1,0.67064,0.38470,1,0.65980,0.39783,1
1789335183.5613,271.26978,12142922420,0.64838,0.41691,1,0.67064,0.38470,1,0.65951,0.40080,1
1789335183.5683,271.27673,12142991875,0.66804,0.40904,1,0.67246,0.37889,1,0.67025,0.39396,1
1789335183.5747,271.28317,12143056399,0.66146,0.42073,1,0.66965,0.37431,1,0.66555,0.39752,1
1789335183.5814,271.28989,12143123375,0.66135,0.42173,1,0.67103,0.36795,1,0.66619,0.39484,1
1789335183.5884,271.29691,12143193431,0.66131,0.40160,1,0.66215,0.35946,1,0.66173,0.38053,1
1789335183.5948,271.30328,12143257354,0.67657,0.40972,1,0.65584,0.34749,1,0.66621,0.37861,1
1789335183.6015,271.31000,12143324371,0.67655,0.40988,1,0.65581,0.34767,1,0.66618,0.37878,1
1789335183.6085,271.31696,12143393970,0.67674,0.40246,1,0.65925,0.36545,1,0.66800,0.38395,1
1789335183.6149,271.32339,12143458335,0.66768,0.41175,1,0.65450,0.35330,1,0.66109,0.38253,1
1789335183.6216,271.33008,12143525408,0.66768,0.41175,1,0.65450,0.35330,1,0.66109,0.38253,1
1789335183.6283,271.33679,12143592378,0.66427,0.41127,1,0.67252,0.35900,1,0.66839,0.38513,1
1789335183.6350,271.34344,12143659022,0.65917,0.41111,1,0.67587,0.35981,1,0.66752,0.38546,1
1789335183.6417,271.35016,12143726225,0.65992,0.40426,1,0.67591,0.35963,1,0.66791,0.38195,1
1789335183.6486,271.35712,12143795599,0.65479,0.36711,1,0.66723,0.36340,1,0.66101,0.36526,1
1789335183.6551,271.36356,12143860146,0.65220,0.38400,1,0.66381,0.35646,1,0.65800,0.37023,1
1789335183.6618,271.37027,12143927166,0.65221,0.38384,1,0.66384,0.35628,1,0.65803,0.37006,1
1789335183.6688,271.37723,12143996924,0.65119,0.38932,1,0.65956,0.36035,1,0.65538,0.37484,1
1789335183.6752,271.38367,12144061125,0.64918,0.38899,1,0.65901,0.35744,1,0.65410,0.37321,1
1789335183.6819,271.39035,12144128148,0.64918,0.38899,1,0.65901,0.35744,1,0.65410,0.37321,1
1789335183.6888,271.39728,12144197259,0.66939,0.38791,1,0.67842,0.36497,1,0.67391,0.37644,1
1789335183.6953,271.40375,12144262096,0.67064,0.38488,1,0.68310,0.36348,1,0.67687,0.37418,1
1789335183.7023,271.41077,12144332081,0.67064,0.38488,1,0.68483,0.35597,1,0.67773,0.37043,1
1789335183.7089,271.41742,12144398592,0.66757,0.37714,1,0.67559,0.35414,1,0.67158,0.36564,1
1789335183.7157,271.42416,12144466145,0.62382,0.38169,1,0.65711,0.31347,1,0.64047,0.34758,1
1789335183.7221,271.43054,12144529979,0.62342,0.38798,1,0.65575,0.32057,1,0.63959,0.35428,1
1789335183.7290,271.43750,12144599408,0.54658,0.39609,1,0.55762,0.41788,1,0.55210,0.40698,1
1789335183.7355,271.44394,12144663821,0.51534,0.44164,1,0.53231,0.46283,1,0.52382,0.45223,1
1789335183.7422,271.45065,12144731043,0.51534,0.44164,1,0.53184,0.46954,1,0.52359,0.45559,1
1789335183.7491,271.45755,12144800114,0.47924,0.45598,1,0.48867,0.47245,1,0.48395,0.46422,1
1789335183.7555,271.46402,12144864841,0.43083,0.40873,1,0.42915,0.47652,1,0.42999,0.44262,1
1789335183.7625,271.47095,12144934083,0.43095,0.40945,1,0.42919,0.47720,1,0.43007,0.44332,1
1789335183.7692,271.47772,12145001648,0.41027,0.40170,1,0.40157,0.48572,1,0.40592,0.44371,1
1789335183.7757,271.48416,12145065999,0.41000,0.44194,1,0.41287,0.48692,1,0.41144,0.46443,1
1789335183.7826,271.49112,12145135758,0.41254,0.45499,1,0.41338,0.49293,1,0.41296,0.47396,1
1789335183.7893,271.49780,12145202670,0.41419,0.44852,1,0.41283,0.52532,1,0.41351,0.48692,1
1789335183.7960,271.50446,12145269206,0.41191,0.45129,1,0.41428,0.52818,1,0.41309,0.48973,1
1789335183.8025,271.51096,12145333994,0.41177,0.45057,1,0.41422,0.52753,1,0.41300,0.48905,1
1789335183.8094,271.51788,12145403430,0.40944,0.44012,1,0.41687,0.52793,1,0.41316,0.48403,1
1789335183.8158,271.52432,12145467835,0.41024,0.43910,1,0.42042,0.52832,1,0.41533,0.48371,1
1789335183.8226,271.53104,12145534865,0.40770,0.42593,1,0.41946,0.51639,1,0.41358,0.47116,1
1789335183.8292,271.53772,12145601806,0.41458,0.41790,1,0.40525,0.50632,1,0.40991,0.46211,1
1789335183.8359,271.54440,12145668541,0.41093,0.36677,1,0.40363,0.49531,1,0.40728,0.43104,1
1789335183.8429,271.55136,12145738098,0.40854,0.35305,1,0.40306,0.48962,1,0.40580,0.42133,1
1789335183.8493,271.55780,12145802569,0.41582,0.35976,1,0.38342,0.49747,1,0.39962,0.42861,1
1789335183.8560,271.56451,12145869710,0.41993,0.37373,1,0.38721,0.49284,1,0.40357,0.43328,1
1789335183.8630,271.57144,12145938847,0.42111,0.38081,1,0.38797,0.49910,1,0.40454,0.43996,1
1789335183.8694,271.57791,12146003636,0.42230,0.41722,1,0.39157,0.50430,1,0.40694,0.46076,1
1789335183.8762,271.58466,12146071222,0.40667,0.41684,1,0.39604,0.50326,1,0.40136,0.46005,1
1789335183.8830,271.59152,12146139742,0.40667,0.41684,1,0.39535,0.49703,1,0.40101,0.45694,1
1789335183.8895,271.59802,12146204712,0.41032,0.40308,1,0.39961,0.49515,1,0.40496,0.44912,1
1789335183.8962,271.60471,12146271668,0.40816,0.40933,1,0.39936,0.48804,1,0.40376,0.44869,1
1789335183.9032,271.61169,12146341458,0.40819,0.40949,1,0.39863,0.48103,1,0.40341,0.44526,1
1789335183.9098,271.61832,12146407709,0.40799,0.39323,1,0.40108,0.48297,1,0.40454,0.43810,1
1789335183.9166,271.62509,12146475440,0.40714,0.38230,1,0.40322,0.47215,1,0.40518,0.42722,1
1789335183.9234,271.63184,12146542855,0.40698,0.38140,1,0.40384,0.47855,1,0.40541,0.42998,1
1789335183.9297,271.63821,12146606561,0.41092,0.38242,1,0.40874,0.48551,1,0.40983,0.43396,1
1789335183.9364,271.64490,12146673610,0.40523,0.38528,1,0.40398,0.48819,1,0.40461,0.43673,1
1789335183.9433,271.65179,12146742615,0.40673,0.39333,1,0.40469,0.49546,1,0.40571,0.44440,1
1789335183.9498,271.65829,12146807505,0.37293,0.44153,1,0.37943,0.46671,1,0.37618,0.45412,1
1789335183.9565,271.66498,12146874278,0.35925,0.45901,1,0.38274,0.49933,1,0.37100,0.47917,1
1789335183.9635,271.67197,12146944078,0.35925,0.45901,1,0.38355,0.50560,1,0.37140,0.48230,1
1789335183.9699,271.67838,12147008295,0.35883,0.42804,1,0.34695,0.48904,1,0.35289,0.45854,1
1789335183.9768,271.68530,12147077544,0.36631,0.44602,1,0.35766,0.50145,1,0.36198,0.47373,1
1789335183.9835,271.69202,12147144676,0.36797,0.45275,1,0.35870,0.50786,1,0.36334,0.48030,1
1789335183.9900,271.69849,12147209342,0.36898,0.46766,1,0.36222,0.51511,1,0.36560,0.49139,1
1789335183.9967,271.70520,12147276376,0.37112,0.42078,1,0.34208,0.51859,1,0.35660,0.46969,1
1789335184.0036,271.71210,12147345602,0.37112,0.42078,1,0.34208,0.51859,1,0.35660,0.46969,1
1789335184.0101,271.71857,12147410198,0.37067,0.43934,1,0.33952,0.49546,1,0.35509,0.46740,1
1789335184.0170,271.72549,12147479445,0.35090,0.45891,1,0.33871,0.51379,1,0.34480,0.48635,1
1789335184.0238,271.73227,12147547167,0.35090,0.45891,1,0.33871,0.51379,1,0.34480,0.48635,1
1789335184.0302,271.73868,12147611450,0.36927,0.44576,1,0.35448,0.52941,1,0.36188,0.48759,1
1789335184.0371,271.74561,12147680540,0.36749,0.45173,1,0.35368,0.53469,1,0.36059,0.49321,1
1789335184.0436,271.75208,12147745409,0.36749,0.45173,1,0.35259,0.52852,1,0.36004,0.49013,1
1789335184.0506,271.75903,12147814895,0.36513,0.44834,1,0.35640,0.53374,1,0.36077,0.49104,1
1789335184.0572,271.76572,12147881779,0.36278,0.44694,1,0.33112,0.52577,1,0.34695,0.48635,1
1789335184.0640,271.77246,12147949054,0.36108,0.44020,1,0.33112,0.52577,1,0.34610,0.48299,1
1789335184.0706,271.77908,12148015374,0.36507,0.44226,1,0.33184,0.52384,1,0.34845,0.48305,1
1789335184.0773,271.78577,12148082259,0.36882,0.44245,1,0.33721,0.52704,1,0.35301,0.48475,1
1789335184.0838,271.79227,12148147125,0.37046,0.44922,1,0.33843,0.53321,1,0.35445,0.49122,1
1789335184.0907,271.79919,12148216352,0.35056,0.45039,1,0.34338,0.53730,1,0.34697,0.49384,1
1789335184.0974,271.80588,12148283195,0.35552,0.44596,1,0.33762,0.53805,1,0.34657,0.49200,1
1789335184.1039,271.81235,12148348137,0.35369,0.43893,1,0.33514,0.52565,1,0.34441,0.48229,1
1789335184.1106,271.81906,12148415156,0.35258,0.43650,1,0.34016,0.51495,1,0.34637,0.47572,1
1789335184.1175,271.82599,12148484394,0.33297,0.42221,1,0.34188,0.50516,1,0.33742,0.46369,1
1789335184.1240,271.83243,12148548795,0.32915,0.40846,1,0.33959,0.49282,1,0.33437,0.45064,1
1789335184.1307,271.83914,12148616040,0.32932,0.39969,1,0.33958,0.49080,1,0.33445,0.44524,1
1789335184.1376,271.84607,12148685110,0.33132,0.40331,1,0.34069,0.48997,1,0.33601,0.44664,1
1789335184.1443,271.85281,12148752578,0.33132,0.40331,1,0.34069,0.48997,1,0.33601,0.44664,1
1789335184.1508,271.85925,12148816920,0.32351,0.40477,1,0.33941,0.43952,1,0.33146,0.42214,1
1789335184.1577,271.86615,12148886062,0.31346,0.43126,1,0.33592,0.42150,1,0.32469,0.42638,1
1789335184.1644,271.87289,12148953525,0.31551,0.43798,1,0.33710,0.42833,1,0.32631,0.43316,1
1789335184.1709,271.87933,12149017922,0.29679,0.43543,1,0.29964,0.47882,1,0.29822,0.45713,1
1789335184.1778,271.88632,12149087732,0.29558,0.43925,1,0.29924,0.44067,1,0.29741,0.43996,1
1789335184.1843,271.89273,12149151825,0.29558,0.43925,1,0.29924,0.44067,1,0.29741,0.43996,1
1789335184.1910,271.89944,12149218845,0.29813,0.44778,1,0.30246,0.44878,1,0.30030,0.44828,1
1789335184.1980,271.90643,12149288953,0.29569,0.44380,1,0.32286,0.46247,1,0.30928,0.45314,1
1789335184.2047,271.91321,12149356685,0.29569,0.44380,1,0.32286,0.46247,1,0.30928,0.45314,1
1789335184.2113,271.91974,12149421896,0.30013,0.43103,1,0.30358,0.48168,1,0.30186,0.45636,1
1789335184.2178,271.92624,12149486836,0.30016,0.43367,1,0.30596,0.48476,1,0.30306,0.45921,1
1789335184.2244,271.93292,12149553781,0.30016,0.43367,1,0.30596,0.48476,1,0.30306,0.45921,1
1789335184.2315,271.93994,12149623853,0.31147,0.39322,1,0.29017,0.45238,1,0.30082,0.42280,1
1789335184.2378,271.94629,12149687496,0.32060,0.38886,1,0.29133,0.44874,1,0.30596,0.41880,1
1789335184.2446,271.95303,12149754768,0.32060,0.38886,1,0.29286,0.45523,1,0.30673,0.42205,1
1789335184.2515,271.95999,12149824461,0.32322,0.43126,1,0.29872,0.50335,1,0.31097,0.46731,1
1789335184.2582,271.96667,12149891247,0.32431,0.48831,1,0.30421,0.49823,1,0.31426,0.49327,1
1789335184.2649,271.97333,12149957856,0.32632,0.49465,1,0.30570,0.50459,1,0.31601,0.49962,1
1789335184.2717,271.98019,12150026376,0.32879,0.48040,1,0.30065,0.49273,1,0.31472,0.48657,1
1789335184.2782,271.98672,12150091742,0.32985,0.48414,1,0.30094,0.48379,1,0.31539,0.48397,1
1789335184.2850,271.99347,12150159081,0.32785,0.47762,1,0.29940,0.47722,1,0.31362,0.47742,1
1789335184.2914,271.99991,12150223563,0.32826,0.46842,1,0.30273,0.45533,1,0.31549,0.46188,1
1789335184.2982,272.00665,12150291113,0.33256,0.46196,1,0.30317,0.47430,1,0.31787,0.46813,1
1789335184.3051,272.01355,12150360009,0.33256,0.46196,1,0.30317,0.47430,1,0.31787,0.46813,1
1789335184.3115,272.01999,12150424411,0.32889,0.45259,1,0.30377,0.47397,1,0.31633,0.46328,1
1789335184.3182,272.02670,12150491465,0.32383,0.44360,1,0.30599,0.47472,1,0.31491,0.45916,1
1789335184.3249,272.03342,12150558577,0.32586,0.45043,1,0.30747,0.48132,1,0.31667,0.46588,1
1789335184.3318,272.04031,12150627761,0.33149,0.43965,1,0.30260,0.46527,1,0.31704,0.45246,1
1789335184.3387,272.04721,12150696676,0.33176,0.43576,1,0.30326,0.46868,1,0.31751,0.45222,1
1789335184.3452,272.05371,12150761579,0.33377,0.44284,1,0.30481,0.47551,1,0.31929,0.45917,1
1789335184.3520,272.06049,12150829441,0.33082,0.44223,1,0.30879,0.50774,1,0.31980,0.47498,1
1789335184.3586,272.06711,12150895582,0.33091,0.43718,1,0.30561,0.46649,1,0.31826,0.45184,1
1789335184.3654,272.07385,12150962938,0.33269,0.44342,1,0.30545,0.46579,1,0.31907,0.45460,1
1789335184.3718,272.08029,12151027364,0.32921,0.45204,1,0.30634,0.48289,1,0.31777,0.46747,1
1789335184.3787,272.08719,12151096470,0.32753,0.45595,1,0.30219,0.48100,1,0.31486,0.46847,1
1789335184.3855,272.09393,12151163947,0.32731,0.45523,1,0.30027,0.47269,1,0.31379,0.46396,1
1789335184.3919,272.10037,12151228310,0.31900,0.44841,1,0.30114,0.46748,1,0.31007,0.45795,1
1789335184.3989,272.10733,12151297852,0.31698,0.43659,1,0.29963,0.46384,1,0.30830,0.45021,1
1789335184.4056,272.11411,12151365608,0.31276,0.42261,1,0.29979,0.46452,1,0.30627,0.44356,1
1789335184.4120,272.12045,12151429164,0.30361,0.42977,1,0.31307,0.46453,1,0.30834,0.44715,1
1789335184.4189,272.12738,12151498359,0.30075,0.43733,1,0.30662,0.47284,1,0.30368,0.45508,1
1789335184.4254,272.13388,12151563282,0.30127,0.43892,1,0.30548,0.46777,1,0.30337,0.45335,1
1789335184.4321,272.14056,12151630200,0.29629,0.44596,1,0.29236,0.49200,1,0.29433,0.46898,1
1789335184.4390,272.14752,12151699683,0.30314,0.43364,1,0.28620,0.44757,1,0.29467,0.44061,1
1789335184.4455,272.15396,12151764174,0.29884,0.42004,1,0.28299,0.43431,1,0.29091,0.42717,1
1789335184.4524,272.16089,12151833348,0.31087,0.43122,1,0.29642,0.44134,1,0.30364,0.43628,1
1789335184.4592,272.16766,12151901265,0.30463,0.43480,1,0.29396,0.44224,1,0.29930,0.43852,1
1789335184.4656,272.17404,12151965068,0.30675,0.44149,1,0.29699,0.45538,1,0.30187,0.44844,1
1789335184.4725,272.18100,12152034379,0.31322,0.46789,1,0.30299,0.47703,1,0.30811,0.47246,1
1789335184.4793,272.18777,12152102162,0.33796,0.43808,1,0.32615,0.52843,1,0.33205,0.48326,1
1789335184.4857,272.19415,12152166018,0.33762,0.43686,1,0.32591,0.52733,1,0.33176,0.48209,1
1789335184.4926,272.20108,12152235177,0.35368,0.42723,1,0.36882,0.45571,1,0.36125,0.44147,1
1789335184.4994,272.20786,12152303125,0.33613,0.39250,1,0.35260,0.44900,1,0.34437,0.42075,1
1789335184.5058,272.21426,12152367107,0.33613,0.39250,1,0.35260,0.44900,1,0.34437,0.42075,1
1789335184.5127,272.22116,12152436135,0.34893,0.43339,1,0.35715,0.49102,1,0.35304,0.46221,1
1789335184.5192,272.22766,12152501059,0.34939,0.43696,1,0.35803,0.50549,1,0.35371,0.47122,1
1789335184.5259,272.23434,12152567895,0.35499,0.45809,1,0.36121,0.52502,1,0.35810,0.49155,1
1789335184.5328,272.24127,12152637247,0.35305,0.45768,1,0.36406,0.54983,1,0.35855,0.50375,1
1789335184.5393,272.24774,12152701861,0.36549,0.47835,1,0.36564,0.54132,1,0.36557,0.50983,1
1789335184.5460,272.25446,12152768989,0.36706,0.48437,1,0.36654,0.54693,1,0.36680,0.51565,1
1789335184.5529,272.26135,12152838046,0.37322,0.48540,1,0.37285,0.55951,1,0.37304,0.52245,1
1789335184.5597,272.26813,12152905944,0.36914,0.47767,1,0.37319,0.52375,1,0.37117,0.50071,1
1789335184.5661,272.27454,12152970004,0.36759,0.47160,1,0.37235,0.51796,1,0.36997,0.49478,1
1789335184.5730,272.28152,12153039866,0.37316,0.44696,1,0.37458,0.51596,1,0.37387,0.48146,1
1789335184.5795,272.28793,12153103866,0.36917,0.44596,1,0.37218,0.50626,1,0.37068,0.47611,1
1789335184.5864,272.29486,12153173004,0.36766,0.43977,1,0.37135,0.50046,1,0.36950,0.47012,1
1789335184.5929,272.30133,12153237758,0.35364,0.43982,1,0.37955,0.48319,1,0.36660,0.46151,1
1789335184.5996,272.30804,12153304848,0.35987,0.44188,1,0.38370,0.48382,1,0.37178,0.46285,1
1789335184.6065,272.31494,12153373867,0.36144,0.44806,1,0.38362,0.48313,1,0.37253,0.46560,1
1789335184.6129,272.32141,12153438505,0.36174,0.45496,1,0.36470,0.49586,1,0.36322,0.47541,1
1789335184.6196,272.32809,12153505540,0.36739,0.45697,1,0.34603,0.49800,1,0.35671,0.47748,1
1789335184.6267,272.33517,12153576293,0.36721,0.45625,1,0.34591,0.49733,1,0.35656,0.47679,1
1789335184.6330,272.34149,12153639503,0.37593,0.46175,1,0.35612,0.50425,1,0.36603,0.48300,1
1789335184.6400,272.34848,12153709382,0.35620,0.45873,1,0.35785,0.50882,1,0.35703,0.48378,1
1789335184.6464,272.35489,12153773565,0.35279,0.44581,1,0.35585,0.49660,1,0.35432,0.47121,1
1789335184.6531,272.36160,12153840561,0.36001,0.43567,1,0.36500,0.49205,1,0.36251,0.46386,1
1789335184.6601,272.36859,12153910431,0.35672,0.41743,1,0.36610,0.47390,1,0.36141,0.44567,1
1789335184.6665,272.37500,12153974503,0.35521,0.41138,1,0.36527,0.46821,1,0.36024,0.43980,1
1789335184.6732,272.38171,12154041564,0.34200,0.40784,1,0.37311,0.46516,1,0.35755,0.43650,1
1789335184.6802,272.38864,12154110887,0.34786,0.40230,1,0.38005,0.47070,1,0.36396,0.43650,1
1789335184.6866,272.39511,12154175673,0.34967,0.40942,1,0.38171,0.48375,1,0.36569,0.44659,1
1789335184.6933,272.40182,12154242628,0.35910,0.43954,1,0.38846,0.48783,1,0.37378,0.46368,1
1789335184.7002,272.40872,12154311829,0.35556,0.43972,1,0.37038,0.47646,1,0.36297,0.45809,1
1789335184.7069,272.41541,12154378612,0.35732,0.44652,1,0.37131,0.48308,1,0.36431,0.46480,1
1789335184.7136,272.42212,12154445621,0.36669,0.45841,1,0.35498,0.51592,1,0.36084,0.48717,1
1789335184.7204,272.42886,12154513138,0.36940,0.43980,1,0.35587,0.50899,1,0.36264,0.47439,1
1789335184.7268,272.43530,12154577488,0.36940,0.43980,1,0.35481,0.50260,1,0.36211,0.47120,1
1789335184.7335,272.44199,12154644523,0.37281,0.46875,1,0.35533,0.49152,1,0.36407,0.48014,1
1789335184.7405,272.44897,12154714280,0.37398,0.46193,1,0.35720,0.51463,1,0.36559,0.48828,1
1789335184.7469,272.45538,12154778373,0.37073,0.44859,1,0.35512,0.50212,1,0.36292,0.47535,1
1789335184.7536,272.46210,12154845375,0.37010,0.43325,1,0.35634,0.48846,1,0.36322,0.46085,1
1789335184.7605,272.46902,12154914754,0.34216,0.41848,1,0.36122,0.48159,1,0.35169,0.45003,1
1789335184.7674,272.47583,12154982830,0.34033,0.41161,1,0.36024,0.47520,1,0.35029,0.44341,1
1789335184.7739,272.48242,12155048780,0.36036,0.36663,1,0.38556,0.48477,1,0.37296,0.42570,1
1789335184.7806,272.48911,12155115463,0.39669,0.40364,1,0.38531,0.48487,1,0.39100,0.44426,1
1789335184.7871,272.49554,12155180110,0.39669,0.40364,1,0.38607,0.49105,1,0.39138,0.44734,1
1789335184.7938,272.50226,12155247217,0.45058,0.42335,1,0.43964,0.50683,1,0.44511,0.46509,1
1789335184.8005,272.50897,12155314229,0.45518,0.44774,1,0.44207,0.53190,1,0.44863,0.48982,1
1789335184.8072,272.51569,12155381241,0.45701,0.46074,1,0.44203,0.53112,1,0.44952,0.49593,1
1789335184.8142,272.52267,12155451153,0.46376,0.42383,1,0.45960,0.49741,1,0.46168,0.46062,1
1789335184.8206,272.52908,12155515240,0.46073,0.41774,1,0.45496,0.46073,1,0.45785,0.43923,1
1789335184.8273,272.53577,12155582136,0.45976,0.41014,1,0.45475,0.45347,1,0.45726,0.43181,1
1789335184.8343,272.54279,12155652283,0.45712,0.41149,1,0.45453,0.45759,1,0.45582,0.43454,1
1789335184.8407,272.54916,12155716040,0.45641,0.41823,1,0.45422,0.46308,1,0.45531,0.44065,1
1789335184.8474,272.55585,12155783044,0.45641,0.41823,1,0.45422,0.46308,1,0.45531,0.44065,1
1789335184.8541,272.56256,12155850013,0.45822,0.41828,1,0.45119,0.46464,1,0.45471,0.44146,1
1789335184.8608,272.56924,12155917075,0.44688,0.42721,1,0.44874,0.46335,1,0.44781,0.44528,1
1789335184.8677,272.57617,12155986220,0.44688,0.42721,1,0.44902,0.47066,1,0.44795,0.44893,1
1789335184.8744,272.58292,12156053683,0.46720,0.43868,1,0.46837,0.48553,1,0.46779,0.46211,1
1789335184.8809,272.58936,12156118150,0.46713,0.45387,1,0.46193,0.51367,1,0.46453,0.48377,1
1789335184.8876,272.59604,12156185043,0.46628,0.44719,1,0.46192,0.51336,1,0.46410,0.48028,1
1789335184.8946,272.60303,12156254738,0.47777,0.44790,1,0.45539,0.47497,1,0.46658,0.46143,1
1789335184.9010,272.60944,12156318885,0.47499,0.44532,1,0.45000,0.49921,1,0.46250,0.47227,1
1789335184.9079,272.61636,12156388081,0.47572,0.45162,1,0.45000,0.49921,1,0.46286,0.47542,1
1789335184.9147,272.62320,12156456599,0.47272,0.47996,1,0.44473,0.46345,1,0.45873,0.47170,1
1789335184.9211,272.62955,12156520001,0.46992,0.47418,1,0.44142,0.47141,1,0.45567,0.47280,1
1789335184.9280,272.63651,12156589490,0.47088,0.48176,1,0.44178,0.47918,1,0.45633,0.48047,1
1789335184.9345,272.64294,12156653939,0.46953,0.45440,1,0.45933,0.48827,1,0.46443,0.47133,1
1789335184.9412,272.64966,12156720986,0.46348,0.45339,1,0.46174,0.48558,1,0.46261,0.46948,1
1789335184.9481,272.65656,12156790181,0.46348,0.45339,1,0.46174,0.48558,1,0.46261,0.46948,1
1789335184.9548,272.66324,12156856992,0.46294,0.46243,1,0.46271,0.50198,1,0.46283,0.48221,1
1789335184.9615,272.66995,12156924187,0.45925,0.43331,1,0.45796,0.51019,1,0.45861,0.47175,1
1789335184.9683,272.67673,12156991860,0.45925,0.43331,1,0.45796,0.51019,1,0.45861,0.47175,1
1789335184.9747,272.68314,12157055811,0.46055,0.44245,1,0.45165,0.49017,1,0.45610,0.46631,1
1789335184.9818,272.69025,12157126911,0.45897,0.44934,1,0.45040,0.48678,1,0.45469,0.46806,1
1789335184.9881,272.69653,12157189884,0.45897,0.44934,1,0.45040,0.48678,1,0.45469,0.46806,1
1789335184.9950,272.70346,12157259067,0.46726,0.46258,1,0.46398,0.49911,1,0.46562,0.48084,1
1789335185.0015,272.70993,12157323806,0.46977,0.46393,1,0.46693,0.50221,1,0.46835,0.48307,1
1789335185.0082,272.71664,12157390984,0.46977,0.46393,1,0.46702,0.50848,1,0.46839,0.48621,1
1789335185.0151,272.72360,12157460423,0.48254,0.43766,1,0.45343,0.51474,1,0.46798,0.47620,1
1789335185.0219,272.73038,12157528199,0.48850,0.45263,1,0.46259,0.52145,1,0.47555,0.48704,1
1789335185.0285,272.73697,12157594107,0.48849,0.45248,1,0.46246,0.51504,1,0.47547,0.48376,1
1789335185.0350,272.74344,12157658761,0.45798,0.47255,1,0.45122,0.49328,1,0.45460,0.48291,1
1789335185.0416,272.75012,12157725619,0.46257,0.45492,1,0.45825,0.48228,1,0.46041,0.46860,1
1789335185.0486,272.75708,12157795310,0.46085,0.44194,1,0.45809,0.47582,1,0.45947,0.45888,1
1789335185.0550,272.76349,12157859472,0.47086,0.41541,1,0.43854,0.46877,1,0.45470,0.44209,1
1789335185.0617,272.77020,12157926433,0.46132,0.45077,1,0.45618,0.49448,1,0.45875,0.47263,1
1789335185.0687,272.77719,12157996470,0.46305,0.46371,1,0.45637,0.50089,1,0.45971,0.48230,1
1789335185.0751,272.78360,12158060514,0.47865,0.42183,1,0.46845,0.50095,1,0.47355,0.46139,1
1789335185.0820,272.79050,12158129632,0.50380,0.48182,1,0.48267,0.48783,1,0.49323,0.48482,1
1789335185.0887,272.79721,12158196599,0.50327,0.47556,1,0.48271,0.48144,1,0.49299,0.47850,1
1789335185.0954,272.80392,12158263709,0.52757,0.44002,1,0.50636,0.47258,1,0.51697,0.45630,1
1789335185.1019,272.81039,12158328459,0.53684,0.44940,1,0.53337,0.44714,1,0.53511,0.44827,1
1789335185.1089,272.81735,12158398059,0.53629,0.43551,1,0.53438,0.43264,1,0.53534,0.43408,1
1789335185.1153,272.82379,12158462390,0.58507,0.43362,1,0.58015,0.42210,1,0.58261,0.42786,1
1789335185.1223,272.83075,12158531884,0.58524,0.42192,1,0.59401,0.43480,1,0.58962,0.42836,1
1789335185.1287,272.83719,12158596270,0.58524,0.42192,1,0.59401,0.43480,1,0.58962,0.42836,1
1789335185.1354,272.84387,12158663313,0.58147,0.42127,1,0.58424,0.43073,1,0.58285,0.42600,1
1789335185.1424,272.85083,12158732905,0.58909,0.42504,1,0.58562,0.43627,1,0.58736,0.43066,1
1789335185.1488,272.85727,12158797365,0.58874,0.43903,1,0.58370,0.45074,1,0.58622,0.44489,1
1789335185.1555,272.86398,12158864374,0.60413,0.42921,1,0.59974,0.44007,1,0.60193,0.43464,1
1789335185.1624,272.87091,12158933490,0.60208,0.47907,1,0.60009,0.43688,1,0.60108,0.45798,1
1789335185.1689,272.87738,12158998288,0.60208,0.47907,1,0.60127,0.42904,1,0.60167,0.45405,1
1789335185.1758,272.88431,12159067628,0.57896,0.45374,1,0.59598,0.40890,1,0.58747,0.43132,1
1789335185.1823,272.89078,12159132276,0.58554,0.43830,1,0.61481,0.41897,1,0.60017,0.42864,1
1789335185.1890,272.89746,12159199226,0.58582,0.42473,1,0.61593,0.41217,1,0.60087,0.41845,1
1789335185.1959,272.90442,12159268657,0.58972,0.39992,1,0.60426,0.38901,1,0.59699,0.39447,1
1789335185.2024,272.91086,12159333168,0.58880,0.41096,1,0.60264,0.40889,1,0.59572,0.40992,1
1789335185.2093,272.91782,12159402573,0.58862,0.41835,1,0.60147,0.41673,1,0.59505,0.41754,1
1789335185.2160,272.92450,12159469496,0.59565,0.43407,1,0.59483,0.44050,1,0.59524,0.43728,1
1789335185.2228,272.93127,12159537209,0.60207,0.44696,1,0.59559,0.42386,1,0.59883,0.43541,1
1789335185.2292,272.93765,12159601064,0.60207,0.44696,1,0.59559,0.42386,1,0.59883,0.43541,1
1789335185.2362,272.94464,12159670965,0.58909,0.42369,1,0.58792,0.40983,1,0.58850,0.41676,1
1789335185.2426,272.95108,12159735240,0.59510,0.44953,1,0.59485,0.42699,1,0.59498,0.43826,1
1789335185.2493,272.95776,12159802285,0.59510,0.44953,1,0.59390,0.43370,1,0.59450,0.44162,1
1789335185.2562,272.96469,12159871475,0.60619,0.47292,1,0.59269,0.43150,1,0.59944,0.45221,1
1789335185.2627,272.97113,12159935928,0.59617,0.43489,1,0.61055,0.44433,1,0.60336,0.43961,1
1789335185.2697,272.97815,12160005890,0.59595,0.44132,1,0.61183,0.43655,1,0.60389,0.43893,1
1789335185.2761,272.98453,12160069909,0.60007,0.46605,1,0.59069,0.43599,1,0.59538,0.45102,1
1789335185.2830,272.99152,12160139604,0.61422,0.46758,1,0.61158,0.43304,1,0.61290,0.45031,1
1789335185.2897,272.99817,12160206299,0.61499,0.45461,1,0.61265,0.42651,1,0.61382,0.44056,1
1789335185.2964,273.00485,12160273051,0.59601,0.40376,1,0.59734,0.46302,1,0.59668,0.43339,1
1789335185.3029,273.01135,12160337945,0.57721,0.38785,1,0.58179,0.45858,1,0.57950,0.42322,1
1789335185.3096,273.01804,12160404799,0.57714,0.39546,1,0.58082,0.46594,1,0.57898,0.43070,1
1789335185.3165,273.02502,12160474743,0.65096,0.54689,1,0.59702,0.49821,1,0.62399,0.52255,1
1789335185.3232,273.03168,12160541257,0.65954,0.68035,1,0.63530,0.63897,1,0.64742,0.65966,1
1789335185.3299,273.03836,12160608211,0.65954,0.68035,1,0.63401,0.64393,1,0.64678,0.66214,1
1789335185.3364,273.04483,12160672854,0.69137,0.92851,1,0.63401,0.64393,0,0.69137,0.92851,1
1789335185.3430,273.05151,12160739664,0.69137,0.92851,0,0.63401,0.64393,0,0.69137,0.92851,0
1789335185.3500,273.05844,12160809030,0.69137,0.92851,0,0.63401,0.64393,0,0.69137,0.92851,0
1789335185.3567,273.06516,12160876109,0.69137,0.92851,0,0.63401,0.64393,0,0.69137,0.92851,0
1789335185.3634,273.07184,12160942912,0.69137,0.92851,0,0.63401,0.64393,0,0.69137,0.92851,0
1789335185.3701,273.07858,12161010312,0.69137,0.92851,0,0.63401,0.64393,0,0.69137,0.92851,0
1789335185.3765,273.08502,12161074695,0.69137,0.92851,0,0.63401,0.64393,0,0.69137,0.92851,0
1789335185.3835,273.09201,12161144774,0.69137,0.92851,0,0.63401,0.64393,0,0.69137,0.92851,0
1789335185.3899,273.09842,12161208817,0.69137,0.92851,0,0.63401,0.64393,0,0.69137,0.92851,0
1789335185.3969,273.10535,12161278004,0.69137,0.92851,0,0.63401,0.64393,0,0.69137,0.92851,0
1789335185.4033,273.11182,12161342627,0.69137,0.92851,0,0.63401,0.64393,0,0.69137,0.92851,0
1789335185.4103,273.11874,12161412107,0.69137,0.92851,0,0.63401,0.64393,0,0.69137,0.92851,0
1789335185.4170,273.12552,12161479687,0.69137,0.92851,0,0.63401,0.64393,0,0.69137,0.92851,0
1789335185.4236,273.13211,12161545782,0.69137,0.92851,0,0.63401,0.64393,0,0.69137,0.92851,0
1789335185.4304,273.13889,12161613229,0.69137,0.92851,0,0.63401,0.64393,0,0.69137,0.92851,0
1789335185.4368,273.14529,12161677355,0.69137,0.92851,0,0.63401,0.64393,0,0.69137,0.92851,0
1789335185.4438,273.15225,12161746932,0.69137,0.92851,0,0.63401,0.64393,0,0.69137,0.92851,0
1789335185.4502,273.15872,12161811639,0.69137,0.92851,0,0.63401,0.64393,0,0.69137,0.92851,0
1789335185.4569,273.16541,12161878481,0.69137,0.92851,0,0.63401,0.64393,0,0.69137,0.92851,0
1789335185.4639,273.17233,12161947769,0.69137,0.92851,0,0.63401,0.64393,0,0.69137,0.92851,0
1789335185.4703,273.17880,12162012612,0.68836,0.93531,1,0.63401,0.64393,0,0.68836,0.93531,1
1789335185.4770,273.18549,12162079518,0.65805,0.41378,1,0.65480,0.44135,1,0.65642,0.42756,1
1789335185.4839,273.19241,12162148570,0.63494,0.44376,1,0.65479,0.44879,1,0.64487,0.44627,1
1789335185.4907,273.19919,12162216554,0.63494,0.44376,1,0.65629,0.44202,1,0.64561,0.44289,1
1789335185.4971,273.20557,12162280212,0.65019,0.43773,1,0.64976,0.41573,1,0.64997,0.42673,1
1789335185.5040,273.21249,12162349553,0.65007,0.40910,1,0.64332,0.42162,1,0.64669,0.41536,1
1789335185.5105,273.21899,12162414511,0.65071,0.40250,1,0.64332,0.42162,1,0.64702,0.41206,1
1789335185.5172,273.22568,12162481318,0.65455,0.42818,1,0.66664,0.42641,1,0.66059,0.42729,1
1789335185.5242,273.23264,12162550893,0.66647,0.44088,1,0.67104,0.42178,1,0.66875,0.43133,1
1789335185.5306,273.23907,12162615290,0.66569,0.44721,1,0.66942,0.42872,1,0.66756,0.43797,1
1789335185.5375,273.24600,12162684672,0.65123,0.43304,1,0.66013,0.45372,1,0.65568,0.44338,1
1789335185.5443,273.25275,12162751968,0.67458,0.45980,1,0.65662,0.45395,1,0.66560,0.45688,1
1789335185.5507,273.25919,12162816381,0.67458,0.45980,1,0.65662,0.45395,1,0.66560,0.45688,1
1789335185.5576,273.26611,12162885742,0.64626,0.46530,1,0.64853,0.44009,1,0.64739,0.45269,1
1789335185.5641,273.27261,12162950638,0.66271,0.43652,1,0.66400,0.42790,1,0.66335,0.43221,1
1789335185.5708,273.27927,12163017116,0.66271,0.43652,1,0.66400,0.42790,1,0.66335,0.43221,1
1789335185.5778,273.28632,12163087635,0.64773,0.44576,1,0.67517,0.41706,1,0.66145,0.43141,1
1789335185.5844,273.29291,12163153493,0.64348,0.46227,1,0.66558,0.42139,1,0.65453,0.44183,1
1789335185.5911,273.29962,12163220696,0.64348,0.46227,1,0.66717,0.41438,1,0.65532,0.43833,1
1789335185.5976,273.30606,12163285016,0.64029,0.45176,1,0.67173,0.39965,1,0.65601,0.42570,1
1789335185.6043,273.31274,12163352102,0.64243,0.43190,1,0.67752,0.38675,1,0.65997,0.40933,1
1789335185.6113,273.31976,12163422273,0.64302,0.42548,1,0.67916,0.37963,1,0.66109,0.40255,1
1789335185.6177,273.32617,12163486141,0.64644,0.43896,1,0.68050,0.37384,1,0.66347,0.40640,1
1789335185.6246,273.33307,12163555252,0.65247,0.42583,1,0.68128,0.36355,1,0.66688,0.39469,1
1789335185.6313,273.33981,12163622654,0.65247,0.42583,1,0.67962,0.37081,1,0.66605,0.39832,1
1789335185.6377,273.34622,12163686846,0.64507,0.46695,1,0.68129,0.38506,1,0.66318,0.42600,1
1789335185.6445,273.35297,12163754073,0.63995,0.46155,1,0.67451,0.43367,1,0.65723,0.44761,1
1789335185.6511,273.35962,12163820818,0.63938,0.46773,1,0.67287,0.44052,1,0.65612,0.45412,1
1789335185.6579,273.36633,12163887899,0.65888,0.44623,1,0.67080,0.40488,1,0.66484,0.42555,1
1789335185.6646,273.37305,12163955031,0.66929,0.46372,1,0.66676,0.42053,1,0.66802,0.44213,1
1789335185.6713,273.37973,12164021775,0.66845,0.47011,1,0.66672,0.42069,1,0.66759,0.44540,1
1789335185.6782,273.38669,12164091314,0.66056,0.44569,1,0.66108,0.43128,1,0.66082,0.43848,1
1789335185.6849,273.39337,12164158234,0.65619,0.42753,1,0.65782,0.43184,1,0.65701,0.42969,1
1789335185.6917,273.40015,12164225952,0.65691,0.42092,1,0.65934,0.42492,1,0.65812,0.42292,1
1789335185.6980,273.40652,12164289725,0.63733,0.44164,1,0.66523,0.44017,1,0.65128,0.44090,1
1789335185.7050,273.41345,12164359142,0.67725,0.42364,1,0.67852,0.41011,1,0.67788,0.41687,1
1789335185.7114,273.41992,12164423882,0.67812,0.41709,1,0.68021,0.40301,1,0.67917,0.41005,1
1789335185.7182,273.42664,12164490776,0.64977,0.44979,1,0.65603,0.38159,1,0.65290,0.41569,1
1789335185.7251,273.43353,12164559938,0.67595,0.45075,1,0.68368,0.40115,1,0.67982,0.42595,1
1789335185.7315,273.44000,12164624622,0.67595,0.45075,1,0.68368,0.40115,1,0.67982,0.42595,1
1789335185.7382,273.44672,12164691723,0.66196,0.45472,1,0.66498,0.41667,1,0.66347,0.43570,1
1789335185.7452,273.45364,12164761084,0.67076,0.45049,1,0.67297,0.40459,1,0.67187,0.42754,1
1789335185.7516,273.46011,12164825658,0.67076,0.45049,1,0.67138,0.41151,1,0.67107,0.43100,1
1789335185.7586,273.46704,12164894958,0.66562,0.46761,1,0.66236,0.41036,1,0.66399,0.43899,1
1789335185.7653,273.47375,12164962180,0.66364,0.40045,1,0.65669,0.43268,1,0.66017,0.41657,1
1789335185.7720,273.48044,12165028836,0.66211,0.41393,1,0.65516,0.43969,1,0.65864,0.42681,1
1789335185.7787,273.48715,12165096049,0.66542,0.46005,1,0.65850,0.44268,1,0.66196,0.45136,1
1789335185.7852,273.49365,12165160997,0.65922,0.46513,1,0.67267,0.41671,1,0.66594,0.44092,1
1789335185.7918,273.50031,12165227729,0.65996,0.45884,1,0.67267,0.41671,1,0.66631,0.43777,1
1789335185.7989,273.50739,12165298267,0.68386,0.49043,1,0.66378,0.41252,1,0.67382,0.45148,1
1789335185.8052,273.51370,12165361542,0.66852,0.43201,1,0.64677,0.42683,1,0.65764,0.42942,1
1789335185.8119,273.52042,12165428607,0.66772,0.43846,1,0.64841,0.41881,1,0.65806,0.42863,1
1789335185.8189,273.52737,12165498367,0.68312,0.46407,1,0.65932,0.44964,1,0.67122,0.45685,1
1789335185.8256,273.53403,12165564689,0.66621,0.46470,1,0.66872,0.41640,1,0.66746,0.44055,1
1789335185.8322,273.54071,12165631645,0.66709,0.45774,1,0.66868,0.41656,1,0.66789,0.43715,1
1789335185.8387,273.54721,12165696644,0.67780,0.46633,1,0.67137,0.42729,1,0.67458,0.44681,1
1789335185.8454,273.55389,12165763543,0.68110,0.48255,1,0.66920,0.43231,1,0.67515,0.45743,1
1789335185.8523,273.56082,12165832803,0.68098,0.48333,1,0.66739,0.44005,1,0.67419,0.46169,1
1789335185.8592,273.56763,12165900906,0.68952,0.46984,1,0.65185,0.42429,1,0.67069,0.44706,1
1789335185.8655,273.57401,12165964464,0.69309,0.47377,1,0.65005,0.41099,1,0.67157,0.44238,1
1789335185.8724,273.58090,12166033676,0.69312,0.47363,1,0.65009,0.41082,1,0.67160,0.44222,1
1789335185.8789,273.58740,12166098534,0.67700,0.43845,1,0.65288,0.43811,1,0.66494,0.43828,1
1789335185.8858,273.59430,12166167528,0.67964,0.44112,1,0.65293,0.42545,1,0.66628,0.43328,1
1789335185.8926,273.60107,12166235369,0.67872,0.44769,1,0.65141,0.43258,1,0.66507,0.44013,1
1789335185.8990,273.60748,12166299453,0.68351,0.46644,1,0.65172,0.43776,1,0.66761,0.45210,1
1789335185.9060,273.61444,12166368968,0.68736,0.47359,1,0.65524,0.45491,1,0.67130,0.46425,1
1789335185.9124,273.62088,12166433414,0.68736,0.47359,1,0.65524,0.45491,1,0.67130,0.46425,1
1789335185.9191,273.62759,12166500598,0.69256,0.47818,1,0.64439,0.44542,1,0.66848,0.46180,1
1789335185.9260,273.63449,12166569504,0.67227,0.47492,1,0.64470,0.43579,1,0.65849,0.45535,1
1789335185.9329,273.64136,12166638185,0.67313,0.46858,1,0.64616,0.42869,1,0.65964,0.44864,1
1789335185.9392,273.64767,12166701316,0.67856,0.46599,1,0.65181,0.41569,1,0.66518,0.44084,1
1789335185.9462,273.65463,12166770958,0.68078,0.46945,1,0.65485,0.42631,1,0.66782,0.44788,1
1789335185.9528,273.66129,12166837352,0.67985,0.47578,1,0.65482,0.42647,1,0.66734,0.45112,1
1789335185.9595,273.66800,12166904400,0.69264,0.46421,1,0.66574,0.44930,1,0.67919,0.45675,1
1789335185.9660,273.67450,12166969371,0.69594,0.49249,1,0.64723,0.44825,1,0.67158,0.47037,1
1789335185.9729,273.68140,12167038338,0.69591,0.49263,1,0.64577,0.45518,1,0.67084,0.47391,1
1789335185.9797,273.68814,12167105815,0.68743,0.48739,1,0.63678,0.45122,1,0.66211,0.46931,1
1789335185.9861,273.69455,12167169966,0.69700,0.48707,1,0.64500,0.45834,1,0.67100,0.47271,1
1789335185.9928,273.70126,12167237145,0.69594,0.49320,1,0.64500,0.45834,1,0.67047,0.47577,1
1789335185.9997,273.70819,12167306361,0.68544,0.48259,1,0.63927,0.47435,1,0.66236,0.47847,1
1789335186.0062,273.71466,12167371070,0.69946,0.46641,1,0.65499,0.46679,1,0.67722,0.46660,1
1789335186.0129,273.72137,12167438356,0.70164,0.45366,1,0.65653,0.45995,1,0.67909,0.45681,1
1789335186.0198,273.72830,12167507681,0.69639,0.47206,1,0.65666,0.46509,1,0.67652,0.46858,1
1789335186.0263,273.73474,12167571978,0.68660,0.46734,1,0.64060,0.45619,1,0.66360,0.46177,1
1789335186.0330,273.74146,12167638951,0.68565,0.47348,1,0.64060,0.45619,1,0.66312,0.46484,1
1789335186.0400,273.74850,12167709694,0.68742,0.49209,1,0.65847,0.44513,1,0.67294,0.46861,1
1789335186.0464,273.75485,12167773018,0.67130,0.48237,1,0.64996,0.42834,1,0.66063,0.45535,1
1789335186.0533,273.76178,12167842240,0.67128,0.48251,1,0.64993,0.42850,1,0.66060,0.45551,1
1789335186.0597,273.76822,12167906861,0.66827,0.49565,1,0.65029,0.41249,1,0.65928,0.45407,1
1789335186.0665,273.77493,12167973894,0.68163,0.48912,1,0.66130,0.44080,1,0.67146,0.46496,1
1789335186.0735,273.78198,12168044198,0.68163,0.48912,1,0.65976,0.44765,1,0.67069,0.46838,1
1789335186.0799,273.78833,12168107802,0.67511,0.46854,1,0.65548,0.48366,1,0.66530,0.47610,1
1789335186.0868,273.79526,12168177020,0.69077,0.46522,1,0.64387,0.47315,1,0.66732,0.46918,1
1789335186.0935,273.80200,12168244487,0.68977,0.47154,1,0.64387,0.47315,1,0.66682,0.47234,1
1789335186.0999,273.80841,12168308776,0.66368,0.51889,1,0.66139,0.45445,1,0.66253,0.48667,1
1789335186.1069,273.81534,12168377820,0.67345,0.49899,1,0.65344,0.42379,1,0.66344,0.46139,1
1789335186.1136,273.82208,12168445460,0.67431,0.49295,1,0.65494,0.41674,1,0.66463,0.45485,1
1789335186.1200,273.82852,12168509689,0.69684,0.47513,1,0.65363,0.43663,1,0.67523,0.45588,1
1789335186.1271,273.83554,12168579881,0.66913,0.46028,1,0.63972,0.42216,1,0.65443,0.44122,1
1789335186.1339,273.84235,12168647909,0.66997,0.45386,1,0.64112,0.41500,1,0.65554,0.43443,1
1789335186.1404,273.84888,12168713202,0.69551,0.42979,1,0.64601,0.44638,1,0.67076,0.43809,1
1789335186.1471,273.85562,12168780786,0.70643,0.43269,1,0.65810,0.43410,1,0.68226,0.43339,1
1789335186.1536,273.86203,12168844699,0.70754,0.42623,1,0.65813,0.43394,1,0.68284,0.43009,1
1789335186.1605,273.86896,12168914017,0.69331,0.45773,1,0.66605,0.44069,1,0.67968,0.44921,1
1789335186.1670,273.87543,12168978731,0.70548,0.46544,1,0.65660,0.44358,1,0.68104,0.45451,1
1789335186.1736,273.88211,12169045696,0.70327,0.47777,1,0.65507,0.45049,1,0.67917,0.46413,1
1789335186.1807,273.88916,12169116224,0.68858,0.47879,1,0.65841,0.43556,1,0.67349,0.45718,1
1789335186.1870,273.89551,12169179577,0.68139,0.48303,1,0.65221,0.43633,1,0.66680,0.45968,1
1789335186.1940,273.90244,12169248828,0.68137,0.48318,1,0.65070,0.44337,1,0.66604,0.46327,1
1789335186.2007,273.90921,12169316644,0.68768,0.47876,1,0.65183,0.45344,1,0.66976,0.46610,1
1789335186.2071,273.91562,12169380777,0.67768,0.49617,1,0.64562,0.46627,1,0.66165,0.48122,1
1789335186.2141,273.92255,12169449970,0.67678,0.50224,1,0.64562,0.46627,1,0.66120,0.48426,1
1789335186.2209,273.92938,12169518296,0.69892,0.48909,1,0.64786,0.42884,1,0.67339,0.45897,1
1789335186.2272,273.93570,12169581566,0.68877,0.48272,1,0.65445,0.41640,1,0.67161,0.44956,1
1789335186.2342,273.94266,12169651051,0.69077,0.47023,1,0.65749,0.40201,1,0.67413,0.43612,1
1789335186.2408,273.94931,12169717477,0.69193,0.45994,1,0.66270,0.40542,1,0.67732,0.43268,1
1789335186.2476,273.95609,12169785302,0.70476,0.45145,1,0.66871,0.40987,1,0.68673,0.43066,1
1789335186.2540,273.96249,12169849455,0.70476,0.45145,1,0.66714,0.41680,1,0.68595,0.43412,1
1789335186.2607,273.96918,12169916448,0.67796,0.45849,1,0.65875,0.43366,1,0.66836,0.44608,1
1789335186.2677,273.97617,12169986198,0.67896,0.46986,1,0.66512,0.43336,1,0.67204,0.45161,1
1789335186.2741,273.98260,12170050663,0.67805,0.47609,1,0.66512,0.43336,1,0.67159,0.45473,1
1789335186.2810,273.98950,12170119501,0.69659,0.47238,1,0.65790,0.43401,1,0.67725,0.45319,1
1789335186.2878,273.99628,12170187385,0.68327,0.44372,1,0.66642,0.41064,1,0.67485,0.42718,1
1789335186.2944,274.00290,12170253457,0.68512,0.43090,1,0.66803,0.40349,1,0.67657,0.41720,1
1789335186.3011,274.00961,12170320719,0.69689,0.47950,1,0.65627,0.46690,1,0.67658,0.47320,1
1789335186.3076,274.01608,12170385313,0.68065,0.44623,1,0.66216,0.44956,1,0.67140,0.44789,1
1789335186.3145,274.02298,12170454409,0.67976,0.45250,1,0.66216,0.44956,1,0.67096,0.45103,1
1789335186.3213,274.02975,12170522096,0.69323,0.47566,1,0.65494,0.42357,1,0.67409,0.44961,1
1789335186.3277,274.03619,12170586385,0.69929,0.47161,1,0.65603,0.40541,1,0.67766,0.43851,1
1789335186.3346,274.04312,12170655670,0.69927,0.47176,1,0.65600,0.40558,1,0.67763,0.43867,1
1789335186.3411,274.04956,12170720224,0.67805,0.47016,1,0.65701,0.42473,1,0.66753,0.44744,1
1789335186.3478,274.05627,12170787397,0.67599,0.47583,1,0.65898,0.43056,1,0.66749,0.45320,1
1789335186.3547,274.06320,12170856570,0.67433,0.48751,1,0.65607,0.44374,1,0.66520,0.46563,1
1789335186.3612,274.06967,12170921185,0.69607,0.48582,1,0.65293,0.45542,1,0.67450,0.47062,1
1789335186.3679,274.07639,12170988237,0.68759,0.47357,1,0.64347,0.48379,1,0.66553,0.47868,1
1789335186.3748,274.08328,12171057320,0.68759,0.47357,1,0.64347,0.48379,1,0.66553,0.47868,1
1789335186.3813,274.08975,12171122010,0.63249,0.54319,1,0.63108,0.46421,1,0.63179,0.50370,1
1789335186.3882,274.09668,12171191308,0.59096,0.50896,1,0.60245,0.49584,1,0.59671,0.50240,1
1789335186.3949,274.10339,12171258485,0.59153,0.49048,1,0.60696,0.46860,1,0.59924,0.47954,1
1789335186.4014,274.10986,12171323160,0.50250,0.43905,1,0.52503,0.42922,1,0.51376,0.43414,1
1789335186.4083,274.11676,12171392200,0.48385,0.47496,1,0.47407,0.45385,1,0.47896,0.46440,1
1789335186.4148,274.12326,12171457103,0.48312,0.46822,1,0.47407,0.45385,1,0.47859,0.46103,1
1789335186.4215,274.12994,12171524014,0.39265,0.48004,1,0.42021,0.47184,1,0.40643,0.47594,1
1789335186.4285,274.13693,12171593816,0.37242,0.53128,1,0.39287,0.50463,1,0.38264,0.51795,1
1789335186.4351,274.14355,12171660130,0.37760,0.55027,1,0.39521,0.52494,1,0.38640,0.53760,1
1789335186.4416,274.15005,12171725025,0.34842,0.50721,1,0.35247,0.55719,1,0.35044,0.53220,1
1789335186.4483,274.15674,12171791835,0.33121,0.51595,1,0.35571,0.56708,1,0.34346,0.54151,1
1789335186.4549,274.16342,12171858694,0.33121,0.51595,1,0.35571,0.56708,1,0.34346,0.54151,1
1789335186.4619,274.17035,12171928050,0.33249,0.50774,1,0.36350,0.54462,1,0.34800,0.52618,1
1789335186.4683,274.17682,12171992701,0.34669,0.54805,1,0.36221,0.52444,1,0.35445,0.53625,1
1789335186.4751,274.18353,12172059833,0.34669,0.54805,1,0.36319,0.53049,1,0.35494,0.53927,1
1789335186.4821,274.19061,12172130685,0.34925,0.50745,1,0.35799,0.59530,1,0.35362,0.55138,1
1789335186.4885,274.19693,12172193718,0.35546,0.54165,1,0.35892,0.55869,1,0.35719,0.55017,1
1789335186.4954,274.20383,12172262937,0.35723,0.54755,1,0.35892,0.55869,1,0.35808,0.55312,1
1789335186.5019,274.21033,12172327776,0.34319,0.56317,1,0.34664,0.55934,1,0.34492,0.56125,1
1789335186.5086,274.21704,12172394800,0.35092,0.56271,1,0.35560,0.55746,1,0.35326,0.56009,1
1789335186.5155,274.22397,12172464151,0.34726,0.55115,1,0.35349,0.54570,1,0.35038,0.54842,1
1789335186.5220,274.23044,12172528856,0.31325,0.54026,1,0.34695,0.56088,1,0.33010,0.55057,1
1789335186.5286,274.23712,12172595700,0.32076,0.53664,1,0.35858,0.55286,1,0.33967,0.54475,1
1789335186.5356,274.24411,12172665490,0.31875,0.53079,1,0.35758,0.54707,1,0.33816,0.53893,1
1789335186.5420,274.25052,12172729825,0.31665,0.54114,1,0.35610,0.51173,1,0.33638,0.52644,1
1789335186.5490,274.25745,12172798859,0.30788,0.53439,1,0.34184,0.54960,1,0.32486,0.54199,1
1789335186.5557,274.26419,12172866405,0.30998,0.54021,1,0.34298,0.55536,1,0.32648,0.54779,1
1789335186.5622,274.27063,12172930727,0.32047,0.55434,1,0.34964,0.55187,1,0.33505,0.55310,1
1789335186.5691,274.27753,12172999768,0.32250,0.56325,1,0.35244,0.52815,1,0.33747,0.54570,1
1789335186.5755,274.28400,12173064623,0.32454,0.56896,1,0.35351,0.53425,1,0.33903,0.55160,1
1789335186.5822,274.29071,12173131554,0.31970,0.56026,1,0.35220,0.56115,1,0.33595,0.56071,1
1789335186.5892,274.29764,12173201038,0.32350,0.56757,1,0.35283,0.52986,1,0.33817,0.54872,1
1789335186.5959,274.30438,12173268403,0.32350,0.56757,1,0.35389,0.53586,1,0.33869,0.55172,1
1789335186.6027,274.31113,12173335841,0.33285,0.56357,1,0.36133,0.56379,1,0.34709,0.56368,1
1789335186.6090,274.31750,12173399486,0.33737,0.57140,1,0.36279,0.58455,1,0.35008,0.57798,1
1789335186.6159,274.32440,12173468623,0.33930,0.57705,1,0.36279,0.58455,1,0.35104,0.58080,1
1789335186.6224,274.33090,12173533561,0.32145,0.57281,1,0.36896,0.58951,1,0.34520,0.58116,1
1789335186.6291,274.33759,12173600440,0.32803,0.56598,1,0.36547,0.55724,1,0.34675,0.56161,1
1789335186.6360,274.34451,12173669572,0.32603,0.56028,1,0.36451,0.55142,1,0.34527,0.55585,1
1789335186.6429,274.35135,12173737922,0.33423,0.53702,1,0.34011,0.56570,1,0.33717,0.55136,1
1789335186.6492,274.35770,12173801587,0.33871,0.53637,1,0.36710,0.58073,1,0.35291,0.55855,1
1789335186.6562,274.36469,12173871331,0.33871,0.53637,1,0.36804,0.58630,1,0.35337,0.56133,1
1789335186.6626,274.37109,12173935372,0.44534,0.55899,1,0.42301,0.54379,1,0.43417,0.55139,1
1789335186.6698,274.37827,12174007234,0.47270,0.51859,1,0.46535,0.53460,1,0.46902,0.52659,1
1789335186.6763,274.38480,12174072358,0.47349,0.52461,1,0.46523,0.52751,1,0.46936,0.52606,1
1789335186.6827,274.39117,12174136286,0.48293,0.54855,1,0.49052,0.51625,1,0.48672,0.53240,1
1789335186.6896,274.39810,12174205512,0.49049,0.56581,1,0.49350,0.50524,1,0.49200,0.53552,1
1789335186.6961,274.40460,12174270671,0.48847,0.54838,1,0.49364,0.49898,1,0.49105,0.52368,1
1789335186.7030,274.41150,12174339631,0.48812,0.53809,1,0.49520,0.56551,1,0.49166,0.55180,1
1789335186.7097,274.41821,12174406713,0.48782,0.51140,1,0.49224,0.54504,1,0.49003,0.52822,1
1789335186.7162,274.42468,12174471264,0.48920,0.52390,1,0.49198,0.55762,1,0.49059,0.54076,1
1789335186.7229,274.43137,12174538158,0.48188,0.55126,1,0.48770,0.53004,1,0.48479,0.54065,1
1789335186.7300,274.43848,12174609396,0.50199,0.54686,1,0.47346,0.52571,1,0.48773,0.53628,1
1789335186.7363,274.44476,12174672136,0.50306,0.55799,1,0.47353,0.53765,1,0.48830,0.54782,1
1789335186.7430,274.45148,12174739207,0.51197,0.57572,1,0.47951,0.60013,1,0.49574,0.58792,1
1789335186.7499,274.45837,12174808338,0.50634,0.57090,1,0.47249,0.60740,1,0.48942,0.58915,1
1789335186.7564,274.46487,12174873264,0.50579,0.56499,1,0.47234,0.58931,1,0.48906,0.57715,1
1789335186.7631,274.47156,12174940205,0.49143,0.54091,1,0.46439,0.53595,1,0.47791,0.53843,1
1789335186.7700,274.47845,12175009213,0.48355,0.53970,1,0.49586,0.50444,1,0.48970,0.52207,1
1789335186.7765,274.48495,12175074064,0.48209,0.52762,1,0.49600,0.49843,1,0.48905,0.51302,1
1789335186.7832,274.49164,12175141027,0.50916,0.52497,1,0.47821,0.52960,1,0.49368,0.52729,1
1789335186.7901,274.49857,12175210158,0.49364,0.56264,1,0.46608,0.53163,1,0.47986,0.54713,1
1789335186.7970,274.50543,12175278838,0.49551,0.57951,1,0.46627,0.54322,1,0.48089,0.56137,1
1789335186.8035,274.51196,12175344140,0.49844,0.55973,1,0.49473,0.55806,1,0.49658,0.55890,1
1789335186.8100,274.51843,12175408897,0.50675,0.55117,1,0.48420,0.55090,1,0.49547,0.55103,1
1789335186.8169,274.52536,12175478231,0.50570,0.53953,1,0.48424,0.54566,1,0.49497,0.54259,1
1789335186.8236,274.53204,12175545077,0.47629,0.51540,1,0.45992,0.53197,1,0.46810,0.52368,1
1789335186.8301,274.53854,12175609898,0.51048,0.52385,1,0.47202,0.54039,1,0.49125,0.53212,1
1789335186.8370,274.54544,12175679037,0.51102,0.53052,1,0.47207,0.54723,1,0.49154,0.53887,1
1789335186.8437,274.55222,12175746560,0.48682,0.55030,1,0.47141,0.54491,1,0.47911,0.54761,1
1789335186.8501,274.55862,12175810871,0.51449,0.55691,1,0.47520,0.56246,1,0.49485,0.55968,1
1789335186.8571,274.56555,12175879959,0.51449,0.55691,1,0.47520,0.56246,1,0.49485,0.55968,1
1789335186.8635,274.57202,12175944831,0.50117,0.55477,1,0.45693,0.54695,1,0.47905,0.55086,1
1789335186.8703,274.57874,12176011742,0.50503,0.55027,1,0.48092,0.52821,1,0.49298,0.53924,1
1789335186.8772,274.58566,12176081179,0.50503,0.55027,1,0.48092,0.52821,1,0.49298,0.53924,1
1789335186.8839,274.59235,12176147926,0.53222,0.52775,1,0.52296,0.55557,1,0.52759,0.54166,1
1789335186.8906,274.59903,12176214927,0.55770,0.53951,1,0.54877,0.55333,1,0.55324,0.54642,1
1789335186.8973,274.60577,12176282328,0.55750,0.52669,1,0.54951,0.54612,1,0.55351,0.53641,1
1789335186.9037,274.61221,12176346754,0.56781,0.49664,1,0.55299,0.53114,1,0.56040,0.51389,1
1789335186.9107,274.61914,12176415851,0.57026,0.53057,1,0.56974,0.49393,1,0.57000,0.51225,1
1789335186.9174,274.62589,12176483273,0.57030,0.51120,1,0.57238,0.47230,1,0.57134,0.49175,1
1789335186.9238,274.63229,12176547527,0.57668,0.49911,1,0.58479,0.48792,1,0.58074,0.49351,1
1789335186.9308,274.63928,12176617303,0.58209,0.52187,1,0.58563,0.44262,1,0.58386,0.48224,1
1789335186.9376,274.64606,12176685015,0.58197,0.52825,1,0.58548,0.44376,1,0.58372,0.48600,1
1789335186.9439,274.65240,12176748702,0.56037,0.53235,1,0.56590,0.50764,1,0.56314,0.52000,1
1789335186.9509,274.65936,12176818186,0.58670,0.53478,1,0.59692,0.51975,1,0.59181,0.52726,1
1789335186.9575,274.66602,12176884749,0.58648,0.54333,1,0.59542,0.52889,1,0.59095,0.53611,1
1789335186.9643,274.67273,12176951737,0.59246,0.53275,1,0.58014,0.50436,1,0.58630,0.51855,1
1789335186.9710,274.67950,12177019655,0.57503,0.52353,1,0.57840,0.49788,1,0.57672,0.51071,1
1789335186.9774,274.68591,12177083505,0.57498,0.52927,1,0.57674,0.51025,1,0.57586,0.51976,1
1789335186.9844,274.69284,12177152925,0.58481,0.52814,1,0.59035,0.50747,1,0.58758,0.51780,1
1789335186.9911,274.69962,12177220692,0.56739,0.54173,1,0.56976,0.52385,1,0.56858,0.53279,1
1789335186.9975,274.70599,12177284386,0.56741,0.55327,1,0.56816,0.53641,1,0.56779,0.54484,1
1789335187.0045,274.71295,12177354132,0.57929,0.54958,1,0.58222,0.55660,1,0.58075,0.55309,1
1789335187.0109,274.71939,12177418389,0.56770,0.54823,1,0.57248,0.55961,1,0.57009,0.55392,1
1789335187.0176,274.72607,12177485372,0.56770,0.54823,1,0.57248,0.55961,1,0.57009,0.55392,1
1789335187.0247,274.73318,12177556357,0.58404,0.56013,1,0.58314,0.56581,1,0.58359,0.56297,1
1789335187.0310,274.73947,12177619308,0.57244,0.53417,1,0.57963,0.56389,1,0.57603,0.54903,1
1789335187.0377,274.74619,12177686411,0.57247,0.52811,1,0.58144,0.55181,1,0.57695,0.53996,1
1789335187.0447,274.75314,12177756033,0.59635,0.52029,1,0.56704,0.52369,1,0.58170,0.52199,1
1789335187.0511,274.75961,12177820694,0.58465,0.54105,1,0.55558,0.49349,1,0.57012,0.51727,1
1789335187.0578,274.76630,12177887364,0.58478,0.53546,1,0.55558,0.49349,1,0.57018,0.51447,1
1789335187.0648,274.77325,12177957018,0.57271,0.51546,1,0.59327,0.55265,1,0.58299,0.53406,1
1789335187.0712,274.77969,12178021337,0.56718,0.52679,1,0.58810,0.55556,1,0.57764,0.54118,1
1789335187.0779,274.78638,12178088262,0.56719,0.53262,1,0.58810,0.55556,1,0.57764,0.54409,1
1789335187.0848,274.79327,12178157397,0.58187,0.52520,1,0.58138,0.52992,1,0.58162,0.52756,1
1789335187.0917,274.80017,12178226137,0.58132,0.50792,1,0.57797,0.50577,1,0.57964,0.50685,1
1789335187.0980,274.80649,12178289327,0.58152,0.49602,1,0.57966,0.49332,1,0.58059,0.49467,1
1789335187.1049,274.81339,12178358436,0.58333,0.52403,1,0.57762,0.48399,1,0.58047,0.50401,1
1789335187.1116,274.82010,12178425365,0.59761,0.50374,1,0.57876,0.47587,1,0.58819,0.48981,1
1789335187.1183,274.82678,12178492421,0.59761,0.50374,1,0.57876,0.47587,1,0.58819,0.48981,1
1789335187.1248,274.83328,12178557201,0.58133,0.49396,1,0.58609,0.52623,1,0.58371,0.51010,1
1789335187.1315,274.83997,12178624126,0.58184,0.49443,1,0.59377,0.51686,1,0.58781,0.50565,1
1789335187.1384,274.84692,12178693821,0.58184,0.49443,1,0.59377,0.51686,1,0.58781,0.50565,1
1789335187.1449,274.85336,12178758132,0.57430,0.52732,1,0.58382,0.50366,1,0.57906,0.51549,1
1789335187.1516,274.86005,12178825114,0.57968,0.51071,1,0.56535,0.49058,1,0.57251,0.50065,1
1789335187.1587,274.86719,12178896378,0.57968,0.51071,1,0.56535,0.49058,1,0.57251,0.50065,1
1789335187.1650,274.87344,12178958942,0.60140,0.51339,1,0.58150,0.49406,1,0.59145,0.50373,1
1789335187.1719,274.88037,12179028181,0.56876,0.49730,1,0.59741,0.54082,1,0.58308,0.51906,1
1789335187.1787,274.88715,12179095924,0.56876,0.49730,1,0.59741,0.54082,1,0.58308,0.51906,1
1789335187.1851,274.89355,12179160019,0.58051,0.52606,1,0.59162,0.52167,1,0.58606,0.52386,1
1789335187.1921,274.90060,12179230542,0.57412,0.52929,1,0.58311,0.50907,1,0.57861,0.51918,1
1789335187.1985,274.90695,12179293990,0.57417,0.52272,1,0.58412,0.50196,1,0.57915,0.51234,1
1789335187.2054,274.91388,12179363245,0.55877,0.47863,1,0.56251,0.48897,1,0.56064,0.48380,1
1789335187.2118,274.92032,12179427842,0.51165,0.51199,1,0.52464,0.46712,1,0.51814,0.48955,1
1789335187.2186,274.92703,12179494814,0.51209,0.51770,1,0.52426,0.47344,1,0.51818,0.49557,1
1789335187.2256,274.93411,12179565718,0.47848,0.53878,1,0.46879,0.55428,1,0.47364,0.54653,1
1789335187.2320,274.94043,12179628812,0.40552,0.59879,1,0.43029,0.55912,1,0.41790,0.57896,1
1789335187.2389,274.94736,12179698081,0.40842,0.61019,1,0.43115,0.57160,1,0.41978,0.59089,1
1789335187.2454,274.95383,12179762876,0.33832,0.62362,1,0.37192,0.55409,1,0.35512,0.58886,1
1789335187.2521,274.96054,12179829849,0.33353,0.63471,1,0.35847,0.58257,1,0.34600,0.60864,1
1789335187.2590,274.96744,12179898914,0.33353,0.63471,1,0.35847,0.58257,1,0.34600,0.60864,1
1789335187.2657,274.97415,12179966070,0.33538,0.57307,1,0.32808,0.56922,1,0.33173,0.57115,1
1789335187.2721,274.98062,12180030880,0.32519,0.60403,1,0.33956,0.55994,1,0.33237,0.58198,1
1789335187.2792,274.98764,12180100832,0.32519,0.60403,1,0.33956,0.55994,1,0.33237,0.58198,1
1789335187.2855,274.99402,12180164703,0.32894,0.59092,1,0.32654,0.57026,1,0.32774,0.58059,1
1789335187.2925,275.00095,12180233898,0.31196,0.58288,1,0.34980,0.58514,1,0.33088,0.58401,1
1789335187.2992,275.00772,12180301800,0.31196,0.58288,1,0.34980,0.58514,1,0.33088,0.58401,1
1789335187.3056,275.01410,12180365652,0.32238,0.57224,1,0.33365,0.58990,1,0.32801,0.58107,1
1789335187.3126,275.02109,12180435300,0.32138,0.61897,1,0.33574,0.57434,1,0.32856,0.59665,1
1789335187.3190,275.02750,12180499565,0.32138,0.61897,1,0.33574,0.57434,1,0.32856,0.59665,1
1789335187.3259,275.03442,12180568804,0.32271,0.61558,1,0.33387,0.59658,1,0.32829,0.60608,1
1789335187.3327,275.04114,12180635867,0.31559,0.57450,1,0.34144,0.60552,1,0.32851,0.59001,1
1789335187.3391,275.04761,12180700687,0.31559,0.57450,1,0.34144,0.60552,1,0.32851,0.59001,1
1789335187.3458,275.05432,12180767619,0.31304,0.57186,1,0.35837,0.59568,1,0.33570,0.58377,1
1789335187.3528,275.06125,12180836941,0.30199,0.56706,1,0.35574,0.55792,1,0.32886,0.56249,1
1789335187.3592,275.06769,12180901539,0.29976,0.56132,1,0.35469,0.55203,1,0.32722,0.55667,1
1789335187.3662,275.07465,12180970963,0.31221,0.57021,1,0.33143,0.56970,1,0.32182,0.56996,1
1789335187.3726,275.08112,12181035546,0.30117,0.56900,1,0.35059,0.56679,1,0.32588,0.56790,1
1789335187.3798,275.08823,12181106748,0.29899,0.56342,1,0.34952,0.56112,1,0.32425,0.56227,1
1789335187.3863,275.09476,12181172049,0.32145,0.56002,1,0.34398,0.58490,1,0.33271,0.57246,1
1789335187.3927,275.10120,12181236421,0.30804,0.55688,1,0.33192,0.59202,1,0.31998,0.57445,1
1789335187.3994,275.10788,12181303408,0.31014,0.56252,1,0.33314,0.59743,1,0.32164,0.57997,1
1789335187.4064,275.11484,12181372775,0.30515,0.57554,1,0.34720,0.53217,1,0.32618,0.55385,1
1789335187.4128,275.12131,12181437536,0.31586,0.58835,1,0.35931,0.56474,1,0.33759,0.57654,1
1789335187.4195,275.12799,12181504370,0.31586,0.58835,1,0.35931,0.56474,1,0.33759,0.57654,1
1789335187.4265,275.13498,12181574182,0.30479,0.57906,1,0.34816,0.56894,1,0.32647,0.57400,1
1789335187.4332,275.14163,12181640991,0.31511,0.57613,1,0.32790,0.56125,1,0.32151,0.56869,1
1789335187.4398,275.14832,12181707590,0.31692,0.58095,1,0.32901,0.56624,1,0.32296,0.57360,1
1789335187.4466,275.15503,12181774912,0.31235,0.61324,1,0.34859,0.58573,1,0.33047,0.59949,1
1789335187.4532,275.16168,12181841446,0.31455,0.61515,1,0.35349,0.60898,1,0.33402,0.61206,1
1789335187.4599,275.16840,12181908446,0.31455,0.61515,1,0.35349,0.60898,1,0.33402,0.61206,1
1789335187.4664,275.17487,12181973301,0.30923,0.59903,1,0.32563,0.58298,1,0.31743,0.59100,1
1789335187.4731,275.18161,12182040666,0.27859,0.59599,1,0.30908,0.60379,1,0.29384,0.59989,1
1789335187.4801,275.18854,12182109913,0.27650,0.59127,1,0.30783,0.59908,1,0.29217,0.59518,1
1789335187.4865,275.19498,12182174142,0.29426,0.63167,1,0.30407,0.58088,1,0.29917,0.60627,1
1789335187.4934,275.20187,12182243320,0.29699,0.65373,1,0.32109,0.59772,1,0.30904,0.62573,1
1789335187.5003,275.20880,12182312529,0.29925,0.65865,1,0.32243,0.60322,1,0.31084,0.63093,1
1789335187.5066,275.21506,12182375146,0.29304,0.61799,1,0.31158,0.61427,1,0.30231,0.61613,1
1789335187.5137,275.22214,12182446005,0.29360,0.63889,1,0.29583,0.62849,1,0.29472,0.63369,1
1789335187.5202,275.22870,12182511385,0.29360,0.63889,1,0.29583,0.62849,1,0.29472,0.63369,1
1789335187.5267,275.23517,12182576232,0.29552,0.65940,1,0.30393,0.60198,1,0.29972,0.63069,1
1789335187.5336,275.24207,12182645251,0.29771,0.66672,1,0.30936,0.60791,1,0.30354,0.63731,1
1789335187.5405,275.24896,12182714007,0.29280,0.65627,1,0.30458,0.59004,1,0.29869,0.62315,1
1789335187.5470,275.25549,12182779441,0.27629,0.61628,1,0.29617,0.54469,1,0.28623,0.58049,1
1789335187.5538,275.26227,12182847076,0.26300,0.56371,1,0.28619,0.52263,1,0.27460,0.54317,1
1789335187.5602,275.26868,12182911157,0.25795,0.55225,1,0.28467,0.51694,1,0.27131,0.53459,1
1789335187.5672,275.27563,12182980883,0.26657,0.58449,1,0.29080,0.54750,1,0.27869,0.56600,1
1789335187.5738,275.28226,12183047151,0.26234,0.58798,1,0.29191,0.56466,1,0.27712,0.57632,1
1789335187.5805,275.28900,12183114613,0.26784,0.59992,1,0.29538,0.57724,1,0.28161,0.58858,1
1789335187.5870,275.29544,12183178905,0.26697,0.62809,1,0.28390,0.57684,1,0.27543,0.60247,1
1789335187.5937,275.30215,12183245962,0.25846,0.62213,1,0.28802,0.58953,1,0.27324,0.60583,1
1789335187.6006,275.30905,12183315146,0.25846,0.62213,1,0.28802,0.58953,1,0.27324,0.60583,1
1789335187.6071,275.31555,12183379898,0.25638,0.65392,1,0.28635,0.59595,1,0.27136,0.62494,1
1789335187.6138,275.32224,12183446793,0.25923,0.61329,1,0.28941,0.59731,1,0.27432,0.60530,1
1789335187.6207,275.32922,12183516789,0.25923,0.61329,1,0.28941,0.59731,1,0.27432,0.60530,1
1789335187.6272,275.33563,12183580959,0.26147,0.58604,1,0.28656,0.59108,1,0.27402,0.58856,1
1789335187.6341,275.34262,12183650659,0.26591,0.59115,1,0.28653,0.59211,1,0.27622,0.59163,1
1789335187.6406,275.34903,12183714923,0.26836,0.59651,1,0.28969,0.60277,1,0.27903,0.59964,1
1789335187.6473,275.35574,12183781903,0.26661,0.62432,1,0.28715,0.60015,1,0.27688,0.61224,1
1789335187.6542,275.36270,12183851413,0.26777,0.64300,1,0.29071,0.60261,1,0.27924,0.62281,1
1789335187.6607,275.36914,12183915866,0.27505,0.65759,1,0.29541,0.61854,1,0.28523,0.63807,1
1789335187.6676,275.37604,12183984873,0.28533,0.66750,1,0.29731,0.65371,1,0.29132,0.66061,1
1789335187.6743,275.38278,12184052354,0.28249,0.67624,1,0.30246,0.64419,1,0.29247,0.66022,1
1789335187.6807,275.38922,12184116642,0.28249,0.67624,1,0.30089,0.63887,1,0.29169,0.65756,1
1789335187.6877,275.39615,12184186007,0.27754,0.67305,1,0.29178,0.62761,1,0.28466,0.65033,1
1789335187.6945,275.40298,12184254223,0.27758,0.66063,1,0.29317,0.64781,1,0.28538,0.65422,1
1789335187.7009,275.40933,12184317706,0.27293,0.65130,1,0.29016,0.63821,1,0.28155,0.64475,1
1789335187.7078,275.41626,12184387218,0.27188,0.65131,1,0.29439,0.61994,1,0.28313,0.63563,1
1789335187.7142,275.42270,12184451630,0.27636,0.65612,1,0.29484,0.61456,1,0.28560,0.63534,1
1789335187.7210,275.42944,12184518809,0.27390,0.65116,1,0.29147,0.60310,1,0.28268,0.62713,1
1789335187.7278,275.43631,12184587728,0.27472,0.63296,1,0.29873,0.57773,1,0.28673,0.60534,1
1789335187.7345,275.44302,12184654730,0.27824,0.60421,1,0.27465,0.58605,1,0.27644,0.59513,1
1789335187.7410,275.44949,12184719597,0.27561,0.59836,1,0.27465,0.58605,1,0.27513,0.59220,1
1789335187.7480,275.45645,12184789165,0.27114,0.65244,1,0.27236,0.61418,1,0.27175,0.63331,1
1789335187.7547,275.46313,12184855849,0.26429,0.64417,1,0.28593,0.60826,1,0.27511,0.62621,1
1789335187.7611,275.46960,12184920516,0.26710,0.64972,1,0.28593,0.60826,1,0.27651,0.62899,1
1789335187.7681,275.47659,12184990431,0.28071,0.59899,1,0.29742,0.60301,1,0.28907,0.60100,1
1789335187.7748,275.48325,12185056834,0.28517,0.64945,1,0.28566,0.58172,1,0.28541,0.61558,1
1789335187.7814,275.48990,12185123569,0.28459,0.64824,1,0.28704,0.58642,1,0.28581,0.61733,1
1789335187.7879,275.49640,12185188453,0.25554,0.62389,1,0.28204,0.57641,1,0.26879,0.60015,1
1789335187.7946,275.50308,12185255367,0.27265,0.66047,1,0.28878,0.59161,1,0.28071,0.62604,1
1789335187.8015,275.51001,12185324727,0.27544,0.66598,1,0.29063,0.59794,1,0.28304,0.63196,1
1789335187.8080,275.51648,12185389340,0.28492,0.62558,1,0.27599,0.59713,1,0.28046,0.61135,1
1789335187.8147,275.52316,12185456281,0.28665,0.61372,1,0.28524,0.60911,1,0.28595,0.61142,1
1789335187.8216,275.53009,12185525510,0.28230,0.60391,1,0.28217,0.59911,1,0.28224,0.60151,1
1789335187.8281,275.53662,12185590599,0.25596,0.58611,1,0.26473,0.58763,1,0.26035,0.58687,1
1789335187.8348,275.54327,12185657327,0.26045,0.57863,1,0.26473,0.58763,1,0.26259,0.58313,1
1789335187.8417,275.55020,12185726418,0.26294,0.58410,1,0.26651,0.59305,1,0.26473,0.58858,1
1789335187.8482,275.55667,12185791381,0.27768,0.62718,1,0.26705,0.57691,1,0.27236,0.60204,1
1789335187.8549,275.56339,12185858331,0.27213,0.59344,1,0.25565,0.58355,1,0.26389,0.58850,1
1789335187.8618,275.57028,12185927389,0.27213,0.59344,1,0.25350,0.57724,1,0.26281,0.58534,1
1789335187.8687,275.57718,12185996463,0.27407,0.60511,1,0.28256,0.58959,1,0.27832,0.59735,1
1789335187.8753,275.58374,12186061829,0.24894,0.59512,1,0.26995,0.57541,1,0.25944,0.58527,1
1789335187.8817,275.59015,12186126151,0.24349,0.58388,1,0.26825,0.56999,1,0.25587,0.57694,1
1789335187.8884,275.59686,12186193154,0.24857,0.57496,1,0.26358,0.57085,1,0.25608,0.57291,1
1789335187.8953,275.60382,12186262756,0.25218,0.59409,1,0.28024,0.55177,1,0.26621,0.57293,1
1789335187.9020,275.61047,12186329259,0.25501,0.60000,1,0.28209,0.55816,1,0.26855,0.57908,1
1789335187.9087,275.61722,12186396787,0.27303,0.63193,1,0.25189,0.58163,1,0.26246,0.60678,1
1789335187.9154,275.62387,12186463265,0.26448,0.60981,1,0.28147,0.59050,1,0.27298,0.60015,1
1789335187.9219,275.63037,12186528109,0.26164,0.60381,1,0.27958,0.58427,1,0.27061,0.59404,1
1789335187.9289,275.63736,12186598190,0.27105,0.59310,1,0.26223,0.60088,1,0.26664,0.59699,1
1789335187.9357,275.64413,12186665931,0.24847,0.60225,1,0.25418,0.55544,1,0.25133,0.57885,1
1789335187.9420,275.65045,12186729178,0.24556,0.59633,1,0.25209,0.54907,1,0.24883,0.57270,1
1789335187.9490,275.65747,12186799165,0.25830,0.62182,1,0.25823,0.55321,1,0.25826,0.58751,1
1789335187.9554,275.66385,12186863076,0.24776,0.59798,1,0.25099,0.56270,1,0.24937,0.58034,1
1789335187.9623,275.67075,12186932098,0.25065,0.60387,1,0.25309,0.56896,1,0.25187,0.58641,1
1789335187.9688,275.67725,12186996935,0.27111,0.58387,1,0.26777,0.60187,1,0.26944,0.59287,1
1789335187.9755,275.68396,12187063985,0.25778,0.59579,1,0.25068,0.59073,1,0.25423,0.59326,1
1789335187.9824,275.69092,12187133558,0.26065,0.60187,1,0.25285,0.59690,1,0.25675,0.59938,1
1789335187.9889,275.69733,12187197881,0.28500,0.63010,1,0.27430,0.58668,1,0.27965,0.60839,1
1789335187.9958,275.70425,12187267050,0.27027,0.64808,1,0.26425,0.55179,1,0.26726,0.59994,1
1789335188.0025,275.71100,12187334464,0.26747,0.64247,1,0.26219,0.54519,1,0.26483,0.59383,1
1789335188.0092,275.71768,12187401294,0.23847,0.60966,1,0.27957,0.57146,1,0.25902,0.59056,1
1789335188.0159,275.72433,12187467962,0.24525,0.56952,1,0.26321,0.56717,1,0.25423,0.56835,1
1789335188.0226,275.73111,12187535564,0.24233,0.56328,1,0.25924,0.55477,1,0.25078,0.55903,1
1789335188.0290,275.73752,12187599739,0.25179,0.58072,1,0.24548,0.56792,1,0.24864,0.57432,1
1789335188.0360,275.74445,12187668991,0.25314,0.58609,1,0.27069,0.52820,1,0.26191,0.55714,1
1789335188.0427,275.75116,12187736181,0.25562,0.59134,1,0.27418,0.54015,1,0.26490,0.56574,1
1789335188.0492,275.75763,12187800785,0.28834,0.58203,1,0.33499,0.62172,1,0.31167,0.60187,1
1789335188.0561,275.76462,12187870695,0.31932,0.63558,1,0.31122,0.60193,1,0.31527,0.61875,1
1789335188.0628,275.77130,12187937523,0.32392,0.64680,1,0.31442,0.61413,1,0.31917,0.63047,1
1789335188.0693,275.77774,12188001865,0.29736,0.64899,1,0.31350,0.57003,1,0.30543,0.60951,1
1789335188.0762,275.78467,12188071176,0.29800,0.64152,1,0.31502,0.57295,1,0.30651,0.60724,1
1789335188.0826,275.79108,12188135439,0.29578,0.63658,1,0.31365,0.56735,1,0.30472,0.60196,1
1789335188.0893,275.79782,12188202812,0.29988,0.63129,1,0.32527,0.57503,1,0.31258,0.60316,1
1789335188.0962,275.80472,12188271836,0.30582,0.63959,1,0.32473,0.56321,1,0.31528,0.60140,1
1789335188.1030,275.81146,12188339260,0.30582,0.63959,1,0.32473,0.56321,1,0.31528,0.60140,1
1789335188.1094,275.81790,12188403515,0.31084,0.62502,1,0.33526,0.56331,1,0.32305,0.59416,1
1789335188.1164,275.82489,12188473289,0.30832,0.61706,1,0.33238,0.55642,1,0.32035,0.58674,1
1789335188.1228,275.83130,12188537519,0.30832,0.61706,1,0.33238,0.55642,1,0.32035,0.58674,1
1789335188.1298,275.83823,12188606709,0.29607,0.61438,1,0.31873,0.63057,1,0.30740,0.62248,1
1789335188.1365,275.84497,12188674096,0.29966,0.59478,1,0.30325,0.62786,1,0.30145,0.61132,1
1789335188.1432,275.85165,12188741122,0.29966,0.59478,1,0.30325,0.62786,1,0.30145,0.61132,1
1789335188.1496,275.85812,12188805633,0.28818,0.58810,1,0.30746,0.60292,1,0.29782,0.59551,1
1789335188.1566,275.86505,12188875043,0.29156,0.60501,1,0.31161,0.60992,1,0.30159,0.60747,1
1789335188.1630,275.87149,12188939402,0.29156,0.60501,1,0.31161,0.60992,1,0.30159,0.60747,1
1789335188.1699,275.87842,12189008584,0.29022,0.62111,1,0.31275,0.56594,1,0.30148,0.59353,1
1789335188.1767,275.88516,12189076155,0.29408,0.60103,1,0.31512,0.62521,1,0.30460,0.61312,1
1789335188.1832,275.89163,12189140814,0.29631,0.60628,1,0.31648,0.63033,1,0.30639,0.61831,1
1789335188.1900,275.89850,12189209509,0.29890,0.62633,1,0.31801,0.59583,1,0.30845,0.61108,1
1789335188.1968,275.90527,12189277346,0.32643,0.62411,1,0.31421,0.57896,1,0.32032,0.60153,1
1789335188.2032,275.91165,12189341129,0.32845,0.62928,1,0.31561,0.58461,1,0.32203,0.60694,1
1789335188.2101,275.91861,12189410743,0.29884,0.59247,1,0.31895,0.63066,1,0.30889,0.61156,1
1789335188.2166,275.92508,12189475317,0.29977,0.59802,1,0.31900,0.62341,1,0.30938,0.61072,1
1789335188.2235,275.93201,12189544487,0.29751,0.59255,1,0.31762,0.61810,1,0.30757,0.60533,1
1789335188.2303,275.93875,12189611957,0.31660,0.59028,1,0.30870,0.58400,1,0.31265,0.58714,1
1789335188.2371,275.94553,12189679813,0.31807,0.57009,1,0.30583,0.56413,1,0.31195,0.56711,1
1789335188.2434,275.95187,12189743264,0.31603,0.56453,1,0.30438,0.55845,1,0.31020,0.56149,1
1789335188.2504,275.95883,12189812981,0.30425,0.58314,1,0.29737,0.59333,1,0.30081,0.58823,1
1789335188.2568,275.96527,12189877305,0.30181,0.57487,1,0.30184,0.64147,1,0.30182,0.60817,1
1789335188.2635,275.97198,12189944258,0.30181,0.57487,1,0.30184,0.64147,1,0.30182,0.60817,1
1789335188.2702,275.97867,12190011170,0.30545,0.56847,1,0.30389,0.55479,1,0.30467,0.56163,1
1789335188.2769,275.98535,12190078006,0.30698,0.57881,1,0.30389,0.56224,1,0.30543,0.57052,1
1789335188.2840,275.99243,12190148716,0.30698,0.57881,1,0.30389,0.56224,1,0.30543,0.57052,1
1789335188.2903,275.99878,12190212357,0.31188,0.58439,1,0.31094,0.59166,1,0.31141,0.58802,1
1789335188.2970,276.00543,12190278895,0.31372,0.60667,1,0.31126,0.60692,1,0.31249,0.60680,1
1789335188.3039,276.01239,12190348320,0.31579,0.61187,1,0.31265,0.61219,1,0.31422,0.61203,1
1789335188.3108,276.01926,12190416975,0.31117,0.63687,1,0.33116,0.57203,1,0.32117,0.60445,1
1789335188.3173,276.02576,12190482201,0.29166,0.62116,1,0.33729,0.60751,1,0.31448,0.61434,1
1789335188.3240,276.03250,12190549631,0.29166,0.62116,1,0.33729,0.60751,1,0.31448,0.61434,1
1789335188.3305,276.03897,12190614122,0.30740,0.60755,1,0.30805,0.62000,1,0.30772,0.61378,1
1789335188.3374,276.04587,12190683179,0.29941,0.62188,1,0.31418,0.60449,1,0.30680,0.61319,1
1789335188.3441,276.05261,12190750574,0.29721,0.61676,1,0.31280,0.59916,1,0.30501,0.60796,1
1789335188.3506,276.05905,12190815132,0.29474,0.60896,1,0.33574,0.58145,1,0.31524,0.59520,1
1789335188.3575,276.06601,12190884600,0.30877,0.62610,1,0.30188,0.60555,1,0.30533,0.61583,1
1789335188.3640,276.07245,12190948974,0.31088,0.63113,1,0.30335,0.61084,1,0.30712,0.62098,1
1789335188.3707,276.07913,12191015981,0.30882,0.63401,1,0.32167,0.60027,1,0.31524,0.61714,1
1789335188.3777,276.08618,12191086443,0.29927,0.61036,1,0.33459,0.63709,1,0.31693,0.62373,1
1789335188.3841,276.09253,12191149948,0.30151,0.61567,1,0.33443,0.63644,1,0.31797,0.62605,1
1789335188.3910,276.09949,12191219494,0.32356,0.60589,1,0.32180,0.62391,1,0.32268,0.61490,1
1789335188.3975,276.10593,12191283750,0.30117,0.61952,1,0.30800,0.60204,1,0.30459,0.61078,1
1789335188.4042,276.11264,12191350798,0.29649,0.60852,1,0.30657,0.59669,1,0.30153,0.60261,1
1789335188.4111,276.11960,12191420438,0.28885,0.57949,1,0.31126,0.59020,1,0.30006,0.58485,1
1789335188.4176,276.12604,12191484925,0.29430,0.61130,1,0.32460,0.59318,1,0.30945,0.60224,1
1789335188.4242,276.13272,12191551775,0.29871,0.62153,1,0.32572,0.59789,1,0.31222,0.60971,1
1789335188.4312,276.13965,12191621128,0.32379,0.63294,1,0.36822,0.60250,1,0.34601,0.61772,1
1789335188.4376,276.14612,12191685772,0.33140,0.66066,1,0.34998,0.59710,1,0.34069,0.62888,1
1789335188.4444,276.15283,12191752733,0.33115,0.66004,1,0.35213,0.60791,1,0.34164,0.63397,1
1789335188.4513,276.15973,12191821828,0.33068,0.62292,1,0.34513,0.61287,1,0.33790,0.61790,1
1789335188.4578,276.16623,12191886704,0.32895,0.64424,1,0.36140,0.63368,1,0.34518,0.63896,1
1789335188.4644,276.17288,12191953467,0.33144,0.65045,1,0.36267,0.64028,1,0.34706,0.64536,1
1789335188.4714,276.17984,12192022779,0.37281,0.65938,1,0.37429,0.61359,1,0.37355,0.63649,1
1789335188.4778,276.18631,12192087585,0.36679,0.66649,1,0.37559,0.63641,1,0.37119,0.65145,1
1789335188.4845,276.19299,12192154517,0.36503,0.66151,1,0.37378,0.62573,1,0.36941,0.64362,1
1789335188.4915,276.19998,12192224433,0.35519,0.63864,1,0.35879,0.59927,1,0.35699,0.61896,1
1789335188.4979,276.20642,12192288604,0.34673,0.63936,1,0.34591,0.57110,1,0.34632,0.60523,1
1789335188.5046,276.21310,12192355667,0.34308,0.62943,1,0.34369,0.55987,1,0.34338,0.59465,1
1789335188.5116,276.22006,12192425186,0.32730,0.64567,1,0.38276,0.58459,1,0.35503,0.61513,1
1789335188.5181,276.22653,12192489870,0.36595,0.66002,1,0.37285,0.58565,1,0.36940,0.62284,1
1789335188.5249,276.23340,12192558654,0.36595,0.66002,1,0.37285,0.58565,1,0.36940,0.62284,1
1789335188.5314,276.23990,12192623402,0.34936,0.62835,1,0.35575,0.60231,1,0.35256,0.61533,1
1789335188.5381,276.24661,12192690575,0.33886,0.61132,1,0.36382,0.59204,1,0.35134,0.60168,1
1789335188.5448,276.25330,12192757514,0.33886,0.61132,1,0.36382,0.59204,1,0.35134,0.60168,1
1789335188.5515,276.25998,12192824276,0.33901,0.64573,1,0.36883,0.59545,1,0.35392,0.62059,1
1789335188.5582,276.26669,12192891370,0.35109,0.60718,1,0.35699,0.59694,1,0.35404,0.60206,1
1789335188.5651,276.27362,12192960776,0.35109,0.60718,1,0.35699,0.59694,1,0.35404,0.60206,1
1789335188.5716,276.28006,12193025163,0.35064,0.61618,1,0.35482,0.58893,1,0.35273,0.60255,1
1789335188.5783,276.28677,12193092300,0.36573,0.62937,1,0.37257,0.59450,1,0.36915,0.61194,1
1789335188.5852,276.29370,12193161516,0.36573,0.62937,1,0.37257,0.59450,1,0.36915,0.61194,1
1789335188.5917,276.30017,12193226121,0.40780,0.64644,1,0.40506,0.60873,1,0.40643,0.62759,1
1789335188.5984,276.30685,12193293110,0.39112,0.64285,1,0.43683,0.60557,1,0.41398,0.62421,1
1789335188.6053,276.31381,12193362733,0.39112,0.64285,1,0.43683,0.60557,1,0.41398,0.62421,1
1789335188.6118,276.32028,12193427313,0.44783,0.61890,1,0.42292,0.57793,1,0.43537,0.59841,1
1789335188.6187,276.32721,12193496516,0.45455,0.61101,1,0.42799,0.56199,1,0.44127,0.58650,1
1789335188.6254,276.33389,12193563395,0.45548,0.61609,1,0.42794,0.56127,1,0.44171,0.58868,1
1789335188.6319,276.34036,12193628220,0.45091,0.64620,1,0.42530,0.63209,1,0.43811,0.63915,1
1789335188.6386,276.34708,12193695205,0.45722,0.62623,1,0.43629,0.60921,1,0.44675,0.61772,1
1789335188.6455,276.35400,12193764504,0.45514,0.61487,1,0.43589,0.60313,1,0.44552,0.60900,1
1789335188.6520,276.36044,12193829099,0.43497,0.58567,1,0.43608,0.57131,1,0.43553,0.57849,1
1789335188.6589,276.36737,12193898328,0.43543,0.57675,1,0.45207,0.56783,1,0.44375,0.57229,1
1789335188.6657,276.37415,12193966033,0.43556,0.57740,1,0.45186,0.56236,1,0.44371,0.56988,1
1789335188.6721,276.38055,12194030048,0.45413,0.58782,1,0.42007,0.57811,1,0.43710,0.58297,1
1789335188.6790,276.38748,12194099226,0.45817,0.61630,1,0.42837,0.62572,1,0.44327,0.62101,1
1789335188.6858,276.39423,12194166828,0.45906,0.62131,1,0.42922,0.63639,1,0.44414,0.62885,1
1789335188.6922,276.40067,12194231197,0.44803,0.59503,1,0.44486,0.62884,1,0.44645,0.61194,1
1789335188.6991,276.40756,12194300204,0.43166,0.59558,1,0.45345,0.62057,1,0.44255,0.60808,1
1789335188.7059,276.41437,12194368056,0.43292,0.60150,1,0.45368,0.62652,1,0.44330,0.61401,1
1789335188.7123,276.42075,12194431982,0.44420,0.62021,1,0.41884,0.61898,1,0.43152,0.61959,1
1789335188.7192,276.42770,12194501688,0.45321,0.59156,1,0.42560,0.59050,1,0.43941,0.59103,1
1789335188.7256,276.43411,12194565779,0.45227,0.58628,1,0.42516,0.58502,1,0.43871,0.58565,1
1789335188.7326,276.44107,12194635107,0.46031,0.61241,1,0.43582,0.57224,1,0.44806,0.59232,1
1789335188.7393,276.44781,12194702622,0.46349,0.59953,1,0.44409,0.61093,1,0.45379,0.60523,1
1789335188.7457,276.45422,12194766759,0.46434,0.60470,1,0.44437,0.61621,1,0.45435,0.61045,1
1789335188.7527,276.46115,12194836125,0.45109,0.62272,1,0.45210,0.63722,1,0.45159,0.62997,1
1789335188.7595,276.46802,12194904599,0.45880,0.63239,1,0.43287,0.64377,1,0.44583,0.63808,1
1789335188.7659,276.47433,12194967724,0.45971,0.63741,1,0.43325,0.64889,1,0.44648,0.64315,1
1789335188.7728,276.48126,12195037277,0.45910,0.61068,1,0.43964,0.63166,1,0.44937,0.62117,1
1789335188.7793,276.48773,12195101916,0.46315,0.59247,1,0.44185,0.63283,1,0.45250,0.61265,1
1789335188.7859,276.49442,12195168809,0.46315,0.59247,1,0.44185,0.63283,1,0.45250,0.61265,1
1789335188.7929,276.50140,12195238505,0.48017,0.63636,1,0.46888,0.61913,1,0.47452,0.62774,1
1789335188.7994,276.50784,12195302989,0.49264,0.62378,1,0.50132,0.64632,1,0.49698,0.63505,1
1789335188.8060,276.51450,12195369502,0.49200,0.61866,1,0.50132,0.64620,1,0.49666,0.63243,1
1789335188.8134,276.52185,12195443097,0.53001,0.62639,1,0.51585,0.64659,1,0.52293,0.63649,1
1789335188.8194,276.52792,12195503866,0.52283,0.61400,1,0.55427,0.60568,1,0.53855,0.60984,1
1789335188.8263,276.53482,12195572870,0.52282,0.61389,1,0.55493,0.60016,1,0.53888,0.60702,1
1789335188.8332,276.54166,12195641090,0.55073,0.62193,1,0.57411,0.62750,1,0.56242,0.62472,1
1789335188.8398,276.54825,12195706871,0.54985,0.61541,1,0.56355,0.61971,1,0.55670,0.61756,1
1789335188.8465,276.55499,12195774490,0.54970,0.61046,1,0.56426,0.61456,1,0.55698,0.61251,1
1789335188.8529,276.56140,12195838671,0.56770,0.61071,1,0.57128,0.61526,1,0.56949,0.61299,1
1789335188.8599,276.56833,12195907837,0.57066,0.61754,1,0.57504,0.61495,1,0.57285,0.61624,1
1789335188.8666,276.57510,12195975676,0.57066,0.61754,1,0.57504,0.61495,1,0.57285,0.61624,1
1789335188.8733,276.58173,12196041737,0.56986,0.57980,1,0.57594,0.61362,1,0.57290,0.59671,1
1789335188.8800,276.58847,12196109152,0.56852,0.57681,1,0.57236,0.61917,1,0.57044,0.59799,1
1789335188.8864,276.59491,12196173529,0.56852,0.57070,1,0.57416,0.60723,1,0.57134,0.58897,1
1789335188.8934,276.60184,12196242751,0.56640,0.53109,1,0.57162,0.59275,1,0.56901,0.56192,1
1789335188.9002,276.60864,12196310869,0.56004,0.53725,1,0.56944,0.58062,1,0.56474,0.55893,1
1789335188.9065,276.61499,12196374566,0.55988,0.52498,1,0.57027,0.57455,1,0.56508,0.54977,1
1789335188.9135,276.62195,12196443907,0.55412,0.52678,1,0.58574,0.57893,1,0.56993,0.55286,1
1789335188.9199,276.62839,12196508327,0.55323,0.52993,1,0.58661,0.58978,1,0.56992,0.55985,1
1789335188.9266,276.63510,12196575523,0.55337,0.53600,1,0.58563,0.59568,1,0.56950,0.56584,1
1789335188.9336,276.64206,12196645144,0.56906,0.56294,1,0.56822,0.63200,1,0.56864,0.59747,1
1789335188.9400,276.64850,12196709482,0.56026,0.56609,1,0.56583,0.59843,1,0.56304,0.58226,1
1789335188.9469,276.65540,12196778547,0.56026,0.56609,1,0.56663,0.59256,1,0.56344,0.57933,1
1789335188.9538,276.66223,12196846721,0.57902,0.56720,1,0.56073,0.63000,1,0.56988,0.59860,1
1789335188.9601,276.66858,12196910428,0.57586,0.56559,1,0.58288,0.57499,1,0.57937,0.57029,1
1789335188.9670,276.67551,12196979466,0.57599,0.55299,1,0.58399,0.56792,1,0.57999,0.56045,1
1789335188.9735,276.68198,12197044270,0.56308,0.54761,1,0.57248,0.55831,1,0.56778,0.55296,1
1789335188.9802,276.68866,12197111101,0.56101,0.55579,1,0.58615,0.60667,1,0.57358,0.58123,1
1789335188.9872,276.69565,12197180954,0.56107,0.56144,1,0.58615,0.60667,1,0.57361,0.58406,1
1789335188.9936,276.70209,12197245281,0.57507,0.57697,1,0.57990,0.55642,1,0.57749,0.56670,1
1789335189.0006,276.70905,12197314854,0.57328,0.58739,1,0.57221,0.57000,1,0.57275,0.57870,1
1789335189.0073,276.71579,12197382312,0.57327,0.58846,1,0.57205,0.57115,1,0.57266,0.57980,1
1789335189.0137,276.72220,12197446430,0.59802,0.55460,1,0.60708,0.57686,1,0.60255,0.56573,1
1789335189.0206,276.72910,12197515347,0.62531,0.51571,1,0.64237,0.56122,1,0.63384,0.53847,1
1789335189.0271,276.73560,12197580525,0.62483,0.52190,1,0.63945,0.57338,1,0.63214,0.54764,1
1789335189.0338,276.74225,12197647158,0.66750,0.57812,1,0.66022,0.58019,1,0.66386,0.57915,1
1789335189.0407,276.74921,12197716629,0.69542,0.58486,1,0.67917,0.63447,1,0.68729,0.60966,1
1789335189.0472,276.75568,12197781221,0.69315,0.59628,1,0.67726,0.64027,1,0.68520,0.61827,1
1789335189.0541,276.76260,12197850515,0.68053,0.61664,1,0.66867,0.63538,1,0.67460,0.62601,1
1789335189.0608,276.76932,12197917696,0.68015,0.60845,1,0.66779,0.62839,1,0.67397,0.61842,1
1789335189.0677,276.77615,12197986195,0.68115,0.60296,1,0.66779,0.62839,1,0.67447,0.61567,1
1789335189.0742,276.78271,12198051757,0.66531,0.60007,1,0.70337,0.61705,1,0.68434,0.60856,1
1789335189.0807,276.78915,12198116017,0.66192,0.59647,1,0.69262,0.62124,1,0.67727,0.60885,1
1789335189.0874,276.79584,12198183009,0.66108,0.60208,1,0.69061,0.62710,1,0.67585,0.61459,1
1789335189.0943,276.80276,12198252141,0.64701,0.59525,1,0.68619,0.61953,1,0.66660,0.60739,1
1789335189.1008,276.80927,12198317111,0.66983,0.58582,1,0.68516,0.61689,1,0.67749,0.60135,1
1789335189.1074,276.81592,12198383794,0.66983,0.58582,1,0.68516,0.61689,1,0.67749,0.60135,1
1789335189.1145,276.82294,12198453776,0.68367,0.57594,1,0.67847,0.60710,1,0.68107,0.59152,1
1789335189.1209,276.82935,12198518012,0.67969,0.61105,1,0.67711,0.58846,1,0.67840,0.59976,1
1789335189.1276,276.83603,12198584962,0.67969,0.61105,1,0.67548,0.59385,1,0.67759,0.60245,1
1789335189.1347,276.84317,12198656141,0.67526,0.60587,1,0.66908,0.64306,1,0.67217,0.62447,1
1789335189.1410,276.84943,12198718935,0.66986,0.62019,1,0.66441,0.67455,1,0.66714,0.64737,1
1789335189.1479,276.85635,12198788017,0.66904,0.62503,1,0.66441,0.67455,1,0.66673,0.64979,1
1789335189.1547,276.86316,12198856192,0.66620,0.61432,1,0.65766,0.68506,1,0.66193,0.64969,1
1789335189.1611,276.86954,12198919831,0.66210,0.61269,1,0.68313,0.67630,1,0.67262,0.64449,1
1789335189.1680,276.87646,12198989067,0.66285,0.60778,1,0.68483,0.67160,1,0.67384,0.63969,1
1789335189.1745,276.88293,12199053835,0.67890,0.60841,1,0.70034,0.62833,1,0.68962,0.61837,1
1789335189.1812,276.88965,12199120923,0.67543,0.61137,1,0.70037,0.58301,1,0.68790,0.59719,1
1789335189.1881,276.89658,12199190307,0.67456,0.61631,1,0.69851,0.58858,1,0.68654,0.60245,1
1789335189.1948,276.90323,12199256945,0.67462,0.61765,1,0.68317,0.61848,1,0.67889,0.61806,1
1789335189.2016,276.91003,12199324867,0.66476,0.62613,1,0.68498,0.63153,1,0.67487,0.62883,1
1789335189.2082,276.91669,12199391340,0.66476,0.62613,1,0.68698,0.62557,1,0.67587,0.62585,1
1789335189.2146,276.92310,12199455620,0.65833,0.62598,1,0.68910,0.61635,1,0.67371,0.62116,1
1789335189.2216,276.93008,12199525402,0.68131,0.61254,1,0.68737,0.60689,1,0.68434,0.60971,1
1789335189.2280,276.93652,12199589674,0.68323,0.60217,1,0.69103,0.59570,1,0.68713,0.59893,1
1789335189.2349,276.94342,12199658867,0.67452,0.56041,1,0.68100,0.60824,1,0.67776,0.58433,1
1789335189.2417,276.95013,12199725762,0.67344,0.53558,1,0.68236,0.59851,1,0.67790,0.56705,1
1789335189.2484,276.95685,12199792895,0.67263,0.54095,1,0.67885,0.60964,1,0.67574,0.57530,1
1789335189.2548,276.96332,12199857685,0.66468,0.56975,1,0.66345,0.63987,1,0.66406,0.60481,1
1789335189.2618,276.97025,12199926903,0.67965,0.59158,1,0.65144,0.66535,1,0.66554,0.62847,1
1789335189.2682,276.97668,12199991423,0.67772,0.60251,1,0.64830,0.67585,1,0.66301,0.63918,1
1789335189.2752,276.98364,12200060890,0.66798,0.62404,1,0.67958,0.64625,1,0.67378,0.63514,1
1789335189.2819,276.99036,12200128032,0.66327,0.63355,1,0.68564,0.60646,1,0.67445,0.62001,1
1789335189.2886,276.99707,12200195155,0.66406,0.62862,1,0.68947,0.59464,1,0.67676,0.61163,1
1789335189.2953,277.00375,12200262074,0.65725,0.59593,1,0.68153,0.60234,1,0.66939,0.59914,1
1789335189.3021,277.01059,12200330511,0.67987,0.59273,1,0.68203,0.60058,1,0.68095,0.59666,1
1789335189.3086,277.01712,12200395605,0.68177,0.58201,1,0.68371,0.59527,1,0.68274,0.58864,1
1789335189.3151,277.02359,12200460425,0.67664,0.55033,1,0.67532,0.60235,1,0.67598,0.57634,1
1789335189.3218,277.03030,12200527476,0.66810,0.55726,1,0.66409,0.62849,1,0.66610,0.59287,1
1789335189.3285,277.03699,12200594472,0.66643,0.56853,1,0.66080,0.63939,1,0.66361,0.60396,1
1789335189.3355,277.04395,12200664038,0.65988,0.58397,1,0.67810,0.63383,1,0.66899,0.60890,1
1789335189.3419,277.05038,12200728435,0.65567,0.62841,1,0.67098,0.65424,1,0.66332,0.64132,1
1789335189.3488,277.05731,12200797573,0.65651,0.62271,1,0.67476,0.64264,1,0.66563,0.63268,1
1789335189.3556,277.06409,12200865432,0.59053,0.67275,1,0.60000,0.67564,1,0.59526,0.67420,1
1789335189.3620,277.07047,12200929295,0.55347,0.67111,1,0.56668,0.66479,1,0.56007,0.66795,1
1789335189.3689,277.07742,12200998674,0.55322,0.66188,1,0.56739,0.66017,1,0.56030,0.66103,1
1789335189.3754,277.08389,12201063387,0.48153,0.68421,1,0.48336,0.72581,1,0.48244,0.70501,1
1789335189.3821,277.09061,12201130515,0.42677,0.72091,1,0.43286,0.75093,1,0.42981,0.73592,1
1789335189.3890,277.09750,12201199705,0.42934,0.73011,1,0.43329,0.75556,1,0.43131,0.74284,1
1789335189.3955,277.10397,12201264145,0.37872,0.76779,1,0.36345,0.76410,1,0.37108,0.76594,1
1789335189.4022,277.11066,12201331156,0.39228,0.75999,1,0.37578,0.74590,1,0.38403,0.75295,1
1789335189.4091,277.11761,12201400624,0.39210,0.75951,1,0.37567,0.74539,1,0.38389,0.75245,1
1789335189.4156,277.12408,12201465403,0.38412,0.79942,1,0.40812,0.73824,1,0.39612,0.76883,1
1789335189.4226,277.13107,12201535348,0.40707,0.79968,1,0.40402,0.77852,1,0.40555,0.78910,1
1789335189.4292,277.13766,12201601315,0.40707,0.79968,1,0.40471,0.78281,1,0.40589,0.79124,1
1789335189.4357,277.14417,12201666208,0.40409,0.80413,1,0.38431,0.77422,1,0.39420,0.78918,1
1789335189.4426,277.15106,12201735255,0.38086,0.84486,1,0.38299,0.77403,1,0.38193,0.80944,1
1789335189.4491,277.15753,12201799946,0.38106,0.84525,1,0.38309,0.77452,1,0.38208,0.80989,1
1789335189.4560,277.16446,12201869216,0.37409,0.81124,1,0.38419,0.81130,1,0.37914,0.81127,1
1789335189.4628,277.17123,12201936888,0.37541,0.81397,1,0.38548,0.80928,1,0.38045,0.81162,1
1789335189.4692,277.17764,12202000908,0.37541,0.81397,1,0.38624,0.81279,1,0.38082,0.81338,1
1789335189.4761,277.18460,12202070420,0.37334,0.81725,1,0.38680,0.81264,1,0.38007,0.81495,1
1789335189.4826,277.19107,12202135080,0.37229,0.83323,1,0.38852,0.83081,1,0.38040,0.83202,1
1789335189.4893,277.19775,12202202010,0.37389,0.83641,1,0.38852,0.83081,1,0.38120,0.83361,1
1789335189.4960,277.20444,12202269034,0.37429,0.83697,1,0.38965,0.82422,1,0.38197,0.83059,1
1789335189.5026,277.21112,12202335866,0.37255,0.83729,1,0.38400,0.81477,1,0.37828,0.82603,1
1789335189.5094,277.21786,12202403091,0.37095,0.83414,1,0.38323,0.81128,1,0.37709,0.82271,1
1789335189.5161,277.22455,12202469969,0.36550,0.82985,1,0.38342,0.77295,1,0.37446,0.80140,1
1789335189.5230,277.23151,12202539632,0.36882,0.83365,1,0.38301,0.76914,1,0.37592,0.80139,1
1789335189.5294,277.23792,12202603740,0.36882,0.83365,1,0.38301,0.76914,1,0.37592,0.80139,1
1789335189.5362,277.24463,12202670907,0.36185,0.86932,1,0.38208,0.76313,1,0.37196,0.81623,1
1789335189.5431,277.25159,12202740407,0.36508,0.86290,1,0.38041,0.75435,1,0.37274,0.80862,1
1789335189.5499,277.25842,12202808829,0.36508,0.86290,1,0.38041,0.75435,1,0.37274,0.80862,1
1789335189.5566,277.26511,12202875686,0.36367,0.85641,1,0.38751,0.75589,1,0.37559,0.80615,1
1789335189.5632,277.27167,12202941251,0.36862,0.84724,1,0.38630,0.79262,1,0.37746,0.81993,1
1789335189.5699,277.27835,12203008064,0.36862,0.84724,1,0.38630,0.79262,1,0.37746,0.81993,1
1789335189.5766,277.28510,12203075426,0.36592,0.83990,1,0.38863,0.76932,1,0.37728,0.80461,1
1789335189.5830,277.29150,12203139553,0.36861,0.83227,1,0.39001,0.80035,1,0.37931,0.81631,1
1789335189.5900,277.29843,12203208974,0.36861,0.83227,1,0.39001,0.80035,1,0.37931,0.81631,1
1789335189.5964,277.30490,12203273618,0.36598,0.85145,1,0.39209,0.79037,1,0.37903,0.82091,1
1789335189.6031,277.31161,12203340631,0.36465,0.83888,1,0.38585,0.78217,1,0.37525,0.81053,1
1789335189.6101,277.31860,12203410495,0.36465,0.83888,1,0.38585,0.78217,1,0.37525,0.81053,1
1789335189.6165,277.32501,12203474638,0.35613,0.82620,1,0.38589,0.77895,1,0.37101,0.80258,1
1789335189.6235,277.33194,12203543790,0.38240,0.82946,1,0.38304,0.77318,1,0.38272,0.80132,1
1789335189.6302,277.33865,12203611002,0.38240,0.82946,1,0.38304,0.77318,1,0.38272,0.80132,1
1789335189.6366,277.34509,12203675586,0.36194,0.81213,1,0.39017,0.76685,1,0.37605,0.78949,1
1789335189.6435,277.35202,12203744777,0.38952,0.80010,1,0.39988,0.80114,1,0.39470,0.80062,1
1789335189.6503,277.35880,12203812594,0.39099,0.80359,1,0.40117,0.80839,1,0.39608,0.80599,1
1789335189.6569,277.36542,12203878776,0.44394,0.77161,1,0.45600,0.79262,1,0.44997,0.78211,1
1789335189.6634,277.37189,12203943452,0.43580,0.77130,1,0.46021,0.80424,1,0.44800,0.78777,1
1789335189.6704,277.37888,12204013243,0.43804,0.77896,1,0.46036,0.80807,1,0.44920,0.79352,1
1789335189.6771,277.38553,12204079712,0.44263,0.78518,1,0.46636,0.81787,1,0.45449,0.80153,1
1789335189.6837,277.39221,12204146667,0.45489,0.78874,1,0.46835,0.81543,1,0.46162,0.80208,1
1789335189.6905,277.39899,12204214365,0.45393,0.78508,1,0.46827,0.81180,1,0.46110,0.79844,1
1789335189.6972,277.40564,12204281038,0.45610,0.80403,1,0.45990,0.82130,1,0.45800,0.81266,1
1789335189.7038,277.41232,12204347679,0.44850,0.79952,1,0.45965,0.82816,1,0.45408,0.81384,1
1789335189.7106,277.41910,12204415591,0.44748,0.79593,1,0.45950,0.82459,1,0.45349,0.81026,1
1789335189.7170,277.42548,12204479350,0.44373,0.77662,1,0.45220,0.76334,1,0.44796,0.76998,1
1789335189.7240,277.43246,12204549248,0.43519,0.78165,1,0.45200,0.76414,1,0.44360,0.77290,1
1789335189.7304,277.43887,12204613257,0.43409,0.77800,1,0.45178,0.76013,1,0.44294,0.76906,1
1789335189.7371,277.44559,12204680469,0.45445,0.74611,1,0.44163,0.77420,1,0.44804,0.76015,1
1789335189.7442,277.45267,12204751084,0.44807,0.75487,1,0.43657,0.77204,1,0.44232,0.76345,1
1789335189.7505,277.45898,12204814376,0.44906,0.75872,1,0.43692,0.77595,1,0.44299,0.76733,1
1789335189.7572,277.46570,12204881356,0.46940,0.77514,1,0.47662,0.77289,1,0.47301,0.77402,1
1789335189.7642,277.47263,12204950835,0.46743,0.76613,1,0.46396,0.77701,1,0.46569,0.77157,1
1789335189.7706,277.47906,12205015051,0.46828,0.76998,1,0.46408,0.78099,1,0.46618,0.77548,1
1789335189.7775,277.48599,12205084490,0.45703,0.76868,1,0.46224,0.78573,1,0.45963,0.77720,1
1789335189.7843,277.49274,12205151887,0.45552,0.76871,1,0.46364,0.77911,1,0.45958,0.77391,1
1789335189.7909,277.49939,12205218551,0.45552,0.76871,1,0.46376,0.78301,1,0.45964,0.77586,1
1789335189.7976,277.50610,12205285559,0.45266,0.77683,1,0.46035,0.79003,1,0.45651,0.78343,1
1789335189.8043,277.51279,12205352418,0.45037,0.78102,1,0.45380,0.77737,1,0.45208,0.77919,1
1789335189.8110,277.51950,12205419380,0.44917,0.77653,1,0.45334,0.76851,1,0.45125,0.77252,1
1789335189.8178,277.52625,12205486948,0.44763,0.76251,1,0.45217,0.77334,1,0.44990,0.76793,1
1789335189.8242,277.53265,12205550983,0.45559,0.75433,1,0.46087,0.76370,1,0.45823,0.75902,1
1789335189.8312,277.53967,12205621140,0.45469,0.75059,1,0.46074,0.75985,1,0.45771,0.75522,1
1789335189.8383,277.54681,12205692770,0.50998,0.74842,1,0.52869,0.74180,1,0.51933,0.74511,1
1789335189.8446,277.55307,12205755302,0.52321,0.80167,1,0.53895,0.75951,1,0.53108,0.78059,1
1789335189.8513,277.55978,12205822263,0.52402,0.80915,1,0.53841,0.76372,1,0.53122,0.78643,1
1789335189.8577,277.56616,12205886081,0.55948,0.80465,1,0.58389,0.76130,1,0.57168,0.78297,1
1789335189.8646,277.57309,12205955447,0.56414,0.80610,1,0.58612,0.76556,1,0.57513,0.78583,1
1789335189.8711,277.57959,12206020396,0.56396,0.79029,1,0.59035,0.74698,1,0.57715,0.76863,1
1789335189.8780,277.58646,12206089121,0.55677,0.75327,1,0.58901,0.74294,1,0.57289,0.74810,1
1789335189.8848,277.59326,12206157015,0.56230,0.74568,1,0.60044,0.74840,1,0.58137,0.74704,1
1789335189.8912,277.59967,12206221090,0.56219,0.73804,1,0.60247,0.74023,1,0.58233,0.73914,1
1789335189.8979,277.60635,12206287989,0.57031,0.71120,1,0.58037,0.75268,1,0.57534,0.73194,1
1789335189.9048,277.61325,12206357130,0.56845,0.72027,1,0.57888,0.75431,1,0.57366,0.73729,1
1789335189.9116,277.62012,12206425825,0.56845,0.72532,1,0.57783,0.75937,1,0.57314,0.74235,1
1789335189.9182,277.62665,12206491117,0.57267,0.73490,1,0.58623,0.76963,1,0.57945,0.75226,1
1789335189.9247,277.63315,12206556041,0.57499,0.72768,1,0.55914,0.76547,1,0.56707,0.74658,1
1789335189.9318,277.64029,12206627404,0.57494,0.73199,1,0.55769,0.77393,1,0.56631,0.75296,1
1789335189.9383,277.64682,12206692635,0.57591,0.77852,1,0.56023,0.77367,1,0.56807,0.77609,1
1789335189.9448,277.65323,12206756912,0.55764,0.78037,1,0.57084,0.77254,1,0.56424,0.77645,1
1789335189.9514,277.65991,12206823752,0.55774,0.78430,1,0.56998,0.77689,1,0.56386,0.78059,1
1789335189.9584,277.66684,12206892906,0.54125,0.76697,1,0.57490,0.78068,1,0.55808,0.77382,1
1789335189.9648,277.67331,12206957767,0.54531,0.75674,1,0.57754,0.76774,1,0.56143,0.76224,1
1789335189.9715,277.68002,12207024702,0.54531,0.75674,1,0.57846,0.76338,1,0.56189,0.76006,1
1789335189.9786,277.68704,12207094933,0.55990,0.78796,1,0.59109,0.75473,1,0.57549,0.77135,1
1789335189.9852,277.69363,12207160947,0.55999,0.77249,1,0.59956,0.75200,1,0.57978,0.76224,1
1789335189.9919,277.70035,12207227970,0.55991,0.76849,1,0.59956,0.75200,1,0.57974,0.76024,1
1789335189.9983,277.70682,12207292631,0.57010,0.75731,1,0.55814,0.74501,1,0.56412,0.75116,1
1789335190.0052,277.71371,12207361790,0.57334,0.75110,1,0.56568,0.74991,1,0.56951,0.75050,1
1789335190.0120,277.72046,12207429066,0.57330,0.75522,1,0.56488,0.75438,1,0.56909,0.75480,1
1789335190.0184,277.72690,12207493628,0.53402,0.79044,1,0.56789,0.74569,1,0.55095,0.76807,1
1789335190.0254,277.73383,12207562874,0.53800,0.79575,1,0.57661,0.75465,1,0.55730,0.77520,1
1789335190.0321,277.74054,12207629884,0.53800,0.79575,1,0.57661,0.75465,1,0.55730,0.77520,1
1789335190.0387,277.74722,12207696773,0.55021,0.77901,1,0.58419,0.74905,1,0.56720,0.76403,1
1789335190.0455,277.75397,12207764132,0.55794,0.77839,1,0.56584,0.74635,1,0.56189,0.76237,1
1789335190.0523,277.76074,12207831870,0.55785,0.77435,1,0.56667,0.74169,1,0.56226,0.75802,1
1789335190.0586,277.76709,12207895492,0.56204,0.73333,1,0.57866,0.74202,1,0.57035,0.73767,1
1789335190.0656,277.77405,12207964869,0.56751,0.73717,1,0.57838,0.75790,1,0.57295,0.74754,1
1789335190.0720,277.78049,12208029262,0.56751,0.73717,1,0.57838,0.75790,1,0.57295,0.74754,1
1789335190.0787,277.78717,12208096363,0.57388,0.74487,1,0.58466,0.77164,1,0.57927,0.75825,1
1789335190.0857,277.79413,12208165683,0.57589,0.74899,1,0.59125,0.77216,1,0.58357,0.76058,1
1789335190.0921,277.80060,12208230404,0.57582,0.75326,1,0.59122,0.77226,1,0.58352,0.76276,1
1789335190.0988,277.80728,12208297433,0.58245,0.75487,1,0.56705,0.75243,1,0.57475,0.75365,1
1789335190.1058,277.81424,12208366958,0.58331,0.76191,1,0.56689,0.75991,1,0.57510,0.76091,1
1789335190.1122,277.82068,12208431348,0.58331,0.76201,1,0.56606,0.76440,1,0.57468,0.76320,1
1789335190.1192,277.82767,12208501066,0.56096,0.75603,1,0.56581,0.73920,1,0.56339,0.74762,1
1789335190.1258,277.83432,12208567644,0.54293,0.76463,1,0.55402,0.73084,1,0.54848,0.74774,1
1789335190.1326,277.84103,12208634810,0.54292,0.76453,1,0.55404,0.73073,1,0.54848,0.74763,1
1789335190.1393,277.84775,12208701991,0.54096,0.58397,1,0.57183,0.60219,1,0.55639,0.59308,1
1789335190.1460,277.85449,12208769452,0.54116,0.55288,1,0.58007,0.54708,1,0.56062,0.54998,1
1789335190.1524,277.86087,12208833237,0.54116,0.55288,1,0.58101,0.54068,1,0.56109,0.54678,1
1789335190.1594,277.86783,12208902904,0.53171,0.57327,1,0.54989,0.54993,1,0.54080,0.56160,1
1789335190.1662,277.87463,12208970970,0.52801,0.54094,1,0.55273,0.56360,1,0.54037,0.55227,1
1789335190.1727,277.88120,12209036415,0.52765,0.53477,1,0.55341,0.55742,1,0.54053,0.54609,1
1789335190.1795,277.88794,12209103827,0.52546,0.52320,1,0.55611,0.55142,1,0.54078,0.53731,1
1789335190.1861,277.89459,12209170464,0.51880,0.50756,1,0.55381,0.55051,1,0.53631,0.52903,1
1789335190.1928,277.90128,12209237374,0.51880,0.50756,1,0.55314,0.55665,1,0.53597,0.53210,1
1789335190.1996,277.90808,12209305429,0.53266,0.52037,1,0.55018,0.55354,1,0.54142,0.53696,1
1789335190.2060,277.91446,12209369209,0.53180,0.54729,1,0.53962,0.57626,1,0.53571,0.56177,1
1789335190.2129,277.92139,12209438297,0.53213,0.55339,1,0.53905,0.58244,1,0.53559,0.56792,1
1789335190.2194,277.92786,12209503197,0.55451,0.53969,1,0.54765,0.57978,1,0.55108,0.55973,1
1789335190.2263,277.93478,12209572285,0.55066,0.54942,1,0.54584,0.57207,1,0.54825,0.56074,1
1789335190.2330,277.94147,12209639251,0.55066,0.54942,1,0.54584,0.57207,1,0.54825,0.56074,1
1789335190.2397,277.94818,12209706220,0.55334,0.55911,1,0.54861,0.57610,1,0.55097,0.56760,1
1789335190.2462,277.95465,12209771142,0.54989,0.55161,1,0.54617,0.58637,1,0.54803,0.56899,1
1789335190.2531,277.96161,12209840474,0.54989,0.55161,1,0.54617,0.58637,1,0.54803,0.56899,1
1789335190.2596,277.96805,12209905046,0.54724,0.53684,1,0.54618,0.57303,1,0.54671,0.55493,1
1789335190.2666,277.97504,12209974956,0.54546,0.55344,1,0.54092,0.56708,1,0.54319,0.56026,1
1789335190.2733,277.98178,12210042481,0.54525,0.54726,1,0.54151,0.56073,1,0.54338,0.55399,1
1789335190.2797,277.98816,12210106021,0.54293,0.54159,1,0.53458,0.56067,1,0.53876,0.55113,1
1789335190.2866,277.99509,12210175499,0.54182,0.54135,1,0.54683,0.57240,1,0.54433,0.55688,1
1789335190.2931,278.00159,12210240301,0.54182,0.54135,1,0.54683,0.57240,1,0.54433,0.55688,1
1789335190.3000,278.00848,12210309258,0.54543,0.54947,1,0.54944,0.56252,1,0.54744,0.55599,1
1789335190.3064,278.01492,12210373834,0.54491,0.55101,1,0.55144,0.57236,1,0.54817,0.56169,1
1789335190.3134,278.02185,12210443146,0.54491,0.55101,1,0.55144,0.57236,1,0.54817,0.56169,1
1789335190.3202,278.02863,12210510669,0.54291,0.55117,1,0.54840,0.57475,1,0.54566,0.56296,1
1789335190.3266,278.03503,12210574903,0.53884,0.52536,1,0.54615,0.57913,1,0.54250,0.55224,1
1789335190.3332,278.04172,12210641834,0.53884,0.52536,1,0.54562,0.58436,1,0.54223,0.55486,1
1789335190.3402,278.04868,12210711172,0.51872,0.44640,1,0.51025,0.42290,1,0.51449,0.43465,1
1789335190.3467,278.05515,12210775899,0.52535,0.37252,1,0.50079,0.35463,1,0.51307,0.36358,1
1789335190.3534,278.06186,12210842984,0.52607,0.38722,1,0.50057,0.36310,1,0.51332,0.37516,1
1789335190.3603,278.06882,12210912626,0.49083,0.27500,1,0.50402,0.22348,1,0.49742,0.24924,1
1789335190.3671,278.07559,12210980428,0.48311,0.24073,1,0.50498,0.14931,1,0.49405,0.19502,1
1789335190.3734,278.08191,12211043754,0.48391,0.25045,1,0.50497,0.14976,1,0.49444,0.20011,1
1789335190.3801,278.08859,12211110512,0.49531,0.18955,1,0.47133,0.13995,1,0.48332,0.16475,1
1789335190.3868,278.09531,12211177641,0.49486,0.19265,1,0.47883,0.14335,1,0.48684,0.16800,1
1789335190.3938,278.10223,12211246791,0.49478,0.19154,1,0.47884,0.13009,1,0.48681,0.16082,1
1789335190.4002,278.10870,12211311661,0.48638,0.17869,1,0.49010,0.13823,1,0.48824,0.15846,1
1789335190.4069,278.11542,12211378618,0.48868,0.15863,1,0.49576,0.11783,1,0.49222,0.13823,1
1789335190.4139,278.12234,12211447901,0.48726,0.13854,1,0.49609,0.09676,1,0.49168,0.11765,1
1789335190.4203,278.12881,12211512740,0.48656,0.12232,1,0.48532,0.06059,1,0.48594,0.09146,1
1789335190.4270,278.13550,12211579520,0.48436,0.11759,1,0.49074,0.01690,1,0.48755,0.06724,1
1789335190.4340,278.14246,12211649164,0.48375,0.10897,1,0.49071,0.01992,1,0.48723,0.06445,1
1789335190.4404,278.14890,12211713405,0.48850,0.12203,1,0.49573,0.03016,1,0.49211,0.07610,1
1789335190.4473,278.15582,12211782655,0.48725,0.13835,1,0.49694,0.03922,1,0.49209,0.08878,1
1789335190.4541,278.16257,12211850152,0.48804,0.14961,1,0.49657,0.06275,1,0.49230,0.10618,1
1789335190.4605,278.16901,12211914448,0.48822,0.18105,1,0.49128,0.08798,1,0.48975,0.13451,1
1789335190.4674,278.17590,12211983575,0.47904,0.18138,1,0.49504,0.10553,1,0.48704,0.14346,1
1789335190.4742,278.18265,12212050867,0.48052,0.19958,1,0.49490,0.11499,1,0.48771,0.15729,1
1789335190.4806,278.18909,12212115361,0.48017,0.21566,1,0.49058,0.12109,1,0.48538,0.16837,1
1789335190.4875,278.19601,12212184669,0.47710,0.21087,1,0.49040,0.11316,1,0.48375,0.16202,1
1789335190.4943,278.20279,12212252429,0.47628,0.20126,1,0.49040,0.11316,1,0.48334,0.15721,1
1789335190.5010,278.20944,12212318841,0.46991,0.14730,1,0.46586,0.08804,1,0.46788,0.11767,1
1789335190.5077,278.21619,12212386428,0.42168,0.10340,1,0.43887,0.05624,1,0.43028,0.07982,1
1789335190.5141,278.22260,12212450452,0.42296,0.11394,1,0.43887,0.05624,1,0.43092,0.08509,1
1789335190.5208,278.22928,12212517401,0.39839,0.09329,1,0.43104,0.09902,1,0.41471,0.09616,1
1789335190.5277,278.23621,12212586584,0.40454,0.08916,1,0.39410,0.10044,1,0.39932,0.09480,1
1789335190.5344,278.24289,12212653408,0.40437,0.08793,1,0.39401,0.09923,1,0.39919,0.09358,1
1789335190.5411,278.24960,12212720653,0.39853,0.05600,1,0.37898,0.08822,1,0.38875,0.07211,1
1789335190.5479,278.25638,12212788263,0.40103,0.05689,1,0.41035,0.09477,1,0.40569,0.07583,1
1789335190.5546,278.26303,12212854867,0.40103,0.05689,1,0.41035,0.09477,1,0.40569,0.07583,1
1789335190.5613,278.26974,12212921914,0.38325,0.05726,1,0.38993,0.09119,1,0.38659,0.07422,1
1789335190.5677,278.27615,12212986107,0.37365,0.06786,1,0.39176,0.10375,1,0.38270,0.08580,1
1789335190.5744,278.28284,12213053019,0.37365,0.06786,1,0.39257,0.11443,1,0.38311,0.09115,1
1789335190.5813,278.28979,12213122446,0.38732,0.08857,1,0.38288,0.12000,1,0.38510,0.10429,1
1789335190.5878,278.29626,12213187159,0.38711,0.10507,1,0.37427,0.12831,1,0.38069,0.11669,1
1789335190.5945,278.30298,12213254180,0.38874,0.11590,1,0.37526,0.13906,1,0.38200,0.12748,1
1789335190.6014,278.30988,12213323357,0.40486,0.13360,1,0.41477,0.13696,1,0.40981,0.13528,1
1789335190.6079,278.31635,12213388105,0.39798,0.09628,1,0.41215,0.13502,1,0.40506,0.11565,1
1789335190.6146,278.32306,12213455152,0.39798,0.09628,1,0.41151,0.12421,1,0.40474,0.11024,1
1789335190.6216,278.33011,12213525576,0.38979,0.09011,1,0.41377,0.12574,1,0.40178,0.10793,1
1789335190.6280,278.33646,12213589204,0.38518,0.08098,1,0.40476,0.11128,1,0.39497,0.09613,1
1789335190.6347,278.34314,12213656017,0.38354,0.06990,1,0.40407,0.10056,1,0.39381,0.08523,1
1789335190.6416,278.35007,12213725291,0.38055,0.06667,1,0.39942,0.11011,1,0.38998,0.08839,1
1789335190.6481,278.35657,12213790337,0.37637,0.06310,1,0.39380,0.10927,1,0.38509,0.08618,1
1789335190.6550,278.36346,12213859122,0.37637,0.06310,1,0.39380,0.10927,1,0.38509,0.08618,1
1789335190.6617,278.37021,12213926541,0.39319,0.07758,1,0.39713,0.11479,1,0.39516,0.09618,1
1789335190.6681,278.37662,12213990711,0.37177,0.07221,1,0.39753,0.11511,1,0.38465,0.09366,1
1789335190.6751,278.38358,12214060361,0.37177,0.07221,1,0.39828,0.12569,1,0.38502,0.09895,1
1789335190.6815,278.39001,12214124793,0.37911,0.08166,1,0.39628,0.14166,1,0.38769,0.11166,1
1789335190.6885,278.39697,12214194357,0.37790,0.09209,1,0.39927,0.15280,1,0.38859,0.12244,1
1789335190.6952,278.40366,12214261081,0.37961,0.10306,1,0.39927,0.15280,1,0.38944,0.12793,1
1789335190.7017,278.41013,12214325907,0.38726,0.09624,1,0.40811,0.15024,1,0.39768,0.12324,1
1789335190.7086,278.41705,12214395011,0.38241,0.08159,1,0.38466,0.12863,1,0.38353,0.10511,1
1789335190.7153,278.42377,12214462108,0.38075,0.07051,1,0.38466,0.12863,1,0.38270,0.09957,1
1789335190.7218,278.43024,12214526922,0.38606,0.07691,1,0.38971,0.14057,1,0.38788,0.10874,1
1789335190.7284,278.43692,12214593839,0.39216,0.08563,1,0.39108,0.11073,1,0.39162,0.09818,1
1789335190.7354,278.44388,12214663456,0.39374,0.09665,1,0.39191,0.12166,1,0.39283,0.10916,1
1789335190.7419,278.45035,12214727861,0.39829,0.10426,1,0.40020,0.13237,1,0.39925,0.11832,1
1789335190.7485,278.45700,12214794681,0.40242,0.10007,1,0.40131,0.12116,1,0.40187,0.11061,1
1789335190.7556,278.46411,12214865698,0.40242,0.10007,1,0.40131,0.12116,1,0.40187,0.11061,1
1789335190.7622,278.47064,12214931009,0.38588,0.09067,1,0.41058,0.12788,1,0.39823,0.10928,1
1789335190.7689,278.47733,12214997812,0.39350,0.13761,1,0.41150,0.12559,1,0.40250,0.13160,1
1789335190.7756,278.48407,12215065265,0.39475,0.14592,1,0.41200,0.13405,1,0.40337,0.13999,1
1789335190.7822,278.49072,12215131881,0.40376,0.14433,1,0.37826,0.15368,1,0.39101,0.14901,1
1789335190.7890,278.49744,12215198836,0.38331,0.15326,1,0.38109,0.16122,1,0.38220,0.15724,1
1789335190.7957,278.50418,12215266334,0.38331,0.15326,1,0.38109,0.16122,1,0.38220,0.15724,1
1789335190.8021,278.51062,12215330695,0.39226,0.14406,1,0.38936,0.14466,1,0.39081,0.14436,1
1789335190.8090,278.51752,12215399821,0.39266,0.13014,1,0.39584,0.13356,1,0.39425,0.13185,1
1789335190.8158,278.52426,12215467151,0.39140,0.12170,1,0.39522,0.12510,1,0.39331,0.12340,1
1789335190.8222,278.53070,12215531567,0.38280,0.12373,1,0.40097,0.13555,1,0.39189,0.12964,1
1789335190.8292,278.53763,12215600863,0.38224,0.12252,1,0.40733,0.13887,1,0.39478,0.13070,1
1789335190.8356,278.54410,12215665527,0.38356,0.13097,1,0.40786,0.14723,1,0.39571,0.13910,1
1789335190.8423,278.55081,12215732517,0.39305,0.13552,1,0.39911,0.15038,1,0.39608,0.14295,1
1789335190.8492,278.55771,12215801576,0.39752,0.14534,1,0.39496,0.16161,1,0.39624,0.15347,1
1789335190.8557,278.56418,12215866389,0.39752,0.14534,1,0.39496,0.16161,1,0.39624,0.15347,1
1789335190.8624,278.57089,12215933461,0.40273,0.12051,1,0.38384,0.13864,1,0.39328,0.12957,1
1789335190.8694,278.57791,12216003657,0.40336,0.14210,1,0.38656,0.16321,1,0.39496,0.15265,1
1789335190.8758,278.58429,12216067404,0.40083,0.12423,1,0.38585,0.15477,1,0.39334,0.13950,1
1789335190.8827,278.59122,12216136571,0.40955,0.14982,1,0.38966,0.15000,1,0.39960,0.14991,1
1789335190.8895,278.59799,12216204448,0.39025,0.14187,1,0.39516,0.15326,1,0.39270,0.14756,1
1789335190.8959,278.60440,12216268429,0.39165,0.15103,1,0.39436,0.14265,1,0.39300,0.14684,1
1789335190.9029,278.61139,12216338342,0.39829,0.15232,1,0.40433,0.13283,1,0.40131,0.14258,1
1789335190.9093,278.61780,12216402377,0.37716,0.13926,1,0.38856,0.11655,1,0.38286,0.12791,1
1789335190.9160,278.62448,12216469355,0.37547,0.12888,1,0.38858,0.11676,1,0.38202,0.12282,1
1789335190.9230,278.63144,12216539031,0.37827,0.11571,1,0.38615,0.13422,1,0.38221,0.12497,1
1789335190.9294,278.63788,12216603301,0.38349,0.14874,1,0.38565,0.15728,1,0.38457,0.15301,1
1789335190.9363,278.64481,12216672481,0.38368,0.14991,1,0.38575,0.15847,1,0.38472,0.15419,1
1789335190.9431,278.65161,12216740584,0.43516,0.24219,1,0.39359,0.24999,1,0.41437,0.24609,1
1789335190.9495,278.65799,12216804341,0.44086,0.30570,1,0.40207,0.37565,1,0.42147,0.34068,1
1789335190.9564,278.66492,12216873665,0.44086,0.30570,1,0.40136,0.36742,1,0.42111,0.33656,1
1789335190.9629,278.67136,12216938234,0.47797,0.49214,1,0.44360,0.53023,1,0.46079,0.51119,1
1789335190.9698,278.67828,12217007390,0.45314,0.61057,1,0.41905,0.64110,1,0.43610,0.62583,1
1789335190.9766,278.68506,12217075185,0.45208,0.60480,1,0.41905,0.64110,1,0.43557,0.62295,1
1789335190.9830,278.69147,12217139113,0.47064,0.77850,1,0.46514,0.85459,1,0.46789,0.81655,1
1789335190.9900,278.69843,12217208704,0.49003,0.90100,1,0.48593,0.90874,1,0.48798,0.90487,1
1789335190.9966,278.70511,12217275470,0.48937,0.89837,1,0.48600,0.90590,1,0.48768,0.90214,1
1789335191.0033,278.71179,12217342412,0.52310,1.07248,1,0.50297,1.09850,1,0.51303,1.08549,1
1789335191.0098,278.71826,12217407145,0.52086,1.13653,1,0.52475,1.18952,1,0.52281,1.16303,1
1789335191.0165,278.72495,12217473881,0.52042,1.13588,1,0.52563,1.18863,1,0.52302,1.16225,1
1789335191.0234,278.73190,12217543617,0.54209,1.35704,1,0.54128,1.31381,1,0.54169,1.33543,1
1789335191.0299,278.73837,12217608109,0.54682,1.42717,1,0.53219,1.40357,1,0.53950,1.41537,1
1789335191.0366,278.74506,12217675019,0.54683,1.42712,1,0.53169,1.40205,1,0.53926,1.41458,1
1789335191.0436,278.75204,12217745100,0.59336,1.58030,1,0.55811,1.51642,1,0.57574,1.54836,1
1789335191.0499,278.75842,12217808870,0.58913,1.67374,1,0.54755,1.55823,1,0.56834,1.61598,1
1789335191.0567,278.76514,12217876038,0.58874,1.66500,1,0.54622,1.55216,1,0.56748,1.60858,1
1789335191.0637,278.77213,12217945694,0.59016,1.81668,1,0.54530,1.74119,1,0.56773,1.77894,1
1789335191.0701,278.77859,12218010454,0.60268,1.87708,1,0.54956,1.74539,1,0.57612,1.81124,1
1789335191.0770,278.78549,12218079312,0.60268,1.87708,1,0.54956,1.74539,1,0.57612,1.81124,1
1789335191.0835,278.79193,12218143987,0.55521,2.00724,1,0.55948,1.77685,1,0.55734,1.89204,1
1789335191.0902,278.79865,12218210892,0.57867,1.98231,1,0.58965,1.76089,1,0.58416,1.87160,1
1789335191.0971,278.80560,12218280578,0.57867,1.98231,1,0.58965,1.76089,1,0.58416,1.87160,1
1789335191.1038,278.81229,12218347355,0.55264,1.97352,1,0.58387,1.80141,1,0.56825,1.88747,1
1789335191.1106,278.81903,12218414700,0.57082,2.01970,1,0.58387,1.80141,0,0.57082,2.01970,1
1789335191.1173,278.82574,12218482032,0.57082,2.01970,1,0.58387,1.80141,0,0.57082,2.01970,1
1789335191.1236,278.83212,12218545820,0.54964,2.01995,1,0.58387,1.80141,0,0.54964,2.01995,1
1789335191.1304,278.83884,12218612745,0.57688,2.03066,1,0.58387,1.80141,0,0.57688,2.03066,1
1789335191.1370,278.84552,12218679686,0.57688,2.03066,1,0.58387,1.80141,0,0.57688,2.03066,1
1789335191.1438,278.85223,12218746787,0.60006,2.02081,1,0.58387,1.80141,0,0.60006,2.02081,1
1789335191.1504,278.85892,12218813771,0.57562,2.05764,1,0.58387,1.80141,0,0.57562,2.05764,1
1789335191.1574,278.86588,12218883265,0.57562,2.05764,1,0.58387,1.80141,0,0.57562,2.05764,1
1789335191.1641,278.87259,12218950357,0.58886,2.05182,1,0.58387,1.80141,0,0.58886,2.05182,1
1789335191.1705,278.87900,12219014443,0.60909,2.06568,1,0.58387,1.80141,0,0.60909,2.06568,1
1789335191.1775,278.88599,12219084249,0.60909,2.06568,1,0.58387,1.80141,0,0.60909,2.06568,1
1789335191.1839,278.89240,12219148593,0.63821,2.04938,1,0.58387,1.80141,0,0.63821,2.04938,1
1789335191.1906,278.89908,12219215457,0.60768,2.04168,1,0.58387,1.80141,0,0.60768,2.04168,1
1789335191.1977,278.90616,12219286036,0.60768,2.04168,1,0.58387,1.80141,0,0.60768,2.04168,1
1789335191.2040,278.91248,12219349412,0.60854,2.07069,1,0.58387,1.80141,0,0.60854,2.07069,1
1789335191.2107,278.91919,12219416468,0.61696,2.06905,1,0.58387,1.80141,0,0.61696,2.06905,1
1789335191.2174,278.92587,12219483322,0.61696,2.06905,1,0.58387,1.80141,0,0.61696,2.06905,1
1789335191.2241,278.93259,12219550500,0.66521,2.07293,1,0.58387,1.80141,0,0.66521,2.07293,1
1789335191.2308,278.93930,12219617449,0.61299,2.08280,1,0.58387,1.80141,0,0.61299,2.08280,1
1789335191.2375,278.94598,12219684462,0.61299,2.08280,1,0.58387,1.80141,0,0.61299,2.08280,1
1789335191.2446,278.95306,12219755112,0.59259,2.09597,1,0.58387,1.80141,0,0.59259,2.09597,1
1789335191.2509,278.95941,12219818519,0.61832,2.09268,1,0.58387,1.80141,0,0.61832,2.09268,1
1789335191.2580,278.96646,12219889172,0.61832,2.09268,1,0.58387,1.80141,0,0.61832,2.09268,1
1789335191.2645,278.97299,12219954494,0.59345,2.10240,1,0.58387,1.80141,0,0.59345,2.10240,1
1789335191.2710,278.97949,12220019355,0.58387,2.08410,1,0.58387,1.80141,0,0.58387,2.08410,1
1789335191.2777,278.98618,12220086345,0.58387,2.08410,1,0.58387,1.80141,0,0.58387,2.08410,1
1789335191.2844,278.99286,12220153108,0.59016,2.09519,1,0.58387,1.80141,0,0.59016,2.09519,1
1789335191.2911,278.99960,12220220538,0.60798,2.05951,1,0.58387,1.80141,0,0.60798,2.05951,1
1789335191.2981,279.00659,12220290499,0.60798,2.05951,1,0.58387,1.80141,0,0.60798,2.05951,1
1789335191.3047,279.01318,12220356440,0.60798,2.05951,0,0.58387,1.80141,0,0.60798,2.05951,0
1789335191.3112,279.01968,12220421373,0.60798,2.05951,0,0.58387,1.80141,0,0.60798,2.05951,0
1789335191.3179,279.02637,12220488327,0.60798,2.05951,0,0.58387,1.80141,0,0.60798,2.05951,0
1789335191.3246,279.03305,12220555029,0.57718,2.08429,1,0.58387,1.80141,0,0.57718,2.08429,1
1789335191.3317,279.04013,12220625811,0.58762,2.08563,1,0.58387,1.80141,0,0.58762,2.08563,1
1789335191.3380,279.04648,12220689245,0.58762,2.08563,1,0.58387,1.80141,0,0.58762,2.08563,1
1789335191.3447,279.05316,12220756256,0.58034,2.10399,1,0.58387,1.80141,0,0.58034,2.10399,1
1789335191.3517,279.06018,12220826248,0.54837,2.11630,1,0.58387,1.80141,0,0.54837,2.11630,1
1789335191.3584,279.06686,12220893215,0.54837,2.11630,1,0.58387,1.80141,0,0.54837,2.11630,1
1789335191.3648,279.07324,12220956880,0.56938,2.11201,1,0.58387,1.80141,0,0.56938,2.11201,1
1789335191.3715,279.07996,12221024015,0.56759,2.09193,1,0.58387,1.80141,0,0.56759,2.09193,1
1789335191.3785,279.08694,12221093832,0.56759,2.09193,1,0.58387,1.80141,0,0.56759,2.09193,1
1789335191.3852,279.09366,12221161219,0.57873,2.04684,1,0.58387,1.80141,0,0.57873,2.04684,1
1789335191.3916,279.10004,12221224995,0.54808,2.08748,1,0.58387,1.80141,0,0.54808,2.08748,1
1789335191.3983,279.10675,12221292077,0.54808,2.08748,1,0.58387,1.80141,0,0.54808,2.08748,1
1789335191.4050,279.11343,12221359007,0.58297,2.09468,1,0.58387,1.80141,0,0.58297,2.09468,1
1789335191.4119,279.12036,12221428244,0.57773,2.08027,1,0.58387,1.80141,0,0.57773,2.08027,1
1789335191.4186,279.12711,12221495660,0.57773,2.08027,1,0.58387,1.80141,0,0.57773,2.08027,1
1789335191.4251,279.13358,12221560303,0.54677,2.07049,1,0.58387,1.80141,0,0.54677,2.07049,1
1789335191.4318,279.14023,12221626917,0.55394,2.05376,1,0.58387,1.80141,0,0.55394,2.05376,1
1789335191.4388,279.14731,12221697640,0.55394,2.05376,1,0.58387,1.80141,0,0.55394,2.05376,1
1789335191.4452,279.15366,12221761053,0.57097,2.05640,1,0.58387,1.80141,0,0.57097,2.05640,1
1789335191.4521,279.16058,12221830381,0.58421,2.08032,1,0.58387,1.80141,0,0.58421,2.08032,1
1789335191.4586,279.16705,12221894928,0.58421,2.08032,1,0.58387,1.80141,0,0.58421,2.08032,1
1789335191.4653,279.17374,12221961887,0.54466,2.05965,1,0.58387,1.80141,0,0.54466,2.05965,1
1789335191.4722,279.18066,12222031191,0.53936,2.03657,1,0.58387,1.80141,0,0.53936,2.03657,1
1789335191.4787,279.18713,12222095768,0.53936,2.03657,1,0.58387,1.80141,0,0.53936,2.03657,1
1789335191.4853,279.19382,12222162836,0.53936,2.03657,0,0.58387,1.80141,0,0.53936,2.03657,0
1789335191.4923,279.20074,12222231902,0.53936,2.03657,0,0.58387,1.80141,0,0.53936,2.03657,0
1789335191.4987,279.20721,12222296724,0.53936,2.03657,0,0.58387,1.80141,0,0.53936,2.03657,0
1789335191.5055,279.21393,12222363672,0.53936,2.03657,0,0.58387,1.80141,0,0.53936,2.03657,0
1789335191.5124,279.22083,12222432845,0.53936,2.03657,0,0.58387,1.80141,0,0.53936,2.03657,0
1789335191.5189,279.22733,12222497772,0.53936,2.03657,0,0.58387,1.80141,0,0.53936,2.03657,0
1789335191.5256,279.23404,12222564887,0.53936,2.03657,0,0.58387,1.80141,0,0.53936,2.03657,0
1789335191.5322,279.24069,12222631570,0.53936,2.03657,0,0.58387,1.80141,0,0.53936,2.03657,0
1789335191.5389,279.24741,12222698727,0.53936,2.03657,0,0.58387,1.80141,0,0.53936,2.03657,0
1789335191.5459,279.25436,12222768127,0.53936,2.03657,0,0.58387,1.80141,0,0.53936,2.03657,0
1789335191.5525,279.26102,12222834691,0.53936,2.03657,0,0.58387,1.80141,0,0.53936,2.03657,0
1789335191.5590,279.26752,12222899637,0.53936,2.03657,0,0.58387,1.80141,0,0.53936,2.03657,0
1789335191.5659,279.27441,12222968696,0.53936,2.03657,0,0.58387,1.80141,0,0.53936,2.03657,0
1789335191.5727,279.28119,12223036377,0.53936,2.03657,0,0.58387,1.80141,0,0.53936,2.03657,0
1789335191.5791,279.28760,12223100604,0.53936,2.03657,0,0.58387,1.80141,0,0.53936,2.03657,0
1789335191.5861,279.29453,12223169692,0.53936,2.03657,0,0.58387,1.80141,0,0.53936,2.03657,0
1789335191.5928,279.30130,12223237584,0.53936,2.03657,0,0.58387,1.80141,0,0.53936,2.03657,0
1789335191.5992,279.30768,12223301455,0.53936,2.03657,0,0.58387,1.80141,0,0.53936,2.03657,0
1789335191.6062,279.31467,12223371238,0.53936,2.03657,0,0.58387,1.80141,0,0.53936,2.03657,0
1789335191.6126,279.32108,12223435349,0.53936,2.03657,0,0.58387,1.80141,0,0.53936,2.03657,0
1789335191.6193,279.32782,12223502842,0.53936,2.03657,0,0.58387,1.80141,0,0.53936,2.03657,0
1789335191.6263,279.33478,12223572284,0.53936,2.03657,0,0.58387,1.80141,0,0.53936,2.03657,0
1789335191.6330,279.34149,12223639564,0.53936,2.03657,0,0.58387,1.80141,0,0.53936,2.03657,0
1789335191.6394,279.34790,12223703497,0.53936,2.03657,0,0.58387,1.80141,0,0.53936,2.03657,0
1789335191.6461,279.35458,12223770332,0.53936,2.03657,0,0.58387,1.80141,0,0.53936,2.03657,0
1789335191.6528,279.36127,12223837290,0.53936,2.03657,0,0.56895,1.84162,1,0.56895,1.84162,1
1789335191.6595,279.36798,12223904301,0.53936,2.03657,0,0.56895,1.84162,0,0.56895,1.84162,0
1789335191.6665,279.37494,12223973769,0.53936,2.03657,0,0.56895,1.84162,0,0.56895,1.84162,0
1789335191.6733,279.38174,12224041973,0.53936,2.03657,0,0.56895,1.84162,0,0.56895,1.84162,0
1789335191.6796,279.38809,12224105305,0.53936,2.03657,0,0.56895,1.84162,0,0.56895,1.84162,0
1789335191.6866,279.39508,12224175438,0.53936,2.03657,0,0.56895,1.84162,0,0.56895,1.84162,0
1789335191.6930,279.40146,12224239208,0.53936,2.03657,0,0.56895,1.84162,0,0.56895,1.84162,0
1789335191.6999,279.40839,12224308449,0.53936,2.03657,0,0.56895,1.84162,0,0.56895,1.84162,0
1789335191.7064,279.41489,12224373260,0.53936,2.03657,0,0.56895,1.84162,0,0.56895,1.84162,0
1789335191.7133,279.42181,12224442653,0.53936,2.03657,0,0.56895,1.84162,0,0.56895,1.84162,0
1789335191.7198,279.42825,12224507155,0.53936,2.03657,0,0.56895,1.84162,0,0.56895,1.84162,0
1789335191.7265,279.43497,12224574262,0.53936,2.03657,0,0.56895,1.84162,0,0.56895,1.84162,0
1789335191.7334,279.44189,12224643345,0.53936,2.03657,0,0.56895,1.84162,0,0.56895,1.84162,0
1789335191.7401,279.44861,12224710571,0.53936,2.03657,0,0.56895,1.84162,0,0.56895,1.84162,0
1789335191.7468,279.45526,12224777264,0.53936,2.03657,0,0.56895,1.84162,0,0.56895,1.84162,0
1789335191.7535,279.46198,12224844331,0.53936,2.03657,0,0.56895,1.84162,0,0.56895,1.84162,0
1789335191.7602,279.46866,12224911253,0.53936,2.03657,0,0.56895,1.84162,0,0.56895,1.84162,0
1789335191.7669,279.47537,12224978249,0.53936,2.03657,0,0.56895,1.84162,0,0.56895,1.84162,0
1789335191.7737,279.48221,12225046537,0.53936,2.03657,0,0.56895,1.84162,0,0.56895,1.84162,0
1789335191.7801,279.48859,12225110313,0.53936,2.03657,0,0.56895,1.84162,0,0.56895,1.84162,0
1789335191.7870,279.49551,12225179623,0.53936,2.03657,0,0.56895,1.84162,0,0.56895,1.84162,0
1789335191.7935,279.50195,12225243926,0.53936,2.03657,0,0.56895,1.84162,0,0.56895,1.84162,0
1789335191.8004,279.50885,12225313164,0.53936,2.03657,0,0.56895,1.84162,0,0.56895,1.84162,0
1789335191.8072,279.51566,12225381059,0.53936,2.03657,0,0.56895,1.84162,0,0.56895,1.84162,0
1789335191.8138,279.52225,12225447096,0.53936,2.03657,0,0.56895,1.84162,0,0.56895,1.84162,0
1789335191.8206,279.52911,12225515646,0.53936,2.03657,0,0.56895,1.84162,0,0.56895,1.84162,0
1789335191.8270,279.53543,12225578910,0.58745,0.90622,1,0.56895,1.84162,0,0.58745,0.90622,1
1789335191.8339,279.54239,12225648457,0.58814,0.87991,1,0.56895,1.84162,0,0.58814,0.87991,1
1789335191.8404,279.54886,12225713025,0.58814,0.87991,1,0.56982,1.84738,1,0.57898,1.36365,1
1789335191.8471,279.55557,12225780312,0.59366,0.82969,1,0.61669,0.80699,1,0.60518,0.81834,1
1789335191.8541,279.56259,12225850530,0.58843,0.82622,1,0.61477,0.81673,1,0.60160,0.82148,1
1789335191.8608,279.56931,12225917470,0.58861,0.82269,1,0.61477,0.81673,1,0.60169,0.81971,1
1789335191.8675,279.57593,12225983887,0.59375,0.84574,1,0.59656,0.83366,1,0.59516,0.83970,1
1789335191.8738,279.58231,12226047681,0.58447,0.85566,1,0.61180,0.81335,1,0.59813,0.83451,1
1789335191.8805,279.58902,12226114854,0.58432,0.85892,1,0.61055,0.81737,1,0.59743,0.83814,1
1789335191.8873,279.59573,12226181773,0.59215,0.87331,1,0.59250,0.78881,1,0.59232,0.83106,1
1789335191.8942,279.60266,12226251285,0.60347,0.80956,1,0.60780,0.79627,1,0.60564,0.80292,1
1789335191.9009,279.60938,12226318368,0.60347,0.80956,1,0.60780,0.79627,1,0.60564,0.80292,1
1789335191.9077,279.61621,12226386489,0.58462,0.83152,1,0.61486,0.80106,1,0.59974,0.81629,1
1789335191.9141,279.62253,12226449768,0.57635,0.82982,1,0.59585,0.81158,1,0.58610,0.82070,1
1789335191.9207,279.62918,12226516441,0.57635,0.82982,1,0.59585,0.81158,1,0.58610,0.82070,1
1789335191.9277,279.63614,12226585783,0.59694,0.85531,1,0.60056,0.79119,1,0.59875,0.82325,1
1789335191.9341,279.64261,12226650602,0.58348,0.86362,1,0.61383,0.78974,1,0.59865,0.82668,1
1789335191.9408,279.64929,12226717593,0.58336,0.86650,1,0.61269,0.79353,1,0.59802,0.83001,1
1789335191.9477,279.65622,12226786740,0.60844,0.81890,1,0.58721,0.81360,1,0.59783,0.81625,1
1789335191.9546,279.66312,12226855666,0.59700,0.82664,1,0.59578,0.81945,1,0.59639,0.82304,1
1789335191.9609,279.66940,12226918513,0.59700,0.82664,1,0.59578,0.81945,1,0.59639,0.82304,1
1789335191.9676,279.67612,12226985552,0.58021,0.80944,1,0.60116,0.83015,1,0.59068,0.81979,1
1789335191.9743,279.68280,12227052557,0.58928,0.80936,1,0.58780,0.79896,1,0.58854,0.80416,1
1789335191.9813,279.68973,12227121700,0.58945,0.80600,1,0.58873,0.79522,1,0.58909,0.80061,1
1789335191.9879,279.69641,12227188611,0.59799,0.79278,1,0.61834,0.75659,1,0.60817,0.77468,1
1789335191.9946,279.70312,12227255862,0.59387,0.80537,1,0.61510,0.77135,1,0.60448,0.78836,1
1789335192.0014,279.70984,12227323023,0.59387,0.80537,1,0.61510,0.77135,1,0.60448,0.78836,1
1789335192.0078,279.71631,12227387552,0.57557,0.82664,1,0.59917,0.78179,1,0.58737,0.80421,1
1789335192.0147,279.72321,12227456581,0.59974,0.78850,1,0.57882,0.79163,1,0.58928,0.79006,1
1789335192.0216,279.73007,12227525204,0.60004,0.78446,1,0.58076,0.78302,1,0.59040,0.78374,1
