PC_TIME,TIME,TIME_TICK,LPOGX,LPOGY,LPOGV,RPOGX,RPOGY,RPOGV,BPOGX,BPOGY,BPOGV
1789335192.0275,279.73642,12227588629,0.51855,0.80612,1,0.53576,0.75160,1,0.52716,0.77886,1
1789335192.0344,279.74332,12227657805,0.51042,0.78690,1,0.53781,0.74748,1,0.52411,0.76719,1
1789335192.0412,279.75012,12227725702,0.50938,0.77918,1,0.53890,0.73856,1,0.52414,0.75887,1
1789335192.0476,279.75647,12227789355,0.49919,0.78024,1,0.51582,0.74051,1,0.50751,0.76037,1
1789335192.0545,279.76340,12227858464,0.49850,0.78771,1,0.51366,0.70957,1,0.50608,0.74864,1
1789335192.0612,279.77011,12227925709,0.49911,0.79152,1,0.51302,0.71900,1,0.50607,0.75526,1
1789335192.0679,279.77679,12227992423,0.51382,0.74550,1,0.51076,0.74877,1,0.51229,0.74713,1
1789335192.0744,279.78326,12228057250,0.50407,0.75460,1,0.52831,0.76538,1,0.51619,0.75999,1
1789335192.0811,279.78995,12228124144,0.50525,0.76309,1,0.52783,0.76989,1,0.51654,0.76649,1
1789335192.0881,279.79694,12228193968,0.49693,0.78221,1,0.53460,0.78086,1,0.51576,0.78154,1
1789335192.0945,279.80334,12228258095,0.48626,0.79390,1,0.52657,0.77873,1,0.50642,0.78631,1
1789335192.1014,279.81030,12228327433,0.48552,0.79002,1,0.52657,0.77873,1,0.50604,0.78438,1
1789335192.1082,279.81708,12228395213,0.50060,0.79230,1,0.52545,0.79023,1,0.51303,0.79127,1
1789335192.1146,279.82346,12228459178,0.51758,0.80552,1,0.52192,0.79756,1,0.51975,0.80154,1
1789335192.1215,279.83038,12228528509,0.51757,0.80543,1,0.52193,0.79746,1,0.51975,0.80145,1
1789335192.1282,279.83710,12228595421,0.51437,0.80797,1,0.51299,0.78338,1,0.51368,0.79568,1
1789335192.1349,279.84378,12228662292,0.50659,0.79797,1,0.51154,0.77616,1,0.50907,0.78707,1
1789335192.1417,279.85056,12228730068,0.50659,0.79797,1,0.51154,0.77616,1,0.50907,0.78707,1
1789335192.1481,279.85696,12228794273,0.50797,0.79499,1,0.50911,0.76616,1,0.50854,0.78057,1
1789335192.1550,279.86392,12228863734,0.50768,0.79801,1,0.52719,0.76820,1,0.51744,0.78311,1
1789335192.1614,279.87033,12228927961,0.50875,0.80539,1,0.52631,0.77665,1,0.51753,0.79102,1
1789335192.1682,279.87704,12228995037,0.51056,0.80051,1,0.53245,0.76575,1,0.52150,0.78313,1
1789335192.1752,279.88406,12229065146,0.51202,0.79396,1,0.51247,0.81262,1,0.51225,0.80329,1
1789335192.1816,279.89044,12229129061,0.51202,0.79396,1,0.51247,0.81262,1,0.51225,0.80329,1
1789335192.1885,279.89737,12229198166,0.49398,0.79111,1,0.51459,0.78553,1,0.50429,0.78832,1
1789335192.1950,279.90384,12229262836,0.50046,0.78465,1,0.51303,0.78410,1,0.50675,0.78438,1
1789335192.2019,279.91077,12229332068,0.49990,0.78105,1,0.51304,0.78402,1,0.50647,0.78253,1
1789335192.2087,279.91763,12229400749,0.50289,0.82233,1,0.50010,0.78124,1,0.50149,0.80179,1
1789335192.2150,279.92392,12229463720,0.51309,0.81915,1,0.50505,0.78161,1,0.50907,0.80038,1
1789335192.2217,279.93063,12229530930,0.51354,0.82241,1,0.50531,0.77716,1,0.50943,0.79978,1
1789335192.2287,279.93762,12229600655,0.49876,0.75591,1,0.52056,0.74947,1,0.50966,0.75269,1
1789335192.2351,279.94403,12229664856,0.50073,0.72937,1,0.49414,0.71432,1,0.49743,0.72184,1
1789335192.2421,279.95099,12229734430,0.50012,0.72491,1,0.49429,0.70955,1,0.49720,0.71723,1
1789335192.2485,279.95743,12229798894,0.49305,0.67719,1,0.52089,0.68220,1,0.50697,0.67970,1
1789335192.2554,279.96432,12229867925,0.50259,0.71038,1,0.49677,0.67545,1,0.49968,0.69291,1
1789335192.2619,279.97083,12229932659,0.50197,0.70559,1,0.49678,0.67532,1,0.49937,0.69045,1
1789335192.2686,279.97751,12229999743,0.48907,0.70770,1,0.49014,0.67679,1,0.48961,0.69225,1
1789335192.2756,279.98447,12230069133,0.47729,0.69704,1,0.51408,0.67498,1,0.49568,0.68601,1
1789335192.2823,279.99121,12230136624,0.47810,0.70173,1,0.51374,0.68017,1,0.49592,0.69095,1
1789335192.2887,279.99762,12230200871,0.49281,0.69351,1,0.50419,0.69500,1,0.49850,0.69425,1
1789335192.2957,280.00458,12230270250,0.50764,0.70185,1,0.49192,0.69204,1,0.49978,0.69694,1
1789335192.3021,280.01102,12230334677,0.50873,0.71119,1,0.49166,0.70210,1,0.50019,0.70665,1
1789335192.3092,280.01810,12230405445,0.49810,0.70594,1,0.50908,0.70738,1,0.50359,0.70666,1
1789335192.3155,280.02441,12230468586,0.48529,0.70731,1,0.51816,0.71295,1,0.50172,0.71013,1
1789335192.3225,280.03134,12230537872,0.48529,0.70731,1,0.51855,0.70778,1,0.50192,0.70755,1
1789335192.3289,280.03781,12230602555,0.50294,0.70580,1,0.48886,0.71299,1,0.49590,0.70939,1
1789335192.3356,280.04449,12230669491,0.50288,0.70261,1,0.49330,0.70470,1,0.49809,0.70365,1
1789335192.3426,280.05148,12230739351,0.50274,0.70151,1,0.49319,0.70865,1,0.49797,0.70508,1
1789335192.3490,280.05789,12230803449,0.49280,0.70313,1,0.50342,0.69285,1,0.49811,0.69799,1
1789335192.3557,280.06461,12230870608,0.50531,0.71346,1,0.50458,0.70744,1,0.50494,0.71045,1
1789335192.3627,280.07159,12230940362,0.50591,0.71835,1,0.50431,0.71272,1,0.50511,0.71554,1
1789335192.3691,280.07800,12231004605,0.48908,0.72977,1,0.49075,0.71808,1,0.48991,0.72392,1
1789335192.3761,280.08496,12231074108,0.49101,0.69217,1,0.49807,0.71118,1,0.49454,0.70167,1
1789335192.3825,280.09140,12231138410,0.49043,0.68819,1,0.49823,0.70713,1,0.49433,0.69766,1
1789335192.3892,280.09808,12231205462,0.50253,0.66936,1,0.49764,0.70034,1,0.50008,0.68485,1
1789335192.3962,280.10510,12231275603,0.50751,0.63270,1,0.49027,0.65734,1,0.49889,0.64502,1
1789335192.4026,280.11151,12231339524,0.50751,0.63270,1,0.49016,0.66228,1,0.49884,0.64749,1
1789335192.4093,280.11819,12231406472,0.50465,0.55137,1,0.48785,0.58871,1,0.49625,0.57004,1
1789335192.4162,280.12512,12231475730,0.48705,0.52781,1,0.47498,0.52780,1,0.48102,0.52780,1
1789335192.4229,280.13181,12231542684,0.48834,0.53905,1,0.47498,0.52620,1,0.48166,0.53262,1
1789335192.4296,280.13852,12231609760,0.52393,0.52515,1,0.50166,0.53094,1,0.51280,0.52805,1
1789335192.4364,280.14526,12231677042,0.51512,0.53032,1,0.50446,0.54087,1,0.50979,0.53560,1
1789335192.4430,280.15189,12231743454,0.51456,0.52288,1,0.50448,0.54025,1,0.50952,0.53157,1
1789335192.4497,280.15863,12231810748,0.50444,0.51746,1,0.49582,0.54541,1,0.50013,0.53144,1
1789335192.4564,280.16531,12231877547,0.50229,0.52807,1,0.50413,0.56341,1,0.50321,0.54574,1
1789335192.4632,280.17206,12231945015,0.50243,0.52959,1,0.50407,0.56493,1,0.50325,0.54726,1
1789335192.4699,280.17877,12232012151,0.49690,0.54113,1,0.50616,0.53094,1,0.50153,0.53603,1
1789335192.4763,280.18515,12232076143,0.49582,0.53545,1,0.50304,0.52130,1,0.49943,0.52837,1
1789335192.4830,280.19186,12232143242,0.49528,0.53026,1,0.50323,0.51578,1,0.49926,0.52302,1
1789335192.4900,280.19888,12232213275,0.49001,0.51084,1,0.50222,0.48749,1,0.49612,0.49916,1
1789335192.4964,280.20529,12232277292,0.51404,0.54033,1,0.48037,0.48985,1,0.49721,0.51509,1
1789335192.5031,280.21198,12232344242,0.51444,0.54544,1,0.48038,0.48820,1,0.49741,0.51682,1
1789335192.5098,280.21866,12232411204,0.53226,0.50831,1,0.50233,0.47821,1,0.51730,0.49326,1
1789335192.5165,280.22537,12232478160,0.53030,0.51726,1,0.50007,0.48617,1,0.51519,0.50172,1
1789335192.5234,280.23227,12232547340,0.53047,0.52040,1,0.49975,0.49690,1,0.51511,0.50865,1
1789335192.5303,280.23917,12232616125,0.52357,0.52398,1,0.49452,0.51054,1,0.50905,0.51726,1
1789335192.5368,280.24570,12232681583,0.52558,0.53990,1,0.49249,0.52217,1,0.50903,0.53104,1
1789335192.5433,280.25217,12232746127,0.52600,0.54668,1,0.49234,0.52951,1,0.50917,0.53810,1
1789335192.5500,280.25885,12232813169,0.51412,0.56327,1,0.48666,0.56446,1,0.50039,0.56387,1
1789335192.5569,280.26581,12232882629,0.51894,0.50443,1,0.48475,0.53230,1,0.50185,0.51836,1
1789335192.5636,280.27246,12232949192,0.51780,0.48752,1,0.48492,0.51538,1,0.50136,0.50145,1
1789335192.5703,280.27921,12233016615,0.51438,0.48639,1,0.49713,0.50178,1,0.50576,0.49408,1
1789335192.5771,280.28598,12233084241,0.50839,0.49940,1,0.50005,0.51348,1,0.50422,0.50644,1
1789335192.5837,280.29260,12233150552,0.50839,0.49940,1,0.49986,0.51954,1,0.50412,0.50947,1
1789335192.5904,280.29932,12233217794,0.52761,0.52618,1,0.49180,0.53373,1,0.50970,0.52996,1
1789335192.5973,280.30618,12233286261,0.52773,0.54026,1,0.49301,0.54360,1,0.51037,0.54193,1
1789335192.6038,280.31268,12233351322,0.52873,0.55742,1,0.49275,0.55542,1,0.51074,0.55642,1
1789335192.6102,280.31912,12233415884,0.51859,0.56156,1,0.48393,0.55765,1,0.50126,0.55960,1
1789335192.6172,280.32605,12233485106,0.51595,0.54853,1,0.48607,0.55243,1,0.50101,0.55048,1
1789335192.6239,280.33279,12233552337,0.51550,0.54262,1,0.48614,0.54635,1,0.50082,0.54449,1
1789335192.6303,280.33923,12233616939,0.50928,0.57117,1,0.47777,0.54052,1,0.49353,0.55584,1
1789335192.6373,280.34616,12233686213,0.52734,0.56574,1,0.47935,0.52668,1,0.50334,0.54621,1
1789335192.6437,280.35263,12233750938,0.52734,0.56574,1,0.47935,0.52668,1,0.50334,0.54621,1
1789335192.6505,280.35934,12233817848,0.51914,0.55319,1,0.47825,0.55820,1,0.49870,0.55569,1
1789335192.6574,280.36624,12233886984,0.51819,0.55126,1,0.47527,0.55249,1,0.49673,0.55188,1
1789335192.6642,280.37305,12233955080,0.51819,0.55126,1,0.47527,0.55249,1,0.49673,0.55188,1
1789335192.6708,280.37964,12234020882,0.51240,0.55580,1,0.46866,0.55558,1,0.49053,0.55569,1
1789335192.6775,280.38638,12234088273,0.50640,0.55199,1,0.48987,0.54180,1,0.49814,0.54689,1
1789335192.6839,280.39282,12234152784,0.50640,0.55199,1,0.48987,0.54180,1,0.49814,0.54689,1
1789335192.6909,280.39975,12234221933,0.52600,0.56002,1,0.48311,0.54532,1,0.50455,0.55267,1
1789335192.6973,280.40622,12234286763,0.51505,0.56432,1,0.47893,0.56315,1,0.49699,0.56373,1
1789335192.7040,280.41290,12234353672,0.51464,0.55924,1,0.47893,0.56377,1,0.49678,0.56150,1
1789335192.7110,280.41989,12234423311,0.52950,0.56714,1,0.49046,0.56309,1,0.50998,0.56512,1
1789335192.7174,280.42630,12234487597,0.52407,0.55419,1,0.48178,0.58657,1,0.50292,0.57038,1
1789335192.7241,280.43298,12234554498,0.52444,0.55991,1,0.48178,0.58657,1,0.50311,0.57324,1
1789335192.7313,280.44022,12234626737,0.50837,0.47952,1,0.47157,0.48633,1,0.48997,0.48292,1
1789335192.7375,280.44641,12234688588,0.49706,0.40482,1,0.45656,0.40626,1,0.47681,0.40554,1
1789335192.7445,280.45334,12234758029,0.49585,0.39032,1,0.45619,0.39148,1,0.47602,0.39090,1
1789335192.7511,280.46002,12234824682,0.45310,0.30229,1,0.44450,0.28441,1,0.44880,0.29335,1
1789335192.7579,280.46677,12234892280,0.46950,0.25332,1,0.43469,0.18702,1,0.45210,0.22017,1
1789335192.7647,280.47357,12234960366,0.46881,0.24611,1,0.43437,0.17917,1,0.45159,0.21264,1
1789335192.7713,280.48016,12235026126,0.45191,0.22906,1,0.44033,0.18589,1,0.44612,0.20747,1
1789335192.7781,280.48694,12235093886,0.46999,0.24507,1,0.43288,0.20209,1,0.45144,0.22358,1
1789335192.7846,280.49353,12235159838,0.47079,0.25346,1,0.43364,0.21975,1,0.45221,0.23661,1
1789335192.7911,280.49997,12235224292,0.45520,0.25966,1,0.46171,0.23723,1,0.45845,0.24845,1
1789335192.7982,280.50711,12235295482,0.47450,0.28329,1,0.44999,0.24714,1,0.46225,0.26522,1
1789335192.8047,280.51361,12235360731,0.47449,0.28310,1,0.44975,0.23829,1,0.46212,0.26070,1
1789335192.8115,280.52042,12235428822,0.46788,0.28374,1,0.44959,0.23790,1,0.45873,0.26082,1
1789335192.8181,280.52698,12235494422,0.46410,0.28129,1,0.44589,0.22952,1,0.45500,0.25540,1
1789335192.8248,280.53369,12235561521,0.46242,0.26530,1,0.44536,0.21246,1,0.45389,0.23888,1
1789335192.8315,280.54041,12235628441,0.45737,0.26056,1,0.44680,0.17361,1,0.45208,0.21708,1
1789335192.8380,280.54691,12235693609,0.45357,0.22951,1,0.44885,0.17956,1,0.45121,0.20454,1
1789335192.8450,280.55386,12235763223,0.45357,0.22951,1,0.44885,0.17956,1,0.45121,0.20454,1
1789335192.8514,280.56027,12235827366,0.47611,0.20108,1,0.45014,0.15533,1,0.46312,0.17821,1
1789335192.8583,280.56717,12235896364,0.45535,0.19499,1,0.45844,0.16111,1,0.45689,0.17805,1
1789335192.8651,280.57401,12235964623,0.45535,0.19499,1,0.45826,0.15089,1,0.45680,0.17294,1
1789335192.8717,280.58063,12236030743,0.45542,0.19588,1,0.45897,0.14744,1,0.45720,0.17166,1
1789335192.8782,280.58707,12236095061,0.45297,0.22627,1,0.45601,0.13928,1,0.45449,0.18277,1
1789335192.8851,280.59399,12236164591,0.45196,0.21701,1,0.45601,0.13928,1,0.45398,0.17815,1
1789335192.8918,280.60071,12236231486,0.45432,0.20680,1,0.42869,0.15319,1,0.44151,0.18000,1
1789335192.8985,280.60736,12236298264,0.45720,0.17439,1,0.43959,0.15733,1,0.44840,0.16586,1
1789335192.9050,280.61386,12236363049,0.45979,0.20032,1,0.44054,0.18436,1,0.45016,0.19234,1
1789335192.9119,280.62079,12236432531,0.46506,0.22263,1,0.42106,0.20352,1,0.44306,0.21308,1
1789335192.9184,280.62726,12236496967,0.46647,0.27476,1,0.42674,0.21837,1,0.44660,0.24656,1
1789335192.9251,280.63394,12236564062,0.46647,0.27476,1,0.42674,0.21837,1,0.44660,0.24656,1
1789335192.9322,280.64105,12236634972,0.46599,0.29799,1,0.42860,0.20173,1,0.44730,0.24986,1
1789335192.9385,280.64734,12236697974,0.46435,0.24354,1,0.43203,0.18882,1,0.44819,0.21618,1
1789335192.9454,280.65427,12236767220,0.46362,0.23624,1,0.43169,0.18098,1,0.44765,0.20861,1
1789335192.9522,280.66110,12236835699,0.46807,0.28530,1,0.42943,0.18742,1,0.44875,0.23636,1
1789335192.9590,280.66788,12236903341,0.46819,0.29287,1,0.43125,0.20270,1,0.44972,0.24779,1
1789335192.9657,280.67456,12236970215,0.46901,0.30086,1,0.43164,0.21163,1,0.45033,0.25624,1
1789335192.9722,280.68109,12237035463,0.45955,0.26096,1,0.47537,0.20812,1,0.46746,0.23454,1
1789335192.9791,280.68796,12237103961,0.48763,0.27420,1,0.49017,0.21346,1,0.48890,0.24383,1
1789335192.9854,280.69424,12237166892,0.48763,0.27420,1,0.49029,0.20338,1,0.48896,0.23879,1
1789335192.9923,280.70123,12237236772,0.54597,0.27464,1,0.52221,0.20028,1,0.53409,0.23746,1
1789335192.9988,280.70764,12237301054,0.53296,0.26526,1,0.56234,0.18867,1,0.54765,0.22696,1
1789335193.0054,280.71432,12237367788,0.53263,0.25616,1,0.56314,0.17861,1,0.54789,0.21738,1
1789335193.0125,280.72141,12237438490,0.55084,0.25829,1,0.54946,0.18429,1,0.55015,0.22129,1
1789335193.0193,280.72821,12237506515,0.55133,0.25931,1,0.54722,0.18902,1,0.54928,0.22416,1
1789335193.0258,280.73468,12237571465,0.55119,0.25136,1,0.54780,0.18019,1,0.54950,0.21578,1
1789335193.0323,280.74115,12237635919,0.55281,0.21063,1,0.55658,0.17141,1,0.55470,0.19102,1
1789335193.0389,280.74783,12237702895,0.55151,0.19585,1,0.56146,0.15852,1,0.55649,0.17719,1
1789335193.0459,280.75476,12237772046,0.55138,0.18758,1,0.56214,0.14965,1,0.55676,0.16861,1
1789335193.0523,280.76123,12237836700,0.55565,0.20709,1,0.56231,0.16275,1,0.55898,0.18492,1
1789335193.0592,280.76813,12237905889,0.55689,0.21069,1,0.54093,0.16929,1,0.54891,0.18999,1
1789335193.0660,280.77487,12237973247,0.55689,0.21069,1,0.54093,0.16929,1,0.54891,0.18999,1
1789335193.0724,280.78131,12238037709,0.56253,0.20673,1,0.54080,0.17508,1,0.55166,0.19091,1
1789335193.0794,280.78824,12238106801,0.56404,0.20824,1,0.54072,0.16723,1,0.55238,0.18773,1
1789335193.0861,280.79501,12238174750,0.56404,0.20824,1,0.54015,0.17705,1,0.55210,0.19265,1
1789335193.0925,280.80139,12238238400,0.56819,0.22334,1,0.55347,0.19628,1,0.56083,0.20981,1
1789335193.0995,280.80835,12238308027,0.57365,0.22988,1,0.55886,0.17287,1,0.56625,0.20137,1
1789335193.1059,280.81479,12238372424,0.57357,0.24702,1,0.55743,0.19185,1,0.56550,0.21944,1
1789335193.1126,280.82153,12238440009,0.55341,0.27186,1,0.56233,0.20636,1,0.55787,0.23911,1
1789335193.1195,280.82843,12238508675,0.56036,0.28950,1,0.54335,0.22686,1,0.55186,0.25818,1
1789335193.1260,280.83490,12238573575,0.56028,0.28036,1,0.54463,0.20687,1,0.55246,0.24361,1
1789335193.1327,280.84161,12238640608,0.54436,0.21765,1,0.55830,0.18184,1,0.55133,0.19975,1
1789335193.1397,280.84860,12238710531,0.54958,0.19444,1,0.55771,0.11952,1,0.55364,0.15698,1
1789335193.1465,280.85535,12238778008,0.54910,0.16750,1,0.55908,0.10011,1,0.55409,0.13380,1
1789335193.1531,280.86194,12238844010,0.55401,0.18020,1,0.54196,0.13058,1,0.54798,0.15539,1
1789335193.1595,280.86841,12238908703,0.55966,0.19033,1,0.54154,0.13655,1,0.55060,0.16344,1
1789335193.1664,280.87531,12238977605,0.55982,0.20879,1,0.54096,0.14680,1,0.55039,0.17779,1
1789335193.1732,280.88208,12239045201,0.56275,0.23292,1,0.53736,0.16306,1,0.55005,0.19799,1
1789335193.1796,280.88849,12239109401,0.56057,0.23749,1,0.55079,0.17273,1,0.55568,0.20511,1
1789335193.1863,280.89520,12239176413,0.56064,0.24564,1,0.55019,0.18163,1,0.55542,0.21364,1
1789335193.1932,280.90213,12239245964,0.56276,0.25048,1,0.55029,0.16057,1,0.55652,0.20553,1
1789335193.1997,280.90857,12239310149,0.56679,0.25276,1,0.55242,0.17871,1,0.55961,0.21573,1
1789335193.2064,280.91528,12239377316,0.56679,0.25276,1,0.55173,0.18867,1,0.55926,0.22072,1
1789335193.2134,280.92227,12239447164,0.54547,0.27716,1,0.55623,0.20446,1,0.55085,0.24081,1
1789335193.2198,280.92868,12239511237,0.55230,0.27100,1,0.55535,0.20351,1,0.55382,0.23725,1
1789335193.2265,280.93536,12239578282,0.55231,0.27200,1,0.55527,0.20462,1,0.55379,0.23831,1
1789335193.2334,280.94229,12239647485,0.55122,0.24699,1,0.55260,0.21927,1,0.55191,0.23313,1
1789335193.2401,280.94897,12239714405,0.55366,0.25210,1,0.55603,0.23179,1,0.55485,0.24195,1
1789335193.2468,280.95569,12239781317,0.55352,0.24282,1,0.55679,0.22197,1,0.55516,0.23240,1
1789335193.2536,280.96246,12239849199,0.57985,0.24199,1,0.56178,0.17368,1,0.57082,0.20784,1
1789335193.2600,280.96887,12239913110,0.57876,0.23249,1,0.55870,0.16906,1,0.56873,0.20077,1
1789335193.2669,280.97580,12239982527,0.57885,0.22331,1,0.55945,0.15892,1,0.56915,0.19112,1
1789335193.2734,280.98227,12240047146,0.57745,0.22750,1,0.55822,0.16524,1,0.56783,0.19637,1
1789335193.2801,280.98898,12240114220,0.58129,0.22768,1,0.55810,0.16300,1,0.56970,0.19534,1
1789335193.2871,280.99594,12240183926,0.58119,0.23681,1,0.55735,0.17309,1,0.56927,0.20495,1
1789335193.2935,281.00238,12240248328,0.55386,0.25501,1,0.55510,0.15706,1,0.55448,0.20603,1
1789335193.3002,281.00906,12240315173,0.54962,0.25699,1,0.53979,0.20681,1,0.54470,0.23190,1
1789335193.3072,281.01605,12240384936,0.54995,0.27407,1,0.53868,0.22539,1,0.54432,0.24973,1
1789335193.3136,281.02246,12240448986,0.53563,0.40973,1,0.53050,0.42078,1,0.53307,0.41525,1
1789335193.3205,281.02939,12240518406,0.52351,0.48141,1,0.51600,0.48812,1,0.51975,0.48476,1
1789335193.3273,281.03619,12240586363,0.52388,0.48770,1,0.51535,0.50094,1,0.51962,0.49432,1
1789335193.3339,281.04279,12240652396,0.53930,0.53099,1,0.48757,0.53211,1,0.51344,0.53155,1
1789335193.3406,281.04947,12240719310,0.52719,0.54926,1,0.49585,0.53767,1,0.51152,0.54346,1
1789335193.3471,281.05597,12240784257,0.52718,0.54912,1,0.49619,0.52434,1,0.51168,0.53673,1
1789335193.3540,281.06287,12240853313,0.50739,0.53584,1,0.49841,0.52107,1,0.50290,0.52846,1
1789335193.3607,281.06961,12240920597,0.52017,0.52946,1,0.49563,0.51024,1,0.50790,0.51985,1
1789335193.3671,281.07602,12240984668,0.51934,0.51734,1,0.49577,0.50431,1,0.50756,0.51082,1
1789335193.3742,281.08307,12241055175,0.53103,0.51431,1,0.50707,0.53476,1,0.51905,0.52453,1
1789335193.3805,281.08942,12241118777,0.51737,0.49874,1,0.52789,0.54852,1,0.52263,0.52363,1
1789335193.3875,281.09637,12241188168,0.51736,0.49858,1,0.52748,0.55414,1,0.52242,0.52636,1
1789335193.3940,281.10284,12241252906,0.50556,0.52805,1,0.51688,0.54615,1,0.51122,0.53710,1
1789335193.4006,281.10953,12241319670,0.50050,0.51788,1,0.51739,0.52931,1,0.50895,0.52360,1
1789335193.4076,281.11649,12241389408,0.50104,0.52356,1,0.51739,0.52931,1,0.50921,0.52644,1
1789335193.4140,281.12292,12241453839,0.53278,0.50110,1,0.50378,0.53628,1,0.51828,0.51869,1
1789335193.4210,281.12985,12241522951,0.52852,0.50653,1,0.50121,0.57745,1,0.51487,0.54199,1
1789335193.4277,281.13660,12241590422,0.52820,0.50055,1,0.50164,0.56545,1,0.51492,0.53300,1
1789335193.4342,281.14304,12241654795,0.51851,0.47538,1,0.49565,0.54386,1,0.50708,0.50962,1
1789335193.4412,281.15012,12241725542,0.51203,0.48741,1,0.52042,0.52292,1,0.51622,0.50516,1
1789335193.4475,281.15643,12241788780,0.51110,0.47495,1,0.52115,0.51069,1,0.51612,0.49282,1
1789335193.4545,281.16336,12241858283,0.50437,0.48000,1,0.53867,0.51744,1,0.52152,0.49872,1
1789335193.4613,281.17017,12241926101,0.50157,0.47534,1,0.53438,0.52498,1,0.51797,0.50016,1
1789335193.4676,281.17651,12241989624,0.50268,0.48808,1,0.53290,0.54383,1,0.51779,0.51596,1
1789335193.4747,281.18356,12242060011,0.51405,0.50813,1,0.52803,0.55019,1,0.52104,0.52916,1
1789335193.4812,281.19012,12242125820,0.51921,0.51659,1,0.52893,0.54673,1,0.52407,0.53166,1
1789335193.4877,281.19662,12242190620,0.51966,0.52321,1,0.52844,0.55342,1,0.52405,0.53831,1
1789335193.4947,281.20355,12242260195,0.53434,0.52615,1,0.52686,0.56012,1,0.53060,0.54313,1
1789335193.5011,281.20999,12242324555,0.53461,0.53075,1,0.52779,0.55864,1,0.53120,0.54469,1
1789335193.5081,281.21695,12242393894,0.53401,0.51835,1,0.52870,0.54619,1,0.53136,0.53227,1
1789335193.5145,281.22339,12242458550,0.52859,0.46538,1,0.52620,0.53961,1,0.52740,0.50249,1
1789335193.5212,281.23010,12242525622,0.52376,0.47035,1,0.52672,0.52866,1,0.52524,0.49950,1
1789335193.5281,281.23703,12242594912,0.52336,0.46337,1,0.52718,0.52194,1,0.52527,0.49266,1
1789335193.5349,281.24377,12242662229,0.52248,0.46452,1,0.52435,0.53274,1,0.52342,0.49863,1
1789335193.5415,281.25043,12242728674,0.52002,0.45670,1,0.52169,0.52918,1,0.52086,0.49294,1
1789335193.5482,281.25711,12242795630,0.52002,0.45670,1,0.52169,0.52918,1,0.52086,0.49294,1
1789335193.5547,281.26358,12242860469,0.52958,0.48617,1,0.52669,0.51465,1,0.52814,0.50041,1
1789335193.5614,281.27029,12242927404,0.54594,0.52410,1,0.53618,0.47491,1,0.54106,0.49951,1
1789335193.5684,281.27728,12242997290,0.54614,0.53049,1,0.53564,0.48206,1,0.54089,0.50628,1
1789335193.5748,281.28369,12243061339,0.51895,0.53342,1,0.53640,0.50581,1,0.52767,0.51961,1
1789335193.5815,281.29037,12243128365,0.51829,0.54863,1,0.53694,0.50873,1,0.52762,0.52868,1
1789335193.5884,281.29733,12243197823,0.51876,0.55499,1,0.53638,0.51576,1,0.52757,0.53538,1
1789335193.5949,281.30377,12243262376,0.54615,0.53627,1,0.53935,0.50286,1,0.54275,0.51956,1
1789335193.6018,281.31070,12243331553,0.54058,0.54366,1,0.53754,0.51171,1,0.53906,0.52768,1
1789335193.6085,281.31741,12243398570,0.54032,0.53720,1,0.53811,0.50463,1,0.53922,0.52092,1
1789335193.6150,281.32388,12243463253,0.54272,0.53216,1,0.53780,0.47899,1,0.54026,0.50557,1
1789335193.6219,281.33081,12243532590,0.53401,0.53464,1,0.53356,0.49306,1,0.53378,0.51385,1
1789335193.6284,281.33725,12243597130,0.53369,0.52827,1,0.53408,0.48601,1,0.53389,0.50714,1
1789335193.6351,281.34399,12243664355,0.53242,0.52246,1,0.52948,0.47607,1,0.53095,0.49926,1
1789335193.6420,281.35089,12243733332,0.52257,0.49517,1,0.53004,0.48409,1,0.52630,0.48963,1
1789335193.6485,281.35736,12243798124,0.52257,0.49517,1,0.52963,0.49008,1,0.52610,0.49262,1
1789335193.6552,281.36404,12243864966,0.51979,0.49586,1,0.51776,0.49644,1,0.51878,0.49615,1
1789335193.6621,281.37100,12243934560,0.51777,0.51852,1,0.52120,0.50940,1,0.51948,0.51396,1
1789335193.6686,281.37747,12243999134,0.51816,0.52408,1,0.52120,0.50940,1,0.51968,0.51674,1
1789335193.6753,281.38416,12244066073,0.53080,0.57540,1,0.51538,0.56830,1,0.52309,0.57185,1
1789335193.6822,281.39111,12244135755,0.52199,0.59411,1,0.51857,0.62288,1,0.52028,0.60850,1
1789335193.6887,281.39758,12244200208,0.52242,0.60007,1,0.51818,0.62880,1,0.52030,0.61444,1
1789335193.6954,281.40427,12244267117,0.49118,0.67919,1,0.50681,0.71370,1,0.49900,0.69645,1
1789335193.7023,281.41119,12244336345,0.48334,0.65284,1,0.51692,0.67493,1,0.50013,0.66389,1
1789335193.7090,281.41788,12244403355,0.48486,0.66313,1,0.51658,0.67988,1,0.50072,0.67151,1
1789335193.7155,281.42435,12244468089,0.48978,0.70472,1,0.52024,0.67199,1,0.50501,0.68836,1
1789335193.7224,281.43127,12244537147,0.50261,0.71175,1,0.51733,0.68903,1,0.50997,0.70039,1
1789335193.7293,281.43814,12244605961,0.50082,0.69778,1,0.51842,0.67377,1,0.50962,0.68577,1
1789335193.7358,281.44470,12244671586,0.51433,0.64467,1,0.50680,0.65287,1,0.51056,0.64877,1
1789335193.7423,281.45114,12244735837,0.50974,0.63858,1,0.51369,0.65242,1,0.51172,0.64550,1
1789335193.7490,281.45786,12244802942,0.50929,0.63403,1,0.51397,0.64776,1,0.51163,0.64090,1
1789335193.7559,281.46478,12244872492,0.50308,0.64190,1,0.50240,0.63582,1,0.50274,0.63886,1
1789335193.7623,281.47122,12244936862,0.50053,0.64115,1,0.52716,0.64700,1,0.51384,0.64407,1
1789335193.7691,281.47794,12245004009,0.50114,0.64642,1,0.52626,0.65786,1,0.51370,0.65214,1
1789335193.7760,281.48486,12245073239,0.48989,0.65339,1,0.49218,0.66120,1,0.49104,0.65730,1
1789335193.7824,281.49133,12245137894,0.49456,0.65155,1,0.51922,0.65977,1,0.50689,0.65566,1
1789335193.7891,281.49802,12245204704,0.49523,0.65676,1,0.51883,0.66521,1,0.50703,0.66099,1
1789335193.7961,281.50497,12245274402,0.48842,0.70502,1,0.51917,0.67148,1,0.50380,0.68825,1
1789335193.8028,281.51166,12245340994,0.51382,0.71135,1,0.51953,0.65395,1,0.51667,0.68265,1
1789335193.8095,281.51834,12245407870,0.51382,0.71135,1,0.51953,0.65395,1,0.51667,0.68265,1
1789335193.8159,281.52481,12245472617,0.51117,0.70550,1,0.52117,0.66095,1,0.51617,0.68322,1
1789335193.8227,281.53156,12245540086,0.51230,0.70277,1,0.51670,0.69704,1,0.51450,0.69991,1
1789335193.8296,281.53845,12245608954,0.51230,0.70277,1,0.51670,0.69704,1,0.51450,0.69991,1
1789335193.8360,281.54492,12245673695,0.50710,0.70652,1,0.51959,0.70561,1,0.51334,0.70607,1
1789335193.8427,281.55161,12245740714,0.50584,0.70368,1,0.51779,0.66406,1,0.51182,0.68387,1
1789335193.8496,281.55853,12245809928,0.50584,0.70368,1,0.51817,0.65860,1,0.51201,0.68114,1
1789335193.8561,281.56500,12245874644,0.50229,0.68340,1,0.52060,0.68766,1,0.51144,0.68553,1
1789335193.8628,281.57172,12245941711,0.50227,0.67674,1,0.52164,0.63592,1,0.51195,0.65633,1
1789335193.8698,281.57867,12246011248,0.50168,0.67177,1,0.52204,0.63035,1,0.51186,0.65106,1
1789335193.8762,281.58508,12246075418,0.52024,0.65904,1,0.51957,0.66964,1,0.51991,0.66434,1
1789335193.8829,281.59180,12246142616,0.49562,0.65838,1,0.52026,0.66403,1,0.50794,0.66121,1
1789335193.8899,281.59875,12246212172,0.49562,0.65838,1,0.51987,0.66929,1,0.50774,0.66383,1
1789335193.8963,281.60519,12246276454,0.52233,0.66462,1,0.51713,0.67211,1,0.51973,0.66836,1
1789335193.9030,281.61191,12246343578,0.52330,0.70200,1,0.51401,0.66765,1,0.51865,0.68482,1
1789335193.9100,281.61887,12246413092,0.52371,0.70671,1,0.51367,0.67302,1,0.51869,0.68987,1
1789335193.9167,281.62555,12246480055,0.52040,0.70900,1,0.51072,0.66278,1,0.51556,0.68589,1
1789335193.9233,281.63223,12246546735,0.52164,0.69596,1,0.51865,0.67185,1,0.52014,0.68391,1
1789335193.9302,281.63904,12246614923,0.52164,0.69596,1,0.51865,0.67185,1,0.52014,0.68391,1
1789335193.9365,281.64539,12246678461,0.51970,0.69586,1,0.52035,0.69375,1,0.52003,0.69481,1
1789335193.9434,281.65231,12246747773,0.52155,0.69082,1,0.51904,0.70090,1,0.52029,0.69586,1
1789335193.9499,281.65878,12246812217,0.52155,0.69082,1,0.51904,0.70090,1,0.52029,0.69586,1
1789335193.9566,281.66547,12246879338,0.49694,0.68370,1,0.52219,0.68527,1,0.50957,0.68448,1
1789335193.9635,281.67239,12246948611,0.52635,0.67855,1,0.52572,0.68398,1,0.52603,0.68126,1
1789335193.9700,281.67889,12247013358,0.52635,0.67855,1,0.52572,0.68398,1,0.52603,0.68126,1
1789335193.9767,281.68558,12247080259,0.50379,0.66846,1,0.52377,0.68659,1,0.51378,0.67752,1
1789335193.9837,281.69257,12247150156,0.50483,0.67127,1,0.52666,0.67879,1,0.51574,0.67503,1
1789335193.9901,281.69897,12247214188,0.50535,0.67580,1,0.52625,0.68351,1,0.51580,0.67966,1
1789335193.9968,281.70566,12247281200,0.51145,0.66851,1,0.50688,0.68275,1,0.50917,0.67563,1
1789335194.0038,281.71268,12247351310,0.48759,0.67416,1,0.52872,0.68311,1,0.50816,0.67864,1
1789335194.0102,281.71906,12247415140,0.48827,0.67880,1,0.52829,0.68791,1,0.50828,0.68335,1
1789335194.0171,281.72598,12247484298,0.49638,0.71887,1,0.51624,0.69558,1,0.50631,0.70723,1
1789335194.0239,281.73279,12247552298,0.49885,0.71711,1,0.52149,0.69116,1,0.51017,0.70414,1
1789335194.0303,281.73917,12247616198,0.49885,0.71711,1,0.52112,0.69583,1,0.50998,0.70647,1
1789335194.0373,281.74615,12247686186,0.50827,0.71788,1,0.50131,0.69578,1,0.50479,0.70683,1
1789335194.0439,281.75278,12247752356,0.51026,0.71474,1,0.50668,0.70349,1,0.50847,0.70912,1
1789335194.0506,281.75949,12247819471,0.51025,0.71464,1,0.50694,0.69871,1,0.50859,0.70667,1
1789335194.0571,281.76596,12247884127,0.51650,0.70945,1,0.51460,0.67776,1,0.51555,0.69361,1
1789335194.0638,281.77264,12247950989,0.49909,0.69520,1,0.51650,0.67591,1,0.50780,0.68555,1
1789335194.0707,281.77963,12248020811,0.49903,0.69474,1,0.51690,0.66999,1,0.50797,0.68236,1
1789335194.0772,281.78604,12248085045,0.52349,0.68274,1,0.51708,0.71153,1,0.52029,0.69713,1
1789335194.0841,281.79303,12248154733,0.51165,0.72657,1,0.53490,0.70778,1,0.52328,0.71718,1
1789335194.0906,281.79944,12248219050,0.51159,0.72604,1,0.53394,0.71679,1,0.52277,0.72142,1
1789335194.0976,281.80646,12248289013,0.52432,0.71951,1,0.54412,0.72010,1,0.53422,0.71981,1
1789335194.1042,281.81311,12248355741,0.52742,0.73008,1,0.54575,0.72391,1,0.53658,0.72700,1
1789335194.1109,281.81979,12248422332,0.52750,0.73104,1,0.54620,0.72048,1,0.53685,0.72576,1
1789335194.1173,281.82623,12248486886,0.53364,0.72125,1,0.54739,0.70946,1,0.54052,0.71536,1
1789335194.1241,281.83295,12248553927,0.53515,0.71380,1,0.52558,0.70156,1,0.53037,0.70768,1
1789335194.1310,281.83987,12248623308,0.53460,0.70537,1,0.52638,0.69246,1,0.53049,0.69891,1
1789335194.1375,281.84634,12248687846,0.53206,0.70275,1,0.52648,0.69234,1,0.52927,0.69755,1
1789335194.1444,281.85324,12248757045,0.53492,0.70769,1,0.52890,0.69357,1,0.53191,0.70063,1
1789335194.1511,281.86002,12248824576,0.53492,0.70769,1,0.52890,0.69357,1,0.53191,0.70063,1
1789335194.1575,281.86642,12248888828,0.53574,0.70977,1,0.53567,0.69740,1,0.53570,0.70358,1
1789335194.1645,281.87335,12248957994,0.52988,0.72032,1,0.53606,0.69526,1,0.53297,0.70779,1
1789335194.1712,281.88013,12249025874,0.52988,0.72032,1,0.53606,0.69526,1,0.53297,0.70779,1
1789335194.1776,281.88651,12249089666,0.53854,0.68205,1,0.53494,0.70450,1,0.53674,0.69328,1
1789335194.1846,281.89349,12249159355,0.53252,0.69332,1,0.52979,0.71724,1,0.53116,0.70528,1
1789335194.1913,281.90015,12249225939,0.53252,0.69332,1,0.52979,0.71724,1,0.53116,0.70528,1
1789335194.1977,281.90662,12249290690,0.53742,0.66431,1,0.52887,0.71752,1,0.53314,0.69092,1
1789335194.2047,281.91354,12249360113,0.51113,0.66189,1,0.53645,0.67684,1,0.52379,0.66936,1
1789335194.2112,281.92004,12249424815,0.51113,0.66189,1,0.53645,0.67684,1,0.52379,0.66936,1
1789335194.2182,281.92706,12249495181,0.53701,0.66981,1,0.53366,0.69049,1,0.53534,0.68015,1
1789335194.2245,281.93341,12249558615,0.54210,0.67125,1,0.53213,0.68429,1,0.53712,0.67777,1
1789335194.2315,281.94034,12249628037,0.54210,0.67125,1,0.53213,0.68429,1,0.53712,0.67777,1
1789335194.2382,281.94705,12249694902,0.53821,0.66559,1,0.53173,0.68389,1,0.53497,0.67474,1
1789335194.2449,281.95374,12249761855,0.53352,0.66340,1,0.52804,0.68311,1,0.53078,0.67325,1
1789335194.2516,281.96045,12249828937,0.53352,0.66340,1,0.52804,0.68311,1,0.53078,0.67325,1
1789335194.2580,281.96692,12249893599,0.52870,0.65935,1,0.54640,0.72560,1,0.53755,0.69247,1
1789335194.2649,281.97382,12249962675,0.52612,0.66130,1,0.53781,0.72497,1,0.53197,0.69314,1
1789335194.2717,281.98062,12250030621,0.52647,0.66591,1,0.53682,0.73353,1,0.53164,0.69972,1
1789335194.2781,281.98700,12250094522,0.51721,0.67447,1,0.52950,0.72988,1,0.52335,0.70218,1
1789335194.2852,281.99408,12250165283,0.51373,0.68544,1,0.52608,0.74059,1,0.51991,0.71302,1
1789335194.2917,282.00061,12250230642,0.51365,0.68463,1,0.52706,0.73052,1,0.52035,0.70757,1
1789335194.2984,282.00732,12250297844,0.52555,0.66332,1,0.51263,0.69991,1,0.51909,0.68161,1
1789335194.3049,282.01379,12250362364,0.54762,0.68588,1,0.51446,0.64464,1,0.53104,0.66526,1
1789335194.3116,282.02048,12250429148,0.54691,0.66762,1,0.51509,0.63429,1,0.53100,0.65096,1
1789335194.3185,282.02740,12250498542,0.55752,0.47655,1,0.56467,0.48032,1,0.56110,0.47843,1
1789335194.3250,282.03387,12250563407,0.53773,0.51986,1,0.52523,0.47453,1,0.53148,0.49719,1
1789335194.3317,282.04059,12250630327,0.53823,0.53157,1,0.52523,0.47453,1,0.53173,0.50305,1
1789335194.3387,282.04755,12250700115,0.52796,0.47627,1,0.52584,0.44938,1,0.52690,0.46282,1
1789335194.3451,282.05399,12250764302,0.54645,0.46291,1,0.52198,0.48447,1,0.53421,0.47369,1
1789335194.3518,282.06067,12250831351,0.54609,0.45024,1,0.52271,0.47184,1,0.53440,0.46104,1
1789335194.3588,282.06769,12250901268,0.52936,0.45734,1,0.54107,0.47963,1,0.53522,0.46848,1
1789335194.3652,282.07407,12250965240,0.52199,0.44988,1,0.54272,0.47428,1,0.53235,0.46208,1
1789335194.3719,282.08078,12251032241,0.52199,0.44988,1,0.54272,0.47428,1,0.53235,0.46208,1
1789335194.3789,282.08774,12251101816,0.55902,0.45055,1,0.53255,0.47017,1,0.54578,0.46036,1
1789335194.3855,282.09439,12251168363,0.55199,0.45433,1,0.52914,0.46650,1,0.54056,0.46041,1
1789335194.3922,282.10107,12251235392,0.55199,0.45433,1,0.52914,0.46650,1,0.54056,0.46041,1
1789335194.3990,282.10788,12251303193,0.53632,0.44369,1,0.51460,0.46744,1,0.52546,0.45557,1
1789335194.4054,282.11426,12251367153,0.52553,0.43028,1,0.50827,0.46980,1,0.51690,0.45004,1
1789335194.4123,282.12119,12251436455,0.52590,0.43731,1,0.50773,0.48352,1,0.51682,0.46042,1
1789335194.4191,282.12799,12251504497,0.55835,0.46895,1,0.54126,0.48592,1,0.54980,0.47744,1
1789335194.4255,282.13437,12251568154,0.54616,0.47486,1,0.52715,0.50359,1,0.53665,0.48923,1
1789335194.4324,282.14130,12251637392,0.54636,0.48162,1,0.52715,0.50359,1,0.53675,0.49261,1
1789335194.4389,282.14777,12251702293,0.52475,0.46990,1,0.51285,0.49068,1,0.51880,0.48029,1
1789335194.4458,282.15472,12251771662,0.51470,0.46274,1,0.53243,0.44961,1,0.52357,0.45618,1
1789335194.4523,282.16116,12251836015,0.51376,0.44903,1,0.53293,0.44235,1,0.52335,0.44569,1
1789335194.4590,282.16785,12251903127,0.54564,0.45014,1,0.52980,0.46088,1,0.53772,0.45551,1
1789335194.4660,282.17484,12251972843,0.53385,0.45690,1,0.52752,0.47440,1,0.53068,0.46565,1
1789335194.4726,282.18149,12252039303,0.53415,0.46364,1,0.52707,0.48133,1,0.53061,0.47249,1
1789335194.4793,282.18817,12252106212,0.51864,0.46444,1,0.51319,0.47865,1,0.51592,0.47154,1
1789335194.4858,282.19464,12252171033,0.52865,0.46820,1,0.52661,0.46536,1,0.52763,0.46678,1
1789335194.4927,282.20163,12252240794,0.52824,0.46011,1,0.52714,0.45691,1,0.52769,0.45851,1
1789335194.4995,282.20834,12252308093,0.53498,0.45181,1,0.53768,0.44781,1,0.53633,0.44981,1
1789335194.5062,282.21509,12252375506,0.52330,0.43526,1,0.52596,0.43743,1,0.52463,0.43635,1
1789335194.5126,282.22147,12252439266,0.52330,0.43526,1,0.52596,0.43743,1,0.52463,0.43635,1
1789335194.5195,282.22842,12252508708,0.52795,0.45478,1,0.53179,0.43003,1,0.52987,0.44240,1
1789335194.5259,282.23483,12252572926,0.54086,0.46814,1,0.54940,0.45353,1,0.54513,0.46083,1
1789335194.5329,282.24176,12252642105,0.54114,0.47613,1,0.54864,0.46202,1,0.54489,0.46908,1
1789335194.5393,282.24823,12252706795,0.51950,0.48869,1,0.52674,0.46100,1,0.52312,0.47485,1
1789335194.5460,282.25491,12252773671,0.53087,0.49847,1,0.51059,0.45636,1,0.52073,0.47741,1
1789335194.5530,282.26190,12252843423,0.53048,0.49072,1,0.51094,0.44781,1,0.52071,0.46927,1
1789335194.5594,282.26831,12252907738,0.53582,0.49885,1,0.54687,0.44729,1,0.54134,0.47307,1
1789335194.5661,282.27502,12252974868,0.52313,0.46022,1,0.53260,0.44509,1,0.52787,0.45266,1
1789335194.5732,282.28210,12253045512,0.52268,0.45230,1,0.53318,0.43669,1,0.52793,0.44450,1
1789335194.5795,282.28842,12253108760,0.52782,0.42564,1,0.51979,0.42184,1,0.52380,0.42374,1
1789335194.5865,282.29535,12253177939,0.52267,0.43415,1,0.53444,0.44670,1,0.52856,0.44042,1
1789335194.5933,282.30219,12253246248,0.52313,0.44226,1,0.53342,0.46102,1,0.52828,0.45164,1
1789335194.5998,282.30872,12253311829,0.54073,0.48310,1,0.54329,0.47959,1,0.54201,0.48135,1
1789335194.6066,282.31546,12253379162,0.52957,0.49254,1,0.54424,0.48493,1,0.53690,0.48873,1
1789335194.6130,282.32193,12253443673,0.53028,0.50609,1,0.54298,0.49934,1,0.53663,0.50272,1
1789335194.6200,282.32889,12253513318,0.53094,0.52795,1,0.53351,0.51233,1,0.53222,0.52014,1
1789335194.6264,282.33530,12253577478,0.52299,0.53100,1,0.53703,0.50876,1,0.53001,0.51988,1
1789335194.6334,282.34225,12253647098,0.52299,0.53100,1,0.53703,0.50876,1,0.53001,0.51988,1
1789335194.6402,282.34909,12253715421,0.52889,0.49864,1,0.53921,0.50972,1,0.53405,0.50418,1
1789335194.6467,282.35562,12253780675,0.52474,0.49040,1,0.54377,0.52040,1,0.53425,0.50540,1
1789335194.6535,282.36240,12253848629,0.52474,0.49040,1,0.54377,0.52040,1,0.53425,0.50540,1
1789335194.6601,282.36902,12253914682,0.53448,0.48378,1,0.52033,0.49854,1,0.52740,0.49116,1
1789335194.6668,282.37570,12253981651,0.51484,0.52099,1,0.52647,0.49648,1,0.52065,0.50873,1
1789335194.6736,282.38251,12254049658,0.51484,0.52099,1,0.52686,0.49040,1,0.52085,0.50570,1
1789335194.6800,282.38889,12254113524,0.52506,0.53046,1,0.53909,0.44367,1,0.53208,0.48707,1
1789335194.6869,282.39581,12254182666,0.53524,0.52036,1,0.50208,0.48122,1,0.51866,0.50079,1
1789335194.6934,282.40231,12254247529,0.53529,0.52136,1,0.50226,0.47533,1,0.51878,0.49835,1
1789335194.7001,282.40900,12254314446,0.50798,0.50002,1,0.49332,0.48644,1,0.50065,0.49323,1
1789335194.7068,282.41568,12254381301,0.49972,0.50491,1,0.50804,0.48921,1,0.50388,0.49706,1
1789335194.7135,282.42239,12254448579,0.49974,0.50507,1,0.50776,0.49622,1,0.50375,0.50064,1
1789335194.7204,282.42929,12254517523,0.51600,0.51200,1,0.52837,0.49857,1,0.52218,0.50529,1
1789335194.7272,282.43607,12254585085,0.52524,0.50566,1,0.48561,0.51833,1,0.50542,0.51200,1
1789335194.7336,282.44247,12254649285,0.52562,0.51222,1,0.48561,0.51833,1,0.50561,0.51527,1
1789335194.7405,282.44940,12254718525,0.49957,0.49821,1,0.51005,0.52026,1,0.50481,0.50923,1
1789335194.7473,282.45615,12254786126,0.51070,0.51105,1,0.51905,0.51270,1,0.51488,0.51188,1
1789335194.7537,282.46259,12254850249,0.51019,0.50454,1,0.51905,0.51270,1,0.51462,0.50862,1
1789335194.7607,282.46957,12254920362,0.52855,0.48936,1,0.49240,0.52870,1,0.51048,0.50903,1
1789335194.7671,282.47598,12254984334,0.51613,0.49938,1,0.50523,0.53891,1,0.51068,0.51915,1
1789335194.7738,282.48270,12255051348,0.51659,0.50600,1,0.50498,0.54549,1,0.51079,0.52575,1
1789335194.7807,282.48962,12255120622,0.51427,0.51903,1,0.52643,0.54190,1,0.52035,0.53046,1
1789335194.7874,282.49628,12255187428,0.52402,0.52114,1,0.50903,0.51660,1,0.51652,0.51887,1
1789335194.7939,282.50275,12255252092,0.52402,0.52114,1,0.50903,0.51660,1,0.51652,0.51887,1
1789335194.8008,282.50970,12255321571,0.49220,0.51037,1,0.49976,0.48197,1,0.49598,0.49617,1
1789335194.8073,282.51617,12255386156,0.50837,0.52010,1,0.51391,0.48024,1,0.51114,0.50017,1
1789335194.8140,282.52286,12255453221,0.50781,0.51339,1,0.51425,0.47287,1,0.51103,0.49313,1
1789335194.8210,282.52985,12255522887,0.51459,0.50209,1,0.52728,0.47023,1,0.52093,0.48616,1
1789335194.8274,282.53625,12255587116,0.52701,0.49558,1,0.51336,0.46200,1,0.52019,0.47879,1
1789335194.8341,282.54297,12255654133,0.52701,0.49558,1,0.51369,0.45483,1,0.52035,0.47521,1
1789335194.8408,282.54965,12255720993,0.51545,0.47802,1,0.50138,0.45756,1,0.50842,0.46779,1
1789335194.8475,282.55637,12255788184,0.52581,0.47870,1,0.50272,0.46505,1,0.51426,0.47187,1
1789335194.8544,282.56326,12255857209,0.52581,0.47885,1,0.50249,0.47229,1,0.51415,0.47557,1
1789335194.8613,282.57019,12255926499,0.50608,0.47993,1,0.51814,0.48369,1,0.51211,0.48181,1
1789335194.8678,282.57672,12255991742,0.51629,0.48808,1,0.52288,0.48133,1,0.51959,0.48470,1
1789335194.8745,282.58340,12256058446,0.51572,0.47989,1,0.52303,0.47883,1,0.51938,0.47936,1
1789335194.8810,282.58984,12256123025,0.52317,0.47442,1,0.49670,0.47559,1,0.50993,0.47501,1
1789335194.8880,282.59686,12256193158,0.52813,0.45747,1,0.50394,0.44803,1,0.51604,0.45275,1
1789335194.8944,282.60324,12256256872,0.52843,0.46338,1,0.50394,0.44803,1,0.51619,0.45571,1
1789335194.9013,282.61020,12256326623,0.52990,0.48011,1,0.50602,0.48299,1,0.51796,0.48155,1
1789335194.9078,282.61664,12256390989,0.53011,0.48517,1,0.48952,0.47946,1,0.50981,0.48232,1
1789335194.9147,282.62357,12256460288,0.53058,0.49441,1,0.48937,0.48907,1,0.50997,0.49174,1
1789335194.9214,282.63031,12256527662,0.52967,0.52645,1,0.49024,0.48688,1,0.50996,0.50667,1
1789335194.9281,282.63699,12256594563,0.52727,0.52807,1,0.50458,0.48372,1,0.51592,0.50590,1
1789335194.9348,282.64365,12256661133,0.52727,0.52807,1,0.50458,0.48372,1,0.51592,0.50590,1
1789335194.9412,282.65012,12256725686,0.52843,0.52583,1,0.50927,0.48959,1,0.51885,0.50771,1
1789335194.9479,282.65683,12256792752,0.52447,0.48378,1,0.50650,0.48524,1,0.51549,0.48451,1
1789335194.9548,282.66373,12256861862,0.52406,0.47673,1,0.50655,0.48412,1,0.51530,0.48043,1
1789335194.9617,282.67056,12256930163,0.52365,0.51177,1,0.52427,0.53284,1,0.52396,0.52230,1
1789335194.9680,282.67691,12256993592,0.51856,0.50273,1,0.52850,0.51698,1,0.52353,0.50985,1
1789335194.9750,282.68390,12257063592,0.51849,0.50169,1,0.52857,0.51590,1,0.52353,0.50880,1
1789335194.9817,282.69058,12257130263,0.51289,0.50557,1,0.51937,0.51475,1,0.51613,0.51016,1
1789335194.9884,282.69724,12257196769,0.50748,0.50856,1,0.51564,0.51551,1,0.51156,0.51203,1
1789335194.9951,282.70401,12257264512,0.50804,0.51534,1,0.51558,0.51658,1,0.51181,0.51596,1
1789335195.0015,282.71039,12257328557,0.52840,0.51125,1,0.50471,0.50177,1,0.51656,0.50651,1
1789335195.0085,282.71738,12257398205,0.49898,0.52596,1,0.50071,0.51725,1,0.49984,0.52161,1
1789335195.0149,282.72382,12257462609,0.49843,0.52028,1,0.50089,0.51132,1,0.49966,0.51580,1
1789335195.0218,282.73071,12257531691,0.48761,0.46096,1,0.50000,0.50668,1,0.49380,0.48382,1
1789335195.0283,282.73721,12257596568,0.50264,0.46448,1,0.46628,0.53444,1,0.48446,0.49946,1
1789335195.0350,282.74390,12257663437,0.50315,0.47060,1,0.46627,0.53371,1,0.48471,0.50215,1
1789335195.0421,282.75095,12257734020,0.47277,0.47754,1,0.45846,0.47960,1,0.46562,0.47857,1
1789335195.0484,282.75732,12257797690,0.46846,0.48325,1,0.45173,0.50195,1,0.46009,0.49260,1
1789335195.0553,282.76422,12257866849,0.46848,0.48341,1,0.45197,0.50900,1,0.46023,0.49620,1
1789335195.0622,282.77109,12257935304,0.48426,0.49082,1,0.44944,0.50333,1,0.46685,0.49707,1
1789335195.0687,282.77762,12258000563,0.48082,0.48412,1,0.48871,0.50784,1,0.48477,0.49598,1
1789335195.0755,282.78436,12258068016,0.48091,0.48489,1,0.48870,0.50862,1,0.48481,0.49676,1
1789335195.0819,282.79080,12258132423,0.49180,0.49220,1,0.48508,0.50988,1,0.48844,0.50104,1
1789335195.0888,282.79770,12258201627,0.49264,0.49302,1,0.48207,0.51595,1,0.48736,0.50449,1
1789335195.0955,282.80441,12258268631,0.49264,0.49302,1,0.48207,0.51595,1,0.48736,0.50449,1
1789335195.1020,282.81088,12258333383,0.49877,0.49354,1,0.48024,0.51586,1,0.48950,0.50470,1
1789335195.1089,282.81781,12258402673,0.48971,0.49503,1,0.48354,0.52302,1,0.48662,0.50902,1
1789335195.1154,282.82428,12258467254,0.48971,0.49503,1,0.48354,0.52302,1,0.48662,0.50902,1
1789335195.1223,282.83121,12258536513,0.49138,0.50188,1,0.48622,0.52495,1,0.48880,0.51342,1
1789335195.1288,282.83768,12258601354,0.47625,0.50710,1,0.48565,0.51540,1,0.48095,0.51125,1
1789335195.1355,282.84436,12258668257,0.47625,0.50710,1,0.48565,0.51540,1,0.48095,0.51125,1
1789335195.1424,282.85132,12258737682,0.48101,0.50950,1,0.46741,0.53605,1,0.47421,0.52278,1
1789335195.1489,282.85779,12258802345,0.48589,0.50864,1,0.47545,0.54375,1,0.48067,0.52619,1
1789335195.1556,282.86447,12258869302,0.48512,0.50180,1,0.47540,0.53042,1,0.48026,0.51611,1
1789335195.1625,282.87137,12258938342,0.46534,0.49885,1,0.45546,0.48669,1,0.46040,0.49277,1
1789335195.1692,282.87808,12259005363,0.46630,0.48088,1,0.45909,0.46696,1,0.46269,0.47392,1
1789335195.1757,282.88455,12259069981,0.46689,0.48528,1,0.45951,0.48445,1,0.46320,0.48487,1
1789335195.1826,282.89148,12259139295,0.47855,0.54818,1,0.47222,0.57612,1,0.47539,0.56215,1
1789335195.1891,282.89795,12259204156,0.46551,0.60900,1,0.47305,0.60847,1,0.46928,0.60873,1
1789335195.1960,282.90488,12259273357,0.46834,0.62617,1,0.47309,0.61492,1,0.47072,0.62055,1
1789335195.2025,282.91135,12259338047,0.46699,0.75049,1,0.46155,0.78472,1,0.46427,0.76761,1
1789335195.2092,282.91806,12259405202,0.46667,0.84798,1,0.43932,0.83543,1,0.45299,0.84170,1
1789335195.2161,282.92499,12259474257,0.46328,0.83568,1,0.43840,0.82583,1,0.45084,0.83076,1
1789335195.2226,282.93146,12259539001,0.45528,0.98265,1,0.43333,0.98375,1,0.44430,0.98320,1
1789335195.2293,282.93817,12259606117,0.44132,1.08815,1,0.40476,1.05413,1,0.42304,1.07114,1
1789335195.2362,282.94510,12259675665,0.44250,1.08925,1,0.40544,1.05585,1,0.42397,1.07255,1
1789335195.2427,282.95157,12259740172,0.40216,1.21199,1,0.41776,1.24461,1,0.40996,1.22830,1
1789335195.2497,282.95856,12259810024,0.40252,1.32132,1,0.38615,1.30943,1,0.39434,1.31538,1
1789335195.2561,282.96494,12259874005,0.40393,1.32033,1,0.38692,1.30882,1,0.39543,1.31458,1
1789335195.2630,282.97186,12259943063,0.35369,1.42904,1,0.36338,1.39248,1,0.35854,1.41076,1
1789335195.2694,282.97833,12260007876,0.32913,1.48581,1,0.36520,1.46349,1,0.34717,1.47465,1
1789335195.2765,282.98535,12260078112,0.32913,1.48581,1,0.36520,1.46349,1,0.34717,1.47465,1
1789335195.2832,282.99210,12260145477,0.29846,1.66751,1,0.31230,1.49519,1,0.30538,1.58135,1
1789335195.2896,282.99844,12260208953,0.27096,1.69146,1,0.28076,1.54255,1,0.27586,1.61701,1
1789335195.2962,283.00513,12260275859,0.27096,1.69146,1,0.27887,1.54545,1,0.27491,1.61846,1
1789335195.3032,283.01205,12260345048,0.20929,1.84364,1,0.26086,1.60651,1,0.23507,1.72508,1
1789335195.3099,283.01877,12260412062,0.23095,1.86407,1,0.22464,1.57048,1,0.22779,1.71727,1
1789335195.3167,283.02554,12260479957,0.22760,1.87059,1,0.22464,1.57048,1,0.22612,1.72053,1
1789335195.3230,283.03192,12260543633,0.18706,1.94962,1,0.22076,1.55790,1,0.20391,1.75376,1
1789335195.3300,283.03888,12260613329,0.18748,1.94940,1,0.20266,1.56127,1,0.19507,1.75534,1
1789335195.3367,283.04556,12260680194,0.19122,1.94213,1,0.20756,1.55560,1,0.19939,1.74887,1
1789335195.3431,283.05203,12260744882,0.20710,1.92680,1,0.20855,1.57520,1,0.20783,1.75100,1
1789335195.3501,283.05896,12260814026,0.20312,1.94265,1,0.20944,1.56877,1,0.20628,1.75571,1
1789335195.3565,283.06543,12260878735,0.20974,1.92935,1,0.21417,1.56302,1,0.21195,1.74619,1
1789335195.3635,283.07236,12260947945,0.24903,1.88492,1,0.22222,1.58037,1,0.23562,1.73264,1
1789335195.3702,283.07907,12261015341,0.24952,1.91787,1,0.22084,1.58158,1,0.23518,1.74973,1
1789335195.3767,283.08554,12261079914,0.24652,1.92452,1,0.21624,1.58766,1,0.23138,1.75609,1
1789335195.3836,283.09244,12261148838,0.27476,1.96599,1,0.22371,1.60353,1,0.24924,1.78476,1
1789335195.3903,283.09918,12261216438,0.27476,1.96599,0,0.21772,1.61335,1,0.21772,1.61335,1
1789335195.3967,283.10562,12261280628,0.27476,1.96599,0,0.21330,1.61964,1,0.21330,1.61964,1
1789335195.4037,283.11255,12261349981,0.27476,1.96599,0,0.21162,1.64372,1,0.21162,1.64372,1
1789335195.4101,283.11899,12261414521,0.27476,1.96599,0,0.21082,1.64273,1,0.21082,1.64273,1
1789335195.4171,283.12598,12261484277,0.27476,1.96599,0,0.21082,1.64273,1,0.21082,1.64273,1
1789335195.4237,283.13263,12261550746,0.27476,1.96599,0,0.21628,1.64110,1,0.21628,1.64110,1
1789335195.4305,283.13943,12261619002,0.27476,1.96599,0,0.21697,1.65920,1,0.21697,1.65920,1
1789335195.4369,283.14578,12261682500,0.27476,1.96599,0,0.21697,1.65920,1,0.21697,1.65920,1
1789335195.4439,283.15277,12261752326,0.27476,1.96599,0,0.19853,1.66741,1,0.19853,1.66741,1
1789335195.4503,283.15918,12261816431,0.27476,1.96599,0,0.20554,1.66579,1,0.20554,1.66579,1
1789335195.4570,283.16589,12261883403,0.27476,1.96599,0,0.20554,1.66579,1,0.20554,1.66579,1
1789335195.4641,283.17303,12261954802,0.27476,1.96599,0,0.19347,1.67060,1,0.19347,1.67060,1
1789335195.4707,283.17957,12262020148,0.27476,1.96599,0,0.18675,1.67697,1,0.18675,1.67697,1
1789335195.4773,283.18619,12262086503,0.27476,1.96599,0,0.18112,1.68531,1,0.18112,1.68531,1
1789335195.4842,283.19305,12262155003,0.27476,1.96599,0,0.17227,1.71087,1,0.17227,1.71087,1
1789335195.4907,283.19962,12262220563,0.27476,1.96599,0,0.16447,1.71953,1,0.16447,1.71953,1
1789335195.4974,283.20633,12262287899,0.27476,1.96599,0,0.16943,1.71204,1,0.16943,1.71204,1
1789335195.5041,283.21298,12262354438,0.27476,1.96599,0,0.20509,1.69571,1,0.20509,1.69571,1
1789335195.5109,283.21976,12262422201,0.27476,1.96599,0,0.20289,1.70317,1,0.20289,1.70317,1
1789335195.5176,283.22650,12262489631,0.27476,1.96599,0,0.20837,1.69403,1,0.20837,1.69403,1
1789335195.5242,283.23309,12262555426,0.27476,1.96599,0,0.19305,1.71121,1,0.19305,1.71121,1
1789335195.5310,283.23984,12262622942,0.27476,1.96599,0,0.18870,1.72285,1,0.18870,1.72285,1
1789335195.5374,283.24625,12262687108,0.27476,1.96599,0,0.18377,1.73096,1,0.18377,1.73096,1
1789335195.5443,283.25317,12262756367,0.27476,1.96599,0,0.18326,1.69299,1,0.18326,1.69299,1
1789335195.5511,283.25995,12262824121,0.27476,1.96599,0,0.18320,1.69048,1,0.18320,1.69048,1
1789335195.5575,283.26636,12262888231,0.27476,1.96599,0,0.18320,1.69048,1,0.18320,1.69048,1
1789335195.5644,283.27328,12262957479,0.27476,1.96599,0,0.18199,1.68503,1,0.18199,1.68503,1
1789335195.5712,283.28012,12263025745,0.27476,1.96599,0,0.17819,1.71439,1,0.17819,1.71439,1
1789335195.5776,283.28647,12263089183,0.27476,1.96599,0,0.17819,1.71439,1,0.17819,1.71439,1
1789335195.5845,283.29337,12263158255,0.27931,1.89166,1,0.23197,1.61016,1,0.25564,1.75091,1
1789335195.5913,283.30017,12263226194,0.23740,1.77391,1,0.25328,1.47262,1,0.24534,1.62326,1
1789335195.5977,283.30655,12263290037,0.24028,1.76895,1,0.25517,1.47065,1,0.24772,1.61980,1
1789335195.6047,283.31354,12263360039,0.29260,1.39282,1,0.26492,1.26102,1,0.27876,1.32692,1
1789335195.6111,283.31995,12263424138,0.28317,1.31014,1,0.27534,1.19211,1,0.27925,1.25112,1
1789335195.6178,283.32666,12263491080,0.28317,1.31014,1,0.27337,1.19167,1,0.27827,1.25090,1
1789335195.6245,283.33334,12263557854,0.31237,0.99750,1,0.32460,0.91671,1,0.31848,0.95711,1
1789335195.6314,283.34027,12263627141,0.32962,0.91445,1,0.35285,0.82739,1,0.34124,0.87092,1
1789335195.6381,283.34695,12263694067,0.32741,0.91163,1,0.35285,0.82739,1,0.34013,0.86951,1
1789335195.6449,283.35376,12263761998,0.37428,0.74222,1,0.41514,0.73298,1,0.39471,0.73760,1
1789335195.6513,283.36014,12263825983,0.41090,0.71311,1,0.44309,0.69625,1,0.42699,0.70468,1
1789335195.6582,283.36710,12263895499,0.41365,0.72215,1,0.44400,0.71061,1,0.42883,0.71638,1
1789335195.6647,283.37357,12263960191,0.49974,0.61975,1,0.51087,0.62876,1,0.50531,0.62425,1
1789335195.6714,283.38025,12264026893,0.49415,0.58708,1,0.52148,0.63553,1,0.50782,0.61131,1
1789335195.6783,283.38715,12264095990,0.49477,0.59249,1,0.52148,0.63553,1,0.50813,0.61401,1
1789335195.6847,283.39362,12264160765,0.51818,0.57049,1,0.54145,0.56181,1,0.52982,0.56615,1
1789335195.6914,283.40033,12264227745,0.50870,0.57302,1,0.52085,0.56886,1,0.51478,0.57094,1
1789335195.6984,283.40726,12264297004,0.50770,0.56185,1,0.52159,0.55721,1,0.51464,0.55953,1
1789335195.7052,283.41409,12264365401,0.50781,0.56055,1,0.52064,0.55016,1,0.51423,0.55535,1
1789335195.7115,283.42041,12264428683,0.53527,0.56263,1,0.53186,0.53706,1,0.53356,0.54985,1
1789335195.7185,283.42734,12264497910,0.53499,0.55715,1,0.53231,0.53110,1,0.53365,0.54412,1
1789335195.7250,283.43384,12264562832,0.51484,0.54031,1,0.54170,0.54055,1,0.52827,0.54043,1
1789335195.7317,283.44055,12264629893,0.51665,0.55254,1,0.55297,0.54100,1,0.53481,0.54677,1
1789335195.7385,283.44742,12264698819,0.51743,0.56292,1,0.55179,0.55204,1,0.53461,0.55748,1
1789335195.7452,283.45413,12264765804,0.52241,0.56464,1,0.51527,0.57372,1,0.51884,0.56918,1
1789335195.7517,283.46060,12264830689,0.51963,0.57014,1,0.52089,0.57746,1,0.52026,0.57380,1
1789335195.7587,283.46756,12264900098,0.52041,0.58073,1,0.52018,0.58842,1,0.52030,0.58458,1
1789335195.7651,283.47400,12264964522,0.52747,0.59175,1,0.52763,0.57445,1,0.52755,0.58310,1
1789335195.7721,283.48099,12265034513,0.52527,0.58677,1,0.52263,0.58008,1,0.52395,0.58343,1
1789335195.7788,283.48764,12265100977,0.52527,0.58677,1,0.52263,0.58008,1,0.52395,0.58343,1
1789335195.7852,283.49411,12265165542,0.51193,0.58084,1,0.53421,0.62009,1,0.52307,0.60046,1
1789335195.7922,283.50104,12265234997,0.50978,0.56813,1,0.51589,0.62446,1,0.51283,0.59629,1
1789335195.7989,283.50775,12265302116,0.50978,0.56813,1,0.51589,0.62446,1,0.51283,0.59629,1
1789335195.8053,283.51419,12265366540,0.50788,0.58202,1,0.51791,0.62291,1,0.51289,0.60247,1
1789335195.8120,283.52090,12265433664,0.51166,0.58065,1,0.51638,0.61500,1,0.51402,0.59783,1
1789335195.8189,283.52783,12265502803,0.51166,0.58065,1,0.51638,0.61500,1,0.51402,0.59783,1
1789335195.8254,283.53430,12265567406,0.53097,0.57835,1,0.51870,0.61795,1,0.52484,0.59815,1
1789335195.8321,283.54102,12265634602,0.52981,0.57518,1,0.51962,0.61987,1,0.52471,0.59752,1
1789335195.8390,283.54791,12265703668,0.52952,0.57020,1,0.51958,0.62044,1,0.52455,0.59532,1
1789335195.8457,283.55460,12265770535,0.52200,0.57100,1,0.51985,0.62813,1,0.52093,0.59956,1
1789335195.8524,283.56131,12265837738,0.52439,0.56873,1,0.51525,0.61923,1,0.51982,0.59398,1
1789335195.8589,283.56778,12265902239,0.52361,0.55699,1,0.51594,0.60777,1,0.51978,0.58238,1
1789335195.8656,283.57452,12265969802,0.53416,0.54146,1,0.52746,0.58664,1,0.53081,0.56405,1
1789335195.8725,283.58142,12266038666,0.52165,0.56947,1,0.51462,0.53148,1,0.51814,0.55048,1
1789335195.8790,283.58786,12266103225,0.52126,0.56402,1,0.51559,0.51275,1,0.51843,0.53838,1
1789335195.8859,283.59479,12266172489,0.49973,0.53360,1,0.49143,0.50726,1,0.49558,0.52043,1
1789335195.8924,283.60129,12266237312,0.50650,0.51806,1,0.49221,0.50647,1,0.49935,0.51226,1
1789335195.8993,283.60822,12266306571,0.50652,0.51834,1,0.49221,0.50676,1,0.49936,0.51255,1
1789335195.9062,283.61505,12266374931,0.49689,0.51723,1,0.48448,0.50788,1,0.49068,0.51255,1
1789335195.9125,283.62140,12266438364,0.49531,0.47769,1,0.48084,0.51216,1,0.48807,0.49493,1
1789335195.9194,283.62830,12266507367,0.49590,0.48380,1,0.48081,0.51820,1,0.48835,0.50100,1
1789335195.9259,283.63477,12266572223,0.49666,0.50393,1,0.50031,0.51029,1,0.49849,0.50711,1
1789335195.9326,283.64145,12266639166,0.50056,0.50106,1,0.49921,0.53446,1,0.49989,0.51776,1
1789335195.9395,283.64838,12266708338,0.50056,0.50106,1,0.49901,0.54112,1,0.49979,0.52109,1
1789335195.9460,283.65488,12266773197,0.52169,0.51244,1,0.48608,0.53051,1,0.50389,0.52148,1
1789335195.9526,283.66153,12266839925,0.51288,0.52386,1,0.48540,0.53951,1,0.49914,0.53169,1
1789335195.9596,283.66849,12266909309,0.51294,0.52461,1,0.48539,0.54028,1,0.49916,0.53244,1
1789335195.9661,283.67496,12266974126,0.50370,0.52919,1,0.50190,0.54257,1,0.50280,0.53588,1
1789335195.9728,283.68164,12267041029,0.49960,0.52566,1,0.49954,0.53109,1,0.49957,0.52838,1
1789335195.9797,283.68860,12267110443,0.49960,0.52566,1,0.49975,0.52432,1,0.49967,0.52499,1
1789335195.9862,283.69504,12267175046,0.49447,0.53014,1,0.49420,0.51610,1,0.49434,0.52312,1
1789335195.9931,283.70197,12267244211,0.49662,0.52517,1,0.49531,0.52868,1,0.49597,0.52692,1
1789335195.9998,283.70865,12267311128,0.49655,0.52443,1,0.49516,0.53464,1,0.49586,0.52953,1
1789335196.0063,283.71515,12267376036,0.49232,0.52515,1,0.49422,0.53986,1,0.49327,0.53251,1
1789335196.0129,283.72183,12267442963,0.49246,0.52952,1,0.49233,0.54243,1,0.49239,0.53597,1
1789335196.0200,283.72885,12267513079,0.49371,0.54119,1,0.49208,0.55446,1,0.49289,0.54782,1
1789335196.0268,283.73572,12267581607,0.49478,0.55158,1,0.49212,0.56545,1,0.49345,0.55851,1
1789335196.0333,283.74219,12267646498,0.48953,0.55754,1,0.48194,0.55919,1,0.48573,0.55837,1
1789335196.0398,283.74866,12267711047,0.49012,0.56265,1,0.48191,0.56449,1,0.48601,0.56357,1
1789335196.0467,283.75562,12267780557,0.49255,0.55510,1,0.47977,0.56137,1,0.48616,0.55823,1
1789335196.0534,283.76230,12267847514,0.48829,0.59358,1,0.48563,0.56233,1,0.48696,0.57796,1
1789335196.0601,283.76895,12267914017,0.48829,0.59358,1,0.48563,0.56233,1,0.48696,0.57796,1
1789335196.0668,283.77567,12267981211,0.48475,0.59560,1,0.48499,0.56181,1,0.48487,0.57871,1
1789335196.0736,283.78244,12268049028,0.48823,0.58876,1,0.48294,0.55620,1,0.48558,0.57248,1
1789335196.0800,283.78885,12268112946,0.48823,0.58876,1,0.48294,0.55620,1,0.48558,0.57248,1
1789335196.0869,283.79578,12268182208,0.48365,0.59411,1,0.47900,0.56570,1,0.48132,0.57990,1
1789335196.0934,283.80225,12268246864,0.50312,0.59094,1,0.47900,0.56570,1,0.49106,0.57832,1
1789335196.1000,283.80893,12268313718,0.50263,0.58607,1,0.47902,0.55360,1,0.49083,0.56983,1
1789335196.1069,283.81583,12268382930,0.50073,0.56722,1,0.47933,0.53873,1,0.49003,0.55297,1
1789335196.1138,283.82269,12268451458,0.49690,0.55352,1,0.47887,0.53168,1,0.48788,0.54260,1
1789335196.1204,283.82925,12268516927,0.49571,0.54218,1,0.47889,0.51962,1,0.48730,0.53090,1
1789335196.1272,283.83606,12268584990,0.49505,0.50030,1,0.47811,0.51581,1,0.48658,0.50805,1
1789335196.1337,283.84262,12268650867,0.49611,0.54481,1,0.47974,0.52305,1,0.48793,0.53393,1
1789335196.1404,283.84933,12268717842,0.49553,0.53922,1,0.47976,0.51706,1,0.48765,0.52814,1
1789335196.1472,283.85605,12268784882,0.48947,0.53568,1,0.47727,0.49742,1,0.48337,0.51655,1
1789335196.1538,283.86273,12268851856,0.49034,0.48102,1,0.47501,0.51146,1,0.48268,0.49624,1
1789335196.1606,283.86948,12268919261,0.48973,0.47504,1,0.47502,0.51222,1,0.48237,0.49363,1
1789335196.1670,283.87592,12268983783,0.48961,0.48482,1,0.49715,0.49340,1,0.49338,0.48911,1
1789335196.1739,283.88281,12269052712,0.48631,0.53087,1,0.49272,0.50487,1,0.48951,0.51787,1
1789335196.1807,283.88956,12269120040,0.48629,0.53072,1,0.49272,0.50471,1,0.48951,0.51772,1
1789335196.1871,283.89600,12269184487,0.50924,0.51080,1,0.48603,0.49415,1,0.49764,0.50247,1
1789335196.1942,283.90305,12269255025,0.49385,0.50815,1,0.48347,0.48632,1,0.48866,0.49724,1
1789335196.2005,283.90939,12269318461,0.49318,0.50151,1,0.48352,0.47923,1,0.48835,0.49037,1
1789335196.2072,283.91611,12269385511,0.49194,0.50924,1,0.47869,0.51836,1,0.48531,0.51380,1
1789335196.2143,283.92316,12269456096,0.48811,0.49886,1,0.47160,0.45079,1,0.47985,0.47482,1
1789335196.2206,283.92947,12269519296,0.48883,0.50553,1,0.47166,0.45815,1,0.48024,0.48184,1
1789335196.2275,283.93643,12269588723,0.48167,0.51087,1,0.48502,0.50244,1,0.48335,0.50666,1
1789335196.2340,283.94290,12269653418,0.50376,0.52365,1,0.48933,0.47350,1,0.49655,0.49857,1
1789335196.2407,283.94958,12269720428,0.50488,0.53599,1,0.48912,0.48723,1,0.49700,0.51161,1
1789335196.2477,283.95654,12269789896,0.50073,0.54223,1,0.48314,0.54062,1,0.49194,0.54142,1
1789335196.2544,283.96326,12269857024,0.50110,0.55093,1,0.47730,0.50697,1,0.48920,0.52895,1
1789335196.2612,283.97012,12269925657,0.50166,0.55663,1,0.47730,0.50617,1,0.48948,0.53140,1
1789335196.2678,283.97665,12269991109,0.51105,0.55393,1,0.48757,0.50511,1,0.49931,0.52952,1
1789335196.2742,283.98309,12270055398,0.49735,0.55796,1,0.47361,0.49623,1,0.48548,0.52710,1
1789335196.2809,283.98978,12270122360,0.49611,0.54608,1,0.47357,0.48995,1,0.48484,0.51802,1
1789335196.2878,283.99673,12270191990,0.48460,0.53111,1,0.46530,0.53001,1,0.47495,0.53056,1
1789335196.2943,284.00317,12270256317,0.48521,0.54446,1,0.45517,0.48864,1,0.47019,0.51655,1
1789335196.3012,284.01010,12270325395,0.48597,0.55073,1,0.45557,0.50189,1,0.47077,0.52631,1
1789335196.3079,284.01682,12270392676,0.49956,0.53831,1,0.47223,0.52872,1,0.48590,0.53352,1
1789335196.3148,284.02365,12270461141,0.49386,0.55555,1,0.46838,0.55878,1,0.48112,0.55716,1
1789335196.3213,284.03018,12270526328,0.49375,0.55453,1,0.46819,0.54505,1,0.48097,0.54979,1
1789335196.3278,284.03668,12270591340,0.48584,0.51043,1,0.48645,0.51788,1,0.48614,0.51415,1
1789335196.3345,284.04337,12270658166,0.47416,0.48645,1,0.47307,0.49673,1,0.47361,0.49159,1
1789335196.3414,284.05026,12270727263,0.47185,0.46786,1,0.47300,0.48488,1,0.47243,0.47637,1
1789335196.3482,284.05710,12270795619,0.48751,0.47703,1,0.46919,0.49877,1,0.47835,0.48790,1
1789335196.3548,284.06369,12270861310,0.48469,0.48708,1,0.46512,0.51336,1,0.47491,0.50022,1
1789335196.3615,284.07040,12270928422,0.48543,0.49378,1,0.46512,0.51336,1,0.47528,0.50357,1
1789335196.3682,284.07712,12270995602,0.49650,0.50431,1,0.47817,0.50945,1,0.48734,0.50688,1
1789335196.3749,284.08377,12271062177,0.48864,0.49884,1,0.46926,0.46027,1,0.47895,0.47955,1
1789335196.3814,284.09024,12271126974,0.48724,0.48576,1,0.46910,0.44615,1,0.47817,0.46595,1
1789335196.3883,284.09717,12271196266,0.47733,0.48005,1,0.46128,0.43502,1,0.46930,0.45753,1
1789335196.3950,284.10385,12271263104,0.47678,0.47148,1,0.45712,0.44598,1,0.46695,0.45873,1
1789335196.4017,284.11063,12271330665,0.47757,0.47817,1,0.45749,0.46010,1,0.46753,0.46913,1
1789335196.4081,284.11703,12271395013,0.49036,0.49915,1,0.47012,0.52033,1,0.48024,0.50974,1
1789335196.4149,284.12375,12271461917,0.48726,0.50926,1,0.46720,0.52045,1,0.47723,0.51485,1
1789335196.4215,284.13043,12271528787,0.48871,0.52239,1,0.46740,0.53396,1,0.47806,0.52818,1
1789335196.4285,284.13736,12271598167,0.50246,0.52116,1,0.45759,0.52537,1,0.48003,0.52326,1
1789335196.4352,284.14404,12271665030,0.49494,0.52446,1,0.47670,0.52305,1,0.48582,0.52375,1
1789335196.4419,284.15076,12271732037,0.49425,0.51778,1,0.47668,0.50932,1,0.48547,0.51355,1
1789335196.4486,284.15747,12271799135,0.48454,0.49981,1,0.46529,0.48695,1,0.47492,0.49338,1
1789335196.4553,284.16415,12271865974,0.48039,0.48231,1,0.45699,0.46573,1,0.46869,0.47402,1
1789335196.4620,284.17087,12271933222,0.47963,0.47569,1,0.45699,0.46573,1,0.46831,0.47071,1
1789335196.4687,284.17758,12272000243,0.47224,0.47579,1,0.47548,0.51400,1,0.47386,0.49489,1
1789335196.4754,284.18427,12272067087,0.47109,0.48817,1,0.47826,0.52604,1,0.47468,0.50710,1
1789335196.4821,284.19101,12272134561,0.47283,0.50172,1,0.47825,0.53945,1,0.47554,0.52059,1
1789335196.4885,284.19742,12272198644,0.48372,0.50555,1,0.47048,0.52951,1,0.47710,0.51753,1
1789335196.4955,284.20435,12272268050,0.48548,0.50597,1,0.46873,0.52682,1,0.47711,0.51640,1
1789335196.5022,284.21112,12272335770,0.48548,0.50597,1,0.46873,0.52682,1,0.47711,0.51640,1
1789335196.5086,284.21753,12272399870,0.47974,0.51130,1,0.46656,0.53542,1,0.47315,0.52336,1
1789335196.5156,284.22446,12272469076,0.47755,0.51316,1,0.46457,0.53813,1,0.47106,0.52565,1
1789335196.5223,284.23120,12272536457,0.47755,0.51316,1,0.46457,0.53813,1,0.47106,0.52565,1
1789335196.5287,284.23761,12272600503,0.49645,0.52470,1,0.46225,0.54271,1,0.47935,0.53370,1
1789335196.5357,284.24457,12272670129,0.49720,0.52316,1,0.46071,0.54915,1,0.47895,0.53616,1
1789335196.5421,284.25101,12272734503,0.49654,0.51647,1,0.46068,0.54813,1,0.47861,0.53230,1
1789335196.5490,284.25793,12272803795,0.49191,0.51335,1,0.45846,0.54725,1,0.47518,0.53030,1
1789335196.5558,284.26465,12272871080,0.49016,0.50678,1,0.45441,0.52531,1,0.47228,0.51604,1
1789335196.5625,284.27142,12272938783,0.49077,0.51251,1,0.45460,0.53114,1,0.47268,0.52182,1
1789335196.5691,284.27802,12273004734,0.49152,0.51498,1,0.45348,0.53516,1,0.47250,0.52507,1
1789335196.5758,284.28473,12273071772,0.48474,0.51751,1,0.47676,0.53667,1,0.48075,0.52709,1
1789335196.5825,284.29141,12273138667,0.48554,0.52442,1,0.47676,0.53774,1,0.48115,0.53108,1
1789335196.5892,284.29813,12273205832,0.50261,0.54902,1,0.47238,0.57644,1,0.48750,0.56273,1
1789335196.5957,284.30460,12273270365,0.49866,0.54570,1,0.46851,0.52677,1,0.48359,0.53623,1
1789335196.6024,284.31128,12273337442,0.49810,0.54013,1,0.46844,0.52087,1,0.48327,0.53050,1
1789335196.6093,284.31821,12273406628,0.49745,0.56677,1,0.46355,0.51970,1,0.48050,0.54324,1
1789335196.6162,284.32504,12273474800,0.49761,0.56345,1,0.46332,0.51627,1,0.48046,0.53986,1
1789335196.6227,284.33163,12273540797,0.49818,0.56891,1,0.46344,0.52234,1,0.48081,0.54562,1
1789335196.6294,284.33832,12273607817,0.49871,0.55937,1,0.46273,0.54395,1,0.48072,0.55166,1
1789335196.6359,284.34479,12273672266,0.49714,0.56070,1,0.46420,0.54686,1,0.48067,0.55378,1
1789335196.6426,284.35153,12273739751,0.49714,0.56070,1,0.46407,0.54013,1,0.48060,0.55041,1
1789335196.6495,284.35843,12273808718,0.47875,0.54438,1,0.46602,0.53047,1,0.47238,0.53742,1
1789335196.6560,284.36490,12273873545,0.48084,0.52983,1,0.47750,0.54312,1,0.47917,0.53648,1
1789335196.6627,284.37158,12273940284,0.47935,0.51772,1,0.47749,0.53739,1,0.47842,0.52755,1
1789335196.6697,284.37854,12274009785,0.46925,0.51150,1,0.47276,0.54186,1,0.47101,0.52668,1
1789335196.6764,284.38528,12274077308,0.48109,0.51194,1,0.45710,0.54312,1,0.46910,0.52753,1
1789335196.6828,284.39166,12274141161,0.48256,0.52426,1,0.45746,0.55544,1,0.47001,0.53985,1
1789335196.6898,284.39868,12274211319,0.47768,0.53624,1,0.47287,0.55354,1,0.47528,0.54489,1
1789335196.6962,284.40506,12274275061,0.48594,0.53826,1,0.48382,0.55937,1,0.48488,0.54882,1
1789335196.7029,284.41177,12274342213,0.48723,0.54918,1,0.48372,0.57036,1,0.48547,0.55977,1
1789335196.7096,284.41846,12274409080,0.47182,0.63059,1,0.46376,0.64560,1,0.46779,0.63810,1
1789335196.7165,284.42538,12274478256,0.43814,0.71085,1,0.42498,0.69334,1,0.43156,0.70210,1
1789335196.7232,284.43210,12274545596,0.43571,0.70120,1,0.42397,0.68291,1,0.42984,0.69205,1
1789335196.7297,284.43857,12274610248,0.36629,0.81161,1,0.38818,0.79288,1,0.37724,0.80225,1
1789335196.7367,284.44562,12274680681,0.33977,0.86335,1,0.34400,0.84847,1,0.34189,0.85591,1
1789335196.7433,284.45218,12274746243,0.33977,0.86335,1,0.34400,0.84847,1,0.34189,0.85591,1
1789335196.7501,284.45901,12274814729,0.29427,1.05197,1,0.29275,1.02491,1,0.29351,1.03844,1
1789335196.7567,284.46561,12274880495,0.27481,1.14460,1,0.25605,1.07442,1,0.26543,1.10951,1
1789335196.7635,284.47235,12274948141,0.27777,1.14524,1,0.25610,1.07446,1,0.26694,1.10985,1
1789335196.7699,284.47876,12275012024,0.22742,1.30381,1,0.21881,1.21632,1,0.22312,1.26007,1
1789335196.7768,284.48566,12275081214,0.17704,1.33037,1,0.18411,1.31257,1,0.18057,1.32147,1
1789335196.7836,284.49246,12275149074,0.16710,1.33364,1,0.17952,1.31373,1,0.17331,1.32368,1
1789335196.7900,284.49884,12275212861,0.12830,1.48892,1,0.15783,1.42618,1,0.14307,1.45755,1
1789335196.7967,284.50555,12275279967,0.11245,1.57039,1,0.14004,1.44123,1,0.12624,1.50581,1
1789335196.8034,284.51224,12275346922,0.12063,1.56367,1,0.14605,1.43766,1,0.13334,1.50067,1
1789335196.8100,284.51892,12275413874,0.08451,1.67502,1,0.11999,1.44582,1,0.10225,1.56042,1
1789335196.8167,284.52563,12275480992,0.07922,1.72952,1,0.11474,1.42362,1,0.09698,1.57657,1
1789335196.8234,284.53232,12275547852,0.08738,1.72061,1,0.12064,1.42065,1,0.10401,1.57063,1
1789335196.8301,284.53903,12275614927,0.07789,1.78069,1,0.10929,1.45629,1,0.09359,1.61849,1
1789335196.8370,284.54593,12275683951,0.11015,1.77657,1,0.12599,1.44404,1,0.11807,1.61031,1
1789335196.8438,284.55273,12275751880,0.11015,1.77657,1,0.12906,1.44227,1,0.11961,1.60942,1
1789335196.8502,284.55911,12275815776,0.10712,1.80518,1,0.12499,1.44391,1,0.11606,1.62455,1
1789335196.8572,284.56604,12275884945,0.08692,1.84203,1,0.11717,1.47956,1,0.10204,1.66080,1
1789335196.8637,284.57254,12275949838,0.09128,1.83619,1,0.11717,1.47956,1,0.10422,1.65788,1
1789335196.8703,284.57922,12276016897,0.07688,1.83950,1,0.10985,1.47477,1,0.09336,1.65713,1
1789335196.8773,284.58615,12276085886,0.09952,1.84354,1,0.11923,1.47722,1,0.10938,1.66038,1
1789335196.8837,284.59262,12276150709,0.09521,1.84948,1,0.11923,1.47722,1,0.10722,1.66335,1
1789335196.8904,284.59930,12276217706,0.10637,1.83161,1,0.11557,1.48535,1,0.11097,1.65848,1
1789335196.8974,284.60626,12276287002,0.09595,1.87216,1,0.11463,1.46877,1,0.10529,1.67047,1
1789335196.9042,284.61310,12276355635,0.09201,1.87778,1,0.10847,1.47262,1,0.10024,1.67520,1
1789335196.9107,284.61963,12276420755,0.06400,1.88582,1,0.10538,1.48255,1,0.08469,1.68418,1
1789335196.9172,284.62610,12276485645,0.06621,1.90039,1,0.08988,1.47795,1,0.07804,1.68917,1
1789335196.9241,284.63303,12276554733,0.06181,1.90656,1,0.08988,1.47795,1,0.07584,1.69226,1
1789335196.9309,284.63980,12276622574,0.07151,1.91681,1,0.08523,1.46294,1,0.07837,1.68988,1
1789335196.9373,284.64621,12276686555,0.08348,1.88639,1,0.10089,1.47433,1,0.09218,1.68036,1
1789335196.9443,284.65314,12276756041,0.09223,1.87398,1,0.11038,1.46847,1,0.10131,1.67122,1
1789335196.9507,284.65961,12276820563,0.12584,1.86015,1,0.11215,1.46580,1,0.11899,1.66297,1
1789335196.9574,284.66629,12276887470,0.12215,1.86273,1,0.10578,1.46129,1,0.11397,1.66201,1
1789335196.9644,284.67328,12276957182,0.12154,1.86365,1,0.10233,1.46332,1,0.11193,1.66349,1
1789335196.9708,284.67972,12277021579,0.10507,1.88959,1,0.11150,1.47092,1,0.10828,1.68025,1
1789335196.9775,284.68640,12277088538,0.11971,1.89605,1,0.11559,1.49224,1,0.11765,1.69414,1
1789335196.9845,284.69336,12277158098,0.11615,1.90156,1,0.11284,1.49414,1,0.11449,1.69785,1
1789335196.9909,284.69980,12277222361,0.07858,1.94207,1,0.07138,1.50927,1,0.07498,1.72567,1
1789335196.9979,284.70682,12277292623,0.07866,1.93478,1,0.08376,1.51743,1,0.08121,1.72611,1
1789335197.0043,284.71317,12277356252,0.08322,1.92793,1,0.08730,1.51497,1,0.08526,1.72145,1
1789335197.0112,284.72009,12277425554,0.07463,1.93292,1,0.08135,1.48911,1,0.07799,1.71101,1
1789335197.0177,284.72659,12277490340,0.08011,1.92890,1,0.11590,1.45866,1,0.09800,1.69378,1
1789335197.0244,284.73328,12277557301,0.08412,1.92290,1,0.11877,1.45694,1,0.10144,1.68992,1
1789335197.0313,284.74023,12277626821,0.08457,1.94182,1,0.10745,1.46820,1,0.09601,1.70501,1
1789335197.0378,284.74667,12277691308,0.08870,1.95074,1,0.09346,1.48704,1,0.09108,1.71889,1
1789335197.0445,284.75339,12277758325,0.09274,1.94441,1,0.09658,1.48506,1,0.09466,1.71474,1
1789335197.0515,284.76035,12277827887,0.08570,1.95404,1,0.11164,1.49732,1,0.09867,1.72568,1
1789335197.0581,284.76700,12277894490,0.09977,1.94908,1,0.10606,1.50312,1,0.10292,1.72610,1
1789335197.0648,284.77368,12277961359,0.09579,1.95544,1,0.10302,1.50525,1,0.09940,1.73035,1
1789335197.0713,284.78018,12278026230,0.09961,1.95153,1,0.10477,1.50947,1,0.10219,1.73050,1
1789335197.0780,284.78687,12278093219,0.08198,1.90621,1,0.08582,1.51326,1,0.08390,1.70974,1
1789335197.0849,284.79379,12278162561,0.07795,1.91207,1,0.08268,1.51542,1,0.08032,1.71375,1
1789335197.0914,284.80026,12278227123,0.07592,1.90218,1,0.08659,1.51321,1,0.08125,1.70770,1
1789335197.0981,284.80698,12278294210,0.06149,1.97010,1,0.09638,1.51755,1,0.07894,1.74382,1
1789335197.1051,284.81396,12278364180,0.06149,1.97010,1,0.09638,1.51755,1,0.07894,1.74382,1
1789335197.1115,284.82037,12278428300,0.07797,1.94653,1,0.09410,1.51015,1,0.08603,1.72834,1
1789335197.1184,284.82727,12278497263,0.05787,1.91115,1,0.08560,1.48570,1,0.07174,1.69842,1
1789335197.1249,284.83374,12278562012,0.05308,1.91786,1,0.07858,1.49005,1,0.06583,1.70395,1
1789335197.1318,284.84070,12278631404,0.06916,1.99621,1,0.09645,1.47725,1,0.08280,1.73673,1
1789335197.1383,284.84714,12278695905,0.03379,2.00770,1,0.04961,1.51428,1,0.04170,1.76099,1
1789335197.1450,284.85385,12278762981,0.02424,2.02216,1,0.04233,1.51887,1,0.03329,1.77052,1
1789335197.1519,284.86078,12278832204,0.04610,2.02277,1,0.07103,1.53849,1,0.05856,1.78063,1
1789335197.1587,284.86758,12278900412,0.01997,2.00690,1,0.06080,1.52632,1,0.04038,1.76661,1
1789335197.1651,284.87396,12278964016,0.02479,1.99978,1,0.06777,1.52159,1,0.04628,1.76068,1
1789335197.1721,284.88098,12279034383,0.04609,2.03916,1,0.07279,1.53813,1,0.05944,1.78865,1
1789335197.1785,284.88736,12279098015,0.04503,2.00437,1,0.08509,1.51439,1,0.06506,1.75938,1
1789335197.1854,284.89432,12279167831,0.05453,1.98976,1,0.09200,1.50961,1,0.07326,1.74969,1
1789335197.1922,284.90112,12279235861,0.06064,1.99759,1,0.09113,1.55502,1,0.07588,1.77630,1
1789335197.1988,284.90765,12279301155,0.04280,2.00354,1,0.10028,1.53515,1,0.07154,1.76935,1
1789335197.2052,284.91412,12279365830,0.03784,2.01113,1,0.09352,1.54038,1,0.06568,1.77576,1
1789335197.2120,284.92084,12279432914,0.04247,2.01954,1,0.06269,1.53773,1,0.05258,1.77863,1
1789335197.2189,284.92776,12279502296,0.04893,2.06696,1,0.06228,1.54376,1,0.05561,1.80536,1
1789335197.2253,284.93423,12279566774,0.03962,2.08247,1,0.05521,1.54886,1,0.04742,1.81566,1
1789335197.2322,284.94113,12279635928,0.02125,2.08894,1,0.05032,1.57148,1,0.03578,1.83021,1
1789335197.2387,284.94763,12279700913,0.02336,2.06505,1,0.05708,1.56247,1,0.04022,1.81376,1
1789335197.2457,284.95456,12279770204,0.02336,2.06505,1,0.05708,1.56247,1,0.04022,1.81376,1
1789335197.2524,284.96127,12279837121,0.01987,2.03334,1,0.03965,1.56340,1,0.02976,1.79837,1
1789335197.2590,284.96793,12279903914,0.04118,2.03354,1,0.05245,1.56225,1,0.04682,1.79790,1
1789335197.2658,284.97464,12279970861,0.03581,2.04203,1,0.04424,1.56837,1,0.04003,1.80520,1
1789335197.2723,284.98114,12280035787,-0.00933,2.09342,1,0.03940,1.56980,1,0.01504,1.83161,1
1789335197.2789,284.98782,12280102632,-0.00818,2.10425,1,0.01663,1.57715,1,0.00422,1.84070,1
1789335197.2859,284.99478,12280172296,-0.01929,2.12170,1,0.00821,1.58319,1,-0.00554,1.85244,1
1789335197.2923,285.00122,12280236609,-0.03171,2.18388,1,0.00300,1.57716,1,-0.01436,1.88052,1
1789335197.2992,285.00812,12280305835,-0.03171,2.18388,0,0.01112,1.57921,1,0.01112,1.57921,1
1789335197.3060,285.01489,12280373437,-0.03171,2.18388,0,0.01112,1.57921,1,0.01112,1.57921,1
1789335197.3124,285.02130,12280437653,-0.03171,2.18388,0,0.00222,1.57436,1,0.00222,1.57436,1
1789335197.3193,285.02823,12280506952,-0.03171,2.18388,0,0.02248,1.57629,1,0.02248,1.57629,1
1789335197.3262,285.03510,12280575431,-0.03171,2.18388,0,0.03064,1.57036,1,0.03064,1.57036,1
1789335197.3325,285.04141,12280638596,-0.03171,2.18388,0,0.02606,1.56575,1,0.02606,1.56575,1
1789335197.3396,285.04846,12280709066,-0.03171,2.18388,0,0.06011,1.56246,1,0.06011,1.56246,1
1789335197.3461,285.05502,12280774812,-0.03171,2.18388,0,0.06802,1.55644,1,0.06802,1.55644,1
1789335197.3526,285.06149,12280839419,-0.03171,2.18388,0,0.05978,1.59305,1,0.05978,1.59305,1
1789335197.3593,285.06818,12280906405,-0.03171,2.18388,0,0.03862,1.58247,1,0.03862,1.58247,1
1789335197.3662,285.07510,12280975678,-0.03171,2.18388,0,0.03862,1.58247,1,0.03862,1.58247,1
1789335197.3727,285.08157,12281040369,-0.03171,2.18388,0,0.03975,1.58388,1,0.03975,1.58388,1
1789335197.3796,285.08853,12281109938,-0.03171,2.18388,0,0.04441,1.59656,1,0.04441,1.59656,1
1789335197.3864,285.09525,12281176904,-0.03171,2.18388,0,0.04441,1.59656,1,0.04441,1.59656,1
1789335197.3928,285.10168,12281241389,-0.03171,2.18388,0,0.02863,1.59890,1,0.02863,1.59890,1
1789335197.3997,285.10861,12281310494,-0.03171,2.18388,0,0.03855,1.60111,1,0.03855,1.60111,1
1789335197.4062,285.11505,12281375190,-0.03171,2.18388,0,0.03855,1.60111,1,0.03855,1.60111,1
1789335197.4129,285.12177,12281442249,-0.03171,2.18388,0,0.03229,1.56924,1,0.03229,1.56924,1
1789335197.4198,285.12869,12281511491,0.01232,2.12221,1,0.01604,1.58656,1,0.01418,1.85439,1
1789335197.4263,285.13516,12281576217,0.01232,2.12221,1,0.01604,1.58656,1,0.01418,1.85439,1
1789335197.4330,285.14188,12281643314,0.00630,2.16569,1,0.04163,1.60601,1,0.02396,1.88585,1
1789335197.4397,285.14856,12281710125,0.04885,2.15389,1,0.03127,1.61219,1,0.04006,1.88304,1
1789335197.4464,285.15527,12281777181,0.05748,2.13813,1,0.04529,1.60071,1,0.05138,1.86942,1
1789335197.4533,285.16220,12281846552,0.07078,2.10856,1,0.05263,1.59803,1,0.06171,1.85330,1
1789335197.4602,285.16904,12281914878,0.08083,2.02378,1,0.06907,1.59846,1,0.07495,1.81112,1
1789335197.4667,285.17560,12281980519,0.09809,1.99471,1,0.08322,1.58623,1,0.09066,1.79047,1
1789335197.4735,285.18240,12282048416,0.10915,2.02243,1,0.08408,1.58879,1,0.09662,1.80561,1
1789335197.4801,285.18900,12282114382,0.10433,2.02363,1,0.08578,1.59460,1,0.09505,1.80912,1
1789335197.4869,285.19577,12282182183,0.10433,2.02363,1,0.08578,1.59460,1,0.09505,1.80912,1
1789335197.4933,285.20218,12282246276,0.12413,2.02977,1,0.08821,1.59608,1,0.10617,1.81292,1
1789335197.5002,285.20911,12282315494,0.10505,2.04154,1,0.07228,1.58011,1,0.08866,1.81082,1
1789335197.5067,285.21555,12282380100,0.09628,2.05736,1,0.05774,1.59211,1,0.07701,1.82474,1
1789335197.5134,285.22226,12282447198,0.10291,2.07343,1,0.05796,1.60759,1,0.08043,1.84051,1
1789335197.5203,285.22919,12282516436,0.06860,2.10462,1,0.04461,1.62971,1,0.05660,1.86717,1
1789335197.5268,285.23566,12282580945,0.05602,2.12726,1,0.03806,1.63549,1,0.04704,1.88138,1
1789335197.5335,285.24237,12282648110,0.07407,2.14573,1,0.05359,1.63779,1,0.06383,1.89176,1
1789335197.5402,285.24905,12282714950,0.07929,2.09579,1,0.05921,1.63561,1,0.06925,1.86570,1
1789335197.5469,285.25574,12282781915,0.08370,2.08776,1,0.05921,1.63561,1,0.07146,1.86168,1
1789335197.5538,285.26273,12282851795,0.06608,2.12025,1,0.05409,1.59181,1,0.06009,1.85603,1
1789335197.5602,285.26913,12282915884,0.05376,2.12552,1,0.03838,1.63017,1,0.04607,1.87785,1
1789335197.5670,285.27585,12282982942,0.04919,2.13370,1,0.03838,1.63017,1,0.04379,1.88194,1
1789335197.5739,285.28281,12283052545,0.04750,2.10167,1,0.06569,1.63772,1,0.05659,1.86969,1
1789335197.5804,285.28925,12283116969,0.08822,2.09675,1,0.07092,1.60130,1,0.07957,1.84902,1
1789335197.5873,285.29614,12283186025,0.09698,2.08050,1,0.07809,1.59504,1,0.08753,1.83777,1
1789335197.5937,285.30261,12283250698,0.08836,2.05551,1,0.07531,1.60209,1,0.08184,1.82880,1
1789335197.6004,285.30933,12283317801,0.09758,2.06013,1,0.09880,1.61819,1,0.09819,1.83916,1
1789335197.6074,285.31628,12283387232,0.09312,2.06822,1,0.09200,1.62487,1,0.09256,1.84654,1
1789335197.6138,285.32272,12283451889,0.08393,2.09102,1,0.07895,1.64957,1,0.08144,1.87029,1
1789335197.6208,285.32965,12283520945,0.08765,2.12454,1,0.04201,1.60151,1,0.06483,1.86303,1
1789335197.6274,285.33633,12283587905,0.08721,2.12539,1,0.04850,1.59622,1,0.06785,1.86080,1
1789335197.6339,285.34283,12283652781,0.07407,2.11195,1,0.07133,1.61589,1,0.07270,1.86392,1
1789335197.6407,285.34955,12283719857,0.10137,2.07823,1,0.08446,1.60637,1,0.09291,1.84230,1
1789335197.6476,285.35645,12283789069,0.10957,2.06292,1,0.08446,1.60637,1,0.09701,1.83465,1
1789335197.6540,285.36292,12283853601,0.10513,2.09661,1,0.06198,1.62652,1,0.08356,1.86156,1
1789335197.6610,285.36987,12283923303,0.07295,2.12615,1,0.05860,1.66059,1,0.06578,1.89337,1
1789335197.6675,285.37634,12283987888,0.05585,2.15789,1,0.04501,1.67397,1,0.05043,1.91593,1
1789335197.6741,285.38303,12284054671,0.07742,2.13173,1,0.03566,1.62280,1,0.05654,1.87726,1
1789335197.6811,285.38998,12284124360,0.04723,2.16445,1,0.04363,1.61464,1,0.04543,1.88955,1
1789335197.6875,285.39639,12284188592,0.04723,2.16445,1,0.04363,1.61464,1,0.04543,1.88955,1
1789335197.6945,285.40335,12284258184,0.06585,2.14159,1,0.04622,1.64460,1,0.05603,1.89310,1
1789335197.7009,285.40979,12284322561,0.06692,2.14475,1,0.06715,1.65099,1,0.06703,1.89787,1
1789335197.7079,285.41675,12284392008,0.06692,2.14475,1,0.06715,1.65099,1,0.06703,1.89787,1
1789335197.7147,285.42358,12284460371,0.06100,2.15486,1,0.04498,1.66449,1,0.05299,1.90968,1
1789335197.7210,285.42990,12284523546,0.07105,2.16226,1,0.05335,1.68130,1,0.06220,1.92178,1
1789335197.7279,285.43683,12284592734,0.06595,2.17204,1,0.04514,1.68967,1,0.05555,1.93086,1
1789335197.7344,285.44330,12284657569,0.07559,2.13531,1,0.05615,1.64293,1,0.06587,1.88912,1
1789335197.7413,285.45023,12284726831,0.07559,2.13531,0,0.05014,1.63456,1,0.05014,1.63456,1
1789335197.7482,285.45706,12284795266,0.07559,2.13531,0,0.05014,1.63456,1,0.05014,1.63456,1
1789335197.7547,285.46359,12284860557,0.19105,1.75121,1,0.15097,1.39448,1,0.17101,1.57284,1
1789335197.7612,285.47009,12284925490,0.21885,1.63423,1,0.19880,1.30769,1,0.20882,1.47096,1
1789335197.7682,285.47708,12284995476,0.22554,1.62593,1,0.20406,1.30638,1,0.21480,1.46615,1
1789335197.7746,285.48352,12285059769,0.32144,1.20975,1,0.25718,1.09079,1,0.28931,1.15027,1
1789335197.7813,285.49017,12285126227,0.28147,1.07495,1,0.33442,0.94661,1,0.30794,1.01078,1
1789335197.7883,285.49716,12285196183,0.28386,1.07609,1,0.33563,0.94904,1,0.30975,1.01257,1
1789335197.7947,285.50360,12285260435,0.35735,0.80139,1,0.38225,0.77401,1,0.36980,0.78770,1
1789335197.8016,285.51053,12285329930,0.38426,0.67664,1,0.41052,0.72352,1,0.39739,0.70008,1
1789335197.8084,285.51733,12285397838,0.38580,0.68131,1,0.41110,0.72795,1,0.39845,0.70463,1
1789335197.8152,285.52405,12285465025,0.46178,0.62829,1,0.46506,0.61312,1,0.46342,0.62071,1
1789335197.8215,285.53036,12285528060,0.49174,0.61510,1,0.47141,0.53487,1,0.48157,0.57499,1
1789335197.8284,285.53729,12285597365,0.49109,0.60991,1,0.47136,0.52874,1,0.48122,0.56933,1
1789335197.8349,285.54376,12285662203,0.51376,0.54984,1,0.50087,0.54527,1,0.50731,0.54756,1
1789335197.8416,285.55051,12285729512,0.52743,0.54180,1,0.51867,0.51214,1,0.52305,0.52697,1
1789335197.8485,285.55743,12285798925,0.52743,0.54180,1,0.51906,0.50518,1,0.52325,0.52349,1
1789335197.8550,285.56387,12285863156,0.50657,0.51740,1,0.50579,0.51510,1,0.50618,0.51625,1
1789335197.8619,285.57083,12285932737,0.51179,0.51775,1,0.51679,0.52469,1,0.51429,0.52122,1
1789335197.8684,285.57724,12285997067,0.51173,0.51700,1,0.51614,0.53654,1,0.51394,0.52677,1
1789335197.8753,285.58417,12286066270,0.49787,0.52144,1,0.49318,0.56728,1,0.49553,0.54436,1
1789335197.8821,285.59103,12286134963,0.50480,0.54635,1,0.50045,0.54049,1,0.50262,0.54342,1
1789335197.8887,285.59756,12286200287,0.50639,0.56356,1,0.49985,0.55890,1,0.50312,0.56123,1
1789335197.8955,285.60434,12286267869,0.51433,0.58685,1,0.51262,0.54943,1,0.51347,0.56814,1
1789335197.9019,285.61075,12286332041,0.51580,0.59785,1,0.49483,0.55650,1,0.50532,0.57718,1
1789335197.9088,285.61768,12286401176,0.51580,0.59785,1,0.49499,0.55034,1,0.50539,0.57410,1
1789335197.9153,285.62415,12286466064,0.51579,0.59682,1,0.48769,0.56621,1,0.50174,0.58151,1
1789335197.9222,285.63107,12286535246,0.51506,0.58128,1,0.49002,0.56471,1,0.50254,0.57299,1
1789335197.9289,285.63776,12286602122,0.51421,0.57088,1,0.49034,0.54693,1,0.50228,0.55891,1
1789335197.9354,285.64426,12286667013,0.51481,0.57479,1,0.49577,0.53338,1,0.50529,0.55409,1
1789335197.9421,285.65094,12286734003,0.51230,0.56780,1,0.49962,0.54318,1,0.50596,0.55549,1
1789335197.9490,285.65790,12286803635,0.51218,0.56642,1,0.49966,0.54170,1,0.50592,0.55406,1
1789335197.9555,285.66434,12286867938,0.53196,0.52253,1,0.49552,0.53496,1,0.51374,0.52875,1
1789335197.9622,285.67105,12286934956,0.52724,0.53385,1,0.50440,0.54257,1,0.51582,0.53821,1
1789335197.9691,285.67798,12287004453,0.52724,0.53385,1,0.50440,0.54257,1,0.51582,0.53821,1
1789335197.9755,285.68442,12287068714,0.49529,0.51816,1,0.51609,0.54397,1,0.50569,0.53106,1
1789335197.9825,285.69135,12287137988,0.51306,0.51842,1,0.51517,0.52872,1,0.51412,0.52357,1
1789335197.9889,285.69781,12287202747,0.51267,0.51331,1,0.51509,0.53023,1,0.51388,0.52177,1
1789335197.9956,285.70453,12287269863,0.50106,0.51636,1,0.50726,0.53234,1,0.50416,0.52435,1
1789335198.0025,285.71143,12287338927,0.49272,0.51581,1,0.49922,0.53814,1,0.49597,0.52698,1
1789335198.0090,285.71793,12287403641,0.49342,0.52252,1,0.49901,0.54496,1,0.49622,0.53374,1
1789335198.0157,285.72461,12287470693,0.52672,0.51850,1,0.51411,0.55314,1,0.52042,0.53582,1
1789335198.0227,285.73157,12287540106,0.51582,0.52676,1,0.50495,0.54212,1,0.51039,0.53444,1
1789335198.0291,285.73801,12287604645,0.51621,0.53197,1,0.50501,0.54059,1,0.51061,0.53628,1
1789335198.0360,285.74493,12287673821,0.49969,0.52402,1,0.51031,0.54067,1,0.50500,0.53234,1
1789335198.0425,285.75140,12287738592,0.49354,0.52410,1,0.50395,0.53580,1,0.49875,0.52995,1
1789335198.0492,285.75812,12287805630,0.49283,0.51732,1,0.50373,0.54175,1,0.49828,0.52954,1
1789335198.0562,285.76505,12287875040,0.52586,0.52302,1,0.49378,0.57857,1,0.50982,0.55080,1
1789335198.0626,285.77151,12287939822,0.51964,0.53471,1,0.51015,0.58283,1,0.51490,0.55877,1
1789335198.0693,285.77820,12288006561,0.51973,0.53606,1,0.51037,0.57845,1,0.51505,0.55726,1
1789335198.0765,285.78537,12288078183,0.50416,0.52691,1,0.49442,0.55421,1,0.49929,0.54056,1
1789335198.0827,285.79163,12288140641,0.49613,0.51161,1,0.51497,0.53992,1,0.50555,0.52577,1
1789335198.0897,285.79858,12288210398,0.49555,0.50571,1,0.51528,0.53407,1,0.50541,0.51989,1
1789335198.0961,285.80499,12288274386,0.50394,0.51297,1,0.50191,0.54379,1,0.50293,0.52838,1
1789335198.1031,285.81198,12288344199,0.52097,0.52055,1,0.49042,0.54237,1,0.50570,0.53146,1
1789335198.1095,285.81839,12288408422,0.52171,0.53171,1,0.49022,0.55365,1,0.50596,0.54268,1
1789335198.1162,285.82510,12288475558,0.49637,0.50470,1,0.50688,0.51965,1,0.50163,0.51217,1
1789335198.1231,285.83200,12288544616,0.50769,0.52467,1,0.49493,0.51164,1,0.50131,0.51816,1
1789335198.1296,285.83853,12288609771,0.50814,0.53003,1,0.49479,0.51731,1,0.50147,0.52367,1
1789335198.1363,285.84518,12288676233,0.50185,0.53874,1,0.47873,0.52138,1,0.49029,0.53006,1
1789335198.1433,285.85214,12288746073,0.49766,0.53502,1,0.47810,0.51601,1,0.48788,0.52551,1
1789335198.1497,285.85858,12288810459,0.49813,0.53971,1,0.47810,0.52102,1,0.48811,0.53036,1
1789335198.1564,285.86530,12288877470,0.49420,0.56828,1,0.48913,0.53798,1,0.49167,0.55313,1
1789335198.1631,285.87198,12288944263,0.48741,0.56343,1,0.50730,0.53459,1,0.49735,0.54901,1
1789335198.1700,285.87891,12289013735,0.48678,0.55822,1,0.50754,0.52894,1,0.49716,0.54358,1
1789335198.1767,285.88559,12289080488,0.50806,0.51745,1,0.50561,0.53459,1,0.50684,0.52602,1
1789335198.1832,285.89209,12289145424,0.50197,0.51598,1,0.50765,0.52309,1,0.50481,0.51954,1
1789335198.1901,285.89899,12289214476,0.50104,0.50585,1,0.50808,0.51267,1,0.50456,0.50926,1
1789335198.1966,285.90549,12289279397,0.49872,0.50073,1,0.50342,0.50171,1,0.50107,0.50122,1
1789335198.2033,285.91217,12289346181,0.50028,0.49958,1,0.50235,0.49867,1,0.50131,0.49912,1
1789335198.2100,285.91888,12289413281,0.50028,0.49958,1,0.50235,0.49867,1,0.50131,0.49912,1
1789335198.2167,285.92557,12289480085,0.50141,0.48662,1,0.50876,0.50514,1,0.50509,0.49588,1
1789335198.2234,285.93228,12289547242,0.50436,0.48794,1,0.50911,0.50612,1,0.50673,0.49703,1
1789335198.2303,285.93921,12289616689,0.50482,0.49346,1,0.50888,0.51171,1,0.50685,0.50258,1
1789335198.2371,285.94601,12289684521,0.50411,0.49632,1,0.50747,0.50503,1,0.50579,0.50067,1
1789335198.2437,285.95258,12289750319,0.50375,0.50187,1,0.50856,0.50912,1,0.50615,0.50549,1
1789335198.2502,285.95908,12289815137,0.50423,0.50740,1,0.50832,0.51481,1,0.50628,0.51111,1
1789335198.2569,285.96576,12289882147,0.50657,0.49347,1,0.51122,0.51156,1,0.50890,0.50252,1
1789335198.2639,285.97278,12289952183,0.50653,0.49792,1,0.47380,0.51708,1,0.49017,0.50750,1
1789335198.2703,285.97916,12290016002,0.50606,0.49231,1,0.47377,0.51141,1,0.48992,0.50186,1
1789335198.2770,285.98587,12290083174,0.51860,0.48130,1,0.47501,0.52639,1,0.49680,0.50384,1
1789335198.2839,285.99283,12290152700,0.52032,0.46919,1,0.47922,0.55130,1,0.49977,0.51024,1
1789335198.2904,285.99924,12290216871,0.51997,0.46350,1,0.47924,0.53922,1,0.49960,0.50136,1
1789335198.2973,286.00620,12290286402,0.52348,0.46240,1,0.49096,0.49981,1,0.50722,0.48111,1
1789335198.3041,286.01297,12290354371,0.52388,0.45274,1,0.49443,0.48732,1,0.50915,0.47003,1
1789335198.3104,286.01932,12290417785,0.52347,0.44544,1,0.49443,0.48732,1,0.50895,0.46638,1
1789335198.3174,286.02625,12290487089,0.50880,0.43201,1,0.49957,0.53336,1,0.50419,0.48268,1
1789335198.3239,286.03275,12290551909,0.49260,0.44191,1,0.50021,0.54362,1,0.49640,0.49276,1
1789335198.3305,286.03943,12290618904,0.49330,0.44934,1,0.50021,0.54362,1,0.49675,0.49648,1
1789335198.3375,286.04642,12290688748,0.49691,0.48527,1,0.50893,0.53772,1,0.50292,0.51149,1
1789335198.3443,286.05322,12290756842,0.49795,0.47239,1,0.49342,0.51370,1,0.49568,0.49305,1
1789335198.3509,286.05975,12290822037,0.49672,0.45894,1,0.49355,0.50757,1,0.49514,0.48326,1
1789335198.3573,286.06622,12290886909,0.50619,0.44520,1,0.47395,0.50738,1,0.49007,0.47629,1
1789335198.3641,286.07294,12290953823,0.50681,0.44114,1,0.47568,0.50825,1,0.49124,0.47470,1
1789335198.3711,286.08002,12291024585,0.50631,0.43455,1,0.47566,0.50196,1,0.49098,0.46825,1
1789335198.3774,286.08633,12291087738,0.50762,0.42607,1,0.47431,0.48167,1,0.49097,0.45387,1
1789335198.3843,286.09323,12291156899,0.51091,0.46090,1,0.48553,0.47444,1,0.49822,0.46767,1
1789335198.3912,286.10007,12291225071,0.51091,0.46090,1,0.48553,0.47444,1,0.49822,0.46767,1
1789335198.3975,286.10641,12291288678,0.49722,0.46361,1,0.48714,0.47514,1,0.49218,0.46937,1
1789335198.4045,286.11334,12291357853,0.50065,0.46537,1,0.48861,0.47533,1,0.49463,0.47035,1
1789335198.4109,286.11981,12291422645,0.50182,0.47878,1,0.48842,0.48903,1,0.49512,0.48390,1
1789335198.4179,286.12674,12291492070,0.50717,0.46898,1,0.49746,0.48774,1,0.50232,0.47836,1
1789335198.4243,286.13321,12291556745,0.51168,0.47272,1,0.50046,0.49989,1,0.50607,0.48630,1
1789335198.4310,286.13989,12291623502,0.51215,0.47910,1,0.50026,0.50627,1,0.50620,0.49268,1
1789335198.4379,286.14682,12291692794,0.51625,0.50018,1,0.50069,0.49378,1,0.50847,0.49698,1
1789335198.4444,286.15329,12291757420,0.51629,0.49943,1,0.50845,0.49052,1,0.51237,0.49497,1
1789335198.4513,286.16022,12291826762,0.51629,0.49943,1,0.50845,0.49052,1,0.51237,0.49497,1
1789335198.4582,286.16705,12291895135,0.49567,0.50126,1,0.48978,0.52881,1,0.49273,0.51503,1
1789335198.4645,286.17343,12291958719,0.49927,0.49027,1,0.49787,0.52523,1,0.49857,0.50775,1
1789335198.4712,286.18008,12292025388,0.49869,0.48398,1,0.49804,0.51902,1,0.49837,0.50150,1
1789335198.4781,286.18701,12292094699,0.50158,0.47801,1,0.47399,0.54905,1,0.48778,0.51353,1
1789335198.4850,286.19385,12292162970,0.49992,0.47774,1,0.47562,0.50682,1,0.48777,0.49228,1
1789335198.4913,286.20020,12292226346,0.49992,0.47774,1,0.47562,0.50682,1,0.48777,0.49228,1
1789335198.4983,286.20715,12292296047,0.50320,0.48027,1,0.48245,0.50423,1,0.49282,0.49225,1
1789335198.5047,286.21359,12292360310,0.50335,0.49019,1,0.47827,0.52008,1,0.49081,0.50514,1
1789335198.5114,286.22028,12292427382,0.50389,0.49642,1,0.47827,0.51929,1,0.49108,0.50786,1
1789335198.5183,286.22720,12292496587,0.50535,0.49142,1,0.48330,0.53426,1,0.49433,0.51284,1
1789335198.5250,286.23389,12292563543,0.50626,0.47418,1,0.48061,0.52666,1,0.49344,0.50042,1
1789335198.5315,286.24039,12292628509,0.50569,0.46708,1,0.48064,0.51987,1,0.49317,0.49348,1
1789335198.5382,286.24707,12292695173,0.50763,0.45658,1,0.48287,0.52370,1,0.49525,0.49014,1
1789335198.5449,286.25378,12292762277,0.50968,0.45958,1,0.47952,0.52247,1,0.49460,0.49103,1
1789335198.5519,286.26074,12292831819,0.50968,0.45958,1,0.47950,0.52923,1,0.49459,0.49441,1
1789335198.5587,286.26758,12292900159,0.51038,0.45824,1,0.48481,0.52658,1,0.49759,0.49241,1
1789335198.5650,286.27390,12292963428,0.51340,0.46811,1,0.48547,0.53084,1,0.49944,0.49948,1
1789335198.5717,286.28058,12293030351,0.51391,0.47527,1,0.48540,0.53773,1,0.49965,0.50650,1
1789335198.5784,286.28726,12293097137,0.51784,0.49065,1,0.48907,0.54426,1,0.50345,0.51746,1
1789335198.5851,286.29398,12293164308,0.51657,0.47863,1,0.48513,0.53006,1,0.50085,0.50434,1
1789335198.5920,286.30093,12293233892,0.51657,0.47863,1,0.48513,0.53006,1,0.50085,0.50434,1
1789335198.5985,286.30734,12293298014,0.51338,0.48091,1,0.48674,0.52571,1,0.50006,0.50331,1
1789335198.6055,286.31442,12293368712,0.51375,0.51517,1,0.48588,0.53325,1,0.49982,0.52421,1
1789335198.6121,286.32098,12293434334,0.51375,0.51517,1,0.48588,0.53325,1,0.49982,0.52421,1
1789335198.6186,286.32751,12293499810,0.51385,0.50599,1,0.48463,0.52657,1,0.49924,0.51628,1
1789335198.6255,286.33441,12293568763,0.51521,0.50884,1,0.48674,0.52571,1,0.50097,0.51727,1
1789335198.6320,286.34085,12293633072,0.51521,0.50884,1,0.48674,0.52571,1,0.50097,0.51727,1
1789335198.6389,286.34778,12293702244,0.51277,0.49680,1,0.48451,0.51969,1,0.49864,0.50824,1
1789335198.6454,286.35425,12293767101,0.51078,0.49500,1,0.48610,0.51920,1,0.49844,0.50710,1
1789335198.6520,286.36093,12293833988,0.51120,0.50045,1,0.48604,0.52468,1,0.49862,0.51257,1
1789335198.6592,286.36807,12293905242,0.50674,0.50273,1,0.47944,0.52640,1,0.49309,0.51457,1
1789335198.6655,286.37436,12293967978,0.50336,0.50456,1,0.47810,0.53135,1,0.49073,0.51796,1
1789335198.6724,286.38129,12294037286,0.50384,0.51008,1,0.47810,0.52976,1,0.49097,0.51992,1
1789335198.6788,286.38773,12294101855,0.49530,0.49833,1,0.49706,0.51006,1,0.49618,0.50419,1
1789335198.6856,286.39444,12294168842,0.51568,0.49854,1,0.49380,0.50664,1,0.50474,0.50259,1
1789335198.6925,286.40143,12294238828,0.51518,0.49147,1,0.49380,0.50664,1,0.50449,0.49905,1
1789335198.6990,286.40787,12294303116,0.52387,0.48026,1,0.50574,0.50301,1,0.51480,0.49163,1
1789335198.7059,286.41476,12294372070,0.52256,0.48721,1,0.50005,0.54678,1,0.51131,0.51699,1
1789335198.7123,286.42123,12294436990,0.52300,0.49439,1,0.49983,0.55372,1,0.51142,0.52405,1
1789335198.7190,286.42792,12294503793,0.51372,0.53264,1,0.49136,0.53601,1,0.50254,0.53432,1
1789335198.7262,286.43506,12294574982,0.50907,0.52227,1,0.48883,0.53192,1,0.49895,0.52710,1
1789335198.7324,286.44131,12294637687,0.50862,0.51686,1,0.48903,0.51921,1,0.49883,0.51803,1
1789335198.7394,286.44824,12294706985,0.49761,0.50296,1,0.47447,0.54023,1,0.48604,0.52160,1
1789335198.7458,286.45471,12294771764,0.51244,0.48055,1,0.49197,0.51795,1,0.50220,0.49925,1
1789335198.7525,286.46143,12294838861,0.51152,0.46796,1,0.49207,0.51257,1,0.50179,0.49026,1
1789335198.7595,286.46835,12294908014,0.51564,0.47197,1,0.48486,0.51454,1,0.50025,0.49325,1
1789335198.7660,286.47485,12294972970,0.51291,0.50532,1,0.50278,0.51334,1,0.50784,0.50933,1
1789335198.7729,286.48175,12295041914,0.51382,0.51738,1,0.50235,0.52587,1,0.50808,0.52163,1
1789335198.7793,286.48822,12295106846,0.50586,0.52971,1,0.49326,0.52453,1,0.49956,0.52712,1
1789335198.7860,286.49490,12295173515,0.49911,0.53185,1,0.48414,0.53218,1,0.49162,0.53202,1
1789335198.7930,286.50192,12295243887,0.49963,0.53716,1,0.48415,0.53059,1,0.49189,0.53387,1
1789335198.7997,286.50854,12295310102,0.51266,0.52403,1,0.49565,0.50604,1,0.50416,0.51504,1
1789335198.8061,286.51501,12295374711,0.50926,0.50534,1,0.49559,0.54067,1,0.50243,0.52300,1
1789335198.8131,286.52197,12295444372,0.50826,0.49290,1,0.49573,0.53534,1,0.50199,0.51412,1
1789335198.8195,286.52841,12295508501,0.51539,0.49007,1,0.48821,0.51634,1,0.50180,0.50320,1
1789335198.8265,286.53537,12295578136,0.51459,0.49292,1,0.50649,0.54568,1,0.51054,0.51930,1
1789335198.8329,286.54181,12295642469,0.51543,0.50466,1,0.50630,0.55033,1,0.51087,0.52749,1
1789335198.8399,286.54874,12295711928,0.50858,0.53837,1,0.49420,0.54929,1,0.50139,0.54383,1
1789335198.8471,286.55600,12295784411,0.50247,0.52503,1,0.49202,0.55156,1,0.49725,0.53830,1
1789335198.8532,286.56213,12295845934,0.50233,0.52349,1,0.49205,0.55003,1,0.49719,0.53676,1
1789335198.8597,286.56860,12295910553,0.51371,0.51537,1,0.48420,0.52948,1,0.49895,0.52243,1
1789335198.8664,286.57532,12295977582,0.50752,0.51547,1,0.47896,0.52759,1,0.49324,0.52153,1
1789335198.8734,286.58224,12296046971,0.50668,0.50551,1,0.47898,0.51741,1,0.49283,0.51146,1
1789335198.8798,286.58871,12296111583,0.50359,0.48581,1,0.49639,0.51455,1,0.49999,0.50018,1
1789335198.8865,286.59540,12296178510,0.49888,0.48317,1,0.49482,0.50477,1,0.49685,0.49397,1
1789335198.8932,286.60208,12296245304,0.49888,0.48317,1,0.49466,0.51176,1,0.49677,0.49747,1
1789335198.8999,286.60880,12296312397,0.51755,0.49823,1,0.49180,0.52565,1,0.50467,0.51194,1
1789335198.9068,286.61572,12296381627,0.51619,0.50872,1,0.48798,0.53882,1,0.50208,0.52377,1
1789335198.9133,286.62219,12296446340,0.51741,0.52573,1,0.48773,0.55595,1,0.50257,0.54084,1
1789335198.9200,286.62888,12296513182,0.51038,0.54582,1,0.48144,0.56875,1,0.49591,0.55728,1
1789335198.9269,286.63580,12296582591,0.50822,0.55422,1,0.48269,0.57967,1,0.49546,0.56694,1
1789335198.9338,286.64267,12296651354,0.50863,0.55887,1,0.48271,0.57752,1,0.49567,0.56820,1
1789335198.9403,286.64920,12296716455,0.49394,0.56193,1,0.49242,0.54441,1,0.49318,0.55317,1
1789335198.9472,286.65604,12296785024,0.51301,0.55652,1,0.48552,0.54535,1,0.49927,0.55094,1
1789335198.9537,286.66260,12296850427,0.51167,0.54010,1,0.48572,0.52812,1,0.49869,0.53411,1
1789335198.9602,286.66907,12296915251,0.49740,0.50259,1,0.49615,0.52080,1,0.49677,0.51170,1
1789335198.9669,286.67578,12296982400,0.48829,0.50806,1,0.48805,0.52390,1,0.48817,0.51598,1
1789335198.9739,286.68274,12297051972,0.48829,0.50806,1,0.48795,0.53075,1,0.48812,0.51940,1
1789335198.9803,286.68918,12297116330,0.51822,0.49563,1,0.48968,0.52481,1,0.50395,0.51022,1
1789335198.9873,286.69614,12297185865,0.50932,0.51356,1,0.48193,0.53681,1,0.49563,0.52518,1
1789335198.9937,286.70258,12297250361,0.51034,0.52601,1,0.48186,0.54946,1,0.49610,0.53774,1
1789335199.0004,286.70926,12297317207,0.50795,0.55126,1,0.48230,0.54745,1,0.49512,0.54935,1
1789335199.0073,286.71622,12297386769,0.51401,0.54592,1,0.49327,0.55451,1,0.50364,0.55021,1
1789335199.0140,286.72290,12297453377,0.51364,0.54128,1,0.49354,0.54275,1,0.50359,0.54201,1
1789335199.0205,286.72937,12297518219,0.51476,0.52637,1,0.49205,0.53620,1,0.50341,0.53128,1
1789335199.0272,286.73605,12297585040,0.49795,0.52207,1,0.50364,0.52539,1,0.50079,0.52373,1
1789335199.0339,286.74274,12297652000,0.49728,0.51522,1,0.50364,0.52539,1,0.50046,0.52031,1
1789335199.0408,286.74966,12297721201,0.51376,0.49535,1,0.49824,0.53129,1,0.50600,0.51332,1
1789335199.0473,286.75616,12297786149,0.50105,0.50226,1,0.48876,0.58039,1,0.49490,0.54133,1
1789335199.0540,286.76285,12297853135,0.50119,0.50384,1,0.48873,0.58187,1,0.49496,0.54285,1
1789335199.0609,286.76978,12297922256,0.51980,0.51495,1,0.50431,0.57037,1,0.51206,0.54266,1
1789335199.0674,286.77625,12297986959,0.50842,0.51477,1,0.49088,0.56878,1,0.49965,0.54177,1
1789335199.0743,286.78317,12298056220,0.50797,0.50942,1,0.49098,0.56363,1,0.49947,0.53652,1
1789335199.0811,286.78995,12298124055,0.50388,0.51455,1,0.49545,0.54763,1,0.49967,0.53109,1
1789335199.0875,286.79636,12298187969,0.52241,0.51514,1,0.51253,0.53844,1,0.51747,0.52679,1
1789335199.0944,286.80331,12298257546,0.52275,0.52044,1,0.51227,0.54378,1,0.51751,0.53211,1
1789335199.1008,286.80972,12298321853,0.49982,0.52106,1,0.48839,0.54072,1,0.49410,0.53089,1
1789335199.1078,286.81665,12298391027,0.51164,0.52960,1,0.48354,0.54571,1,0.49759,0.53765,1
1789335199.1145,286.82336,12298458104,0.51207,0.53491,1,0.48350,0.55111,1,0.49778,0.54301,1
1789335199.1209,286.82980,12298522658,0.52240,0.52726,1,0.48518,0.52854,1,0.50379,0.52790,1
1789335199.1277,286.83655,12298589910,0.51580,0.52455,1,0.50417,0.51238,1,0.50999,0.51847,1
1789335199.1343,286.84320,12298656597,0.51580,0.52455,1,0.50443,0.50502,1,0.51012,0.51479,1
1789335199.1410,286.84991,12298723647,0.50233,0.51011,1,0.49835,0.57130,1,0.50034,0.54071,1
1789335199.1481,286.85696,12298794259,0.50080,0.49912,1,0.48966,0.56258,1,0.49523,0.53085,1
1789335199.1544,286.86331,12298857627,0.50016,0.49205,1,0.48966,0.56258,1,0.49491,0.52731,1
1789335199.1614,286.87024,12298926890,0.51716,0.48769,1,0.48704,0.56060,1,0.50210,0.52414,1
1789335199.1678,286.87671,12298991659,0.51884,0.49040,1,0.48582,0.56239,1,0.50233,0.52640,1
1789335199.1748,286.88370,12299061484,0.51932,0.49755,1,0.48573,0.56917,1,0.50253,0.53336,1
1789335199.1814,286.89032,12299127820,0.51853,0.50353,1,0.48907,0.57336,1,0.50380,0.53845,1
1789335199.1879,286.89682,12299192689,0.51628,0.50502,1,0.49523,0.56644,1,0.50576,0.53573,1
1789335199.1946,286.90350,12299259615,0.51628,0.50502,1,0.49523,0.56644,1,0.50576,0.53573,1
1789335199.2016,286.91052,12299329757,0.50647,0.52998,1,0.49498,0.55233,1,0.50072,0.54116,1
1789335199.2080,286.91690,12299393673,0.50493,0.53790,1,0.50367,0.56009,1,0.50430,0.54900,1
1789335199.2154,286.92426,12299467222,0.50536,0.54257,1,0.50376,0.55792,1,0.50456,0.55025,1
1789335199.2214,286.93030,12299527528,0.51362,0.54495,1,0.50663,0.55517,1,0.51013,0.55006,1
1789335199.2283,286.93723,12299596715,0.49432,0.52707,1,0.49182,0.55548,1,0.49307,0.54128,1
1789335199.2351,286.94400,12299664606,0.49360,0.52013,1,0.49182,0.55548,1,0.49271,0.53781,1
1789335199.2415,286.95041,12299728472,0.50392,0.50227,1,0.47782,0.55741,1,0.49087,0.52984,1
1789335199.2485,286.95737,12299798291,0.50701,0.51459,1,0.48205,0.54945,1,0.49453,0.53202,1
1789335199.2549,286.96381,12299862586,0.50720,0.51678,1,0.48208,0.54469,1,0.49464,0.53073,1
1789335199.2618,286.97070,12299931700,0.49371,0.51807,1,0.49502,0.54124,1,0.49436,0.52965,1
1789335199.2683,286.97720,12299996409,0.49740,0.49447,1,0.49474,0.53573,1,0.49607,0.51510,1
1789335199.2750,286.98389,12300063359,0.49718,0.49223,1,0.49479,0.53355,1,0.49599,0.51289,1
1789335199.2819,286.99081,12300132701,0.50912,0.48737,1,0.48455,0.53661,1,0.49684,0.51199,1
1789335199.2884,286.99728,12300197415,0.52178,0.48110,1,0.49434,0.53320,1,0.50806,0.50715,1
1789335199.2951,287.00400,12300264457,0.52143,0.47547,1,0.49431,0.53477,1,0.50787,0.50512,1
1789335199.3018,287.01068,12300331313,0.52271,0.50308,1,0.50380,0.52851,1,0.51326,0.51580,1
1789335199.3089,287.01782,12300402659,0.53303,0.49077,1,0.51052,0.48723,1,0.52178,0.48900,1
1789335199.3155,287.02435,12300467956,0.53258,0.48131,1,0.51068,0.48366,1,0.52163,0.48248,1
1789335199.3219,287.03079,12300532463,0.52140,0.48924,1,0.49853,0.49588,1,0.50997,0.49256,1
1789335199.3286,287.03751,12300599503,0.52448,0.49011,1,0.49898,0.49309,1,0.51173,0.49160,1
1789335199.3356,287.04446,12300669039,0.52405,0.48280,1,0.49938,0.47910,1,0.51171,0.48095,1
1789335199.3422,287.05112,12300735691,0.51302,0.47517,1,0.51294,0.47210,1,0.51298,0.47363,1
1789335199.3489,287.05780,12300802627,0.51344,0.45118,1,0.49510,0.45077,1,0.50427,0.45098,1
1789335199.3554,287.06427,12300867278,0.51345,0.45132,1,0.49526,0.44360,1,0.50435,0.44746,1
1789335199.3623,287.07120,12300936627,0.51892,0.45936,1,0.50015,0.46103,1,0.50954,0.46020,1
1789335199.3688,287.07767,12301001131,0.52178,0.46198,1,0.50053,0.45640,1,0.51116,0.45919,1
1789335199.3755,287.08435,12301068053,0.52179,0.46214,1,0.50032,0.46391,1,0.51105,0.46303,1
1789335199.3824,287.09128,12301137311,0.52387,0.46721,1,0.50778,0.47026,1,0.51582,0.46873,1
1789335199.3889,287.09781,12301202466,0.52456,0.45854,1,0.50510,0.47612,1,0.51483,0.46733,1
1789335199.3958,287.10468,12301271330,0.52420,0.45211,1,0.50534,0.46953,1,0.51477,0.46082,1
1789335199.4023,287.11118,12301336160,0.51844,0.46251,1,0.50523,0.46753,1,0.51184,0.46502,1
1789335199.4090,287.11786,12301403226,0.52584,0.46810,1,0.50271,0.46332,1,0.51428,0.46571,1
1789335199.4159,287.12479,12301472290,0.52546,0.46110,1,0.50294,0.45600,1,0.51420,0.45855,1
1789335199.4224,287.13126,12301537085,0.51741,0.45529,1,0.50105,0.45472,1,0.50923,0.45500,1
1789335199.4291,287.13797,12301604153,0.51106,0.45893,1,0.49953,0.45986,1,0.50530,0.45940,1
1789335199.4360,287.14487,12301673220,0.51157,0.46597,1,0.49933,0.46715,1,0.50545,0.46656,1
1789335199.4425,287.15137,12301738078,0.53262,0.46925,1,0.51776,0.47731,1,0.52519,0.47328,1
1789335199.4494,287.15829,12301807445,0.53195,0.47917,1,0.52085,0.48830,1,0.52640,0.48373,1
1789335199.4558,287.16473,12301871930,0.53195,0.47917,1,0.52085,0.48830,1,0.52640,0.48373,1
1789335199.4626,287.17148,12301939325,0.54668,0.47857,1,0.50920,0.47022,1,0.52794,0.47439,1
1789335199.4695,287.17834,12302008117,0.54473,0.47659,1,0.50983,0.46180,1,0.52728,0.46920,1
1789335199.4760,287.18484,12302072978,0.54451,0.46969,1,0.51042,0.44729,1,0.52747,0.45849,1
1789335199.4826,287.19153,12302139854,0.54030,0.47053,1,0.50802,0.43648,1,0.52416,0.45351,1
1789335199.4894,287.19824,12302206913,0.53801,0.45044,1,0.50970,0.42979,1,0.52386,0.44011,1
1789335199.4960,287.20493,12302273792,0.53802,0.45060,1,0.50969,0.42995,1,0.52386,0.44028,1
1789335199.5030,287.21188,12302343375,0.54115,0.47203,1,0.50551,0.44721,1,0.52333,0.45962,1
1789335199.5094,287.21832,12302407693,0.54253,0.46375,1,0.50611,0.45476,1,0.52432,0.45926,1
1789335199.5161,287.22501,12302474629,0.54253,0.46375,1,0.50611,0.45476,1,0.52432,0.45926,1
1789335199.5231,287.23203,12302544725,0.54752,0.45881,1,0.51145,0.44442,1,0.52949,0.45162,1
1789335199.5295,287.23840,12302608596,0.54558,0.45527,1,0.51479,0.43704,1,0.53018,0.44616,1
1789335199.5365,287.24536,12302677998,0.54538,0.44842,1,0.51480,0.43688,1,0.53009,0.44265,1
1789335199.5429,287.25183,12302742919,0.52471,0.45447,1,0.51508,0.45818,1,0.51990,0.45632,1
1789335199.5496,287.25851,12302809747,0.53272,0.46287,1,0.51819,0.46435,1,0.52545,0.46361,1
1789335199.5566,287.26544,12302878855,0.53334,0.47641,1,0.51745,0.47855,1,0.52540,0.47748,1
1789335199.5630,287.27191,12302943610,0.54495,0.43218,1,0.50602,0.48671,1,0.52548,0.45944,1
1789335199.5697,287.27859,12303010422,0.55958,0.44319,1,0.52439,0.50240,1,0.54199,0.47280,1
1789335199.5768,287.28568,12303081424,0.55958,0.44319,1,0.52439,0.50240,1,0.54199,0.47280,1
1789335199.5831,287.29199,12303144592,0.54025,0.46566,1,0.52765,0.49900,1,0.53395,0.48233,1
1789335199.5901,287.29898,12303214261,0.52250,0.46454,1,0.52633,0.48461,1,0.52442,0.47458,1
1789335199.5965,287.30542,12303278626,0.52208,0.45751,1,0.52640,0.48352,1,0.52424,0.47051,1
1789335199.6034,287.31232,12303347742,0.53242,0.45563,1,0.51422,0.48486,1,0.52332,0.47025,1
1789335199.6099,287.31882,12303412646,0.53609,0.45314,1,0.51484,0.48797,1,0.52547,0.47056,1
1789335199.6166,287.32550,12303479642,0.53664,0.46640,1,0.51449,0.49517,1,0.52557,0.48079,1
1789335199.6233,287.33221,12303546528,0.54061,0.49765,1,0.52688,0.49884,1,0.53375,0.49825,1
1789335199.6300,287.33890,12303613448,0.54699,0.46572,1,0.50645,0.48495,1,0.52672,0.47534,1
1789335199.6369,287.34579,12303682498,0.54702,0.46684,1,0.50668,0.47892,1,0.52685,0.47288,1
1789335199.6434,287.35229,12303747426,0.53155,0.44409,1,0.51686,0.51410,1,0.52421,0.47909,1
1789335199.6501,287.35898,12303814423,0.53986,0.42842,1,0.51849,0.50809,1,0.52917,0.46825,1
1789335199.6571,287.36594,12303883850,0.53934,0.41371,1,0.51887,0.50118,1,0.52910,0.45745,1
1789335199.6635,287.37238,12303948415,0.54386,0.44678,1,0.52610,0.49912,1,0.53498,0.47295,1
1789335199.6704,287.37930,12304017649,0.54651,0.44982,1,0.53091,0.49700,1,0.53871,0.47341,1
1789335199.6769,287.38580,12304082461,0.54670,0.45668,1,0.53001,0.50967,1,0.53835,0.48318,1
1789335199.6838,287.39270,12304151616,0.53785,0.48487,1,0.53371,0.52361,1,0.53578,0.50424,1
1789335199.6906,287.39951,12304219436,0.54281,0.48866,1,0.51232,0.53577,1,0.52756,0.51221,1
1789335199.6970,287.40588,12304283286,0.54325,0.50165,1,0.51198,0.54270,1,0.52762,0.52218,1
1789335199.7039,287.41281,12304352511,0.52576,0.49396,1,0.52285,0.53702,1,0.52431,0.51549,1
1789335199.7104,287.41928,12304417360,0.52608,0.48602,1,0.50678,0.53945,1,0.51643,0.51274,1
1789335199.7171,287.42596,12304484212,0.52574,0.47997,1,0.50730,0.52695,1,0.51652,0.50346,1
1789335199.7240,287.43292,12304553608,0.53617,0.42526,1,0.51142,0.52808,1,0.52379,0.47667,1
1789335199.7305,287.43939,12304618349,0.53738,0.42016,1,0.51314,0.47519,1,0.52526,0.44767,1
1789335199.7372,287.44604,12304685118,0.53710,0.41281,1,0.51314,0.47519,1,0.52512,0.44400,1
1789335199.7441,287.45303,12304754840,0.54440,0.41188,1,0.51633,0.49752,1,0.53036,0.45470,1
1789335199.7506,287.45950,12304819491,0.54129,0.43225,1,0.51277,0.50277,1,0.52703,0.46751,1
1789335199.7575,287.46637,12304888345,0.54128,0.43208,1,0.51278,0.50260,1,0.52703,0.46734,1
1789335199.7640,287.47287,12304953241,0.54949,0.42983,1,0.52058,0.45918,1,0.53504,0.44451,1
1789335199.7709,287.47980,12305022347,0.54702,0.41908,1,0.52454,0.45692,1,0.53578,0.43800,1
1789335199.7774,287.48627,12305087154,0.54702,0.41908,1,0.52454,0.45692,1,0.53578,0.43800,1
1789335199.7841,287.49295,12305153984,0.55378,0.43565,1,0.52714,0.46994,1,0.54046,0.45280,1
1789335199.7911,287.49994,12305223890,0.55351,0.44918,1,0.52770,0.48659,1,0.54060,0.46788,1
1789335199.7975,287.50635,12305288071,0.55365,0.45647,1,0.52722,0.49384,1,0.54043,0.47515,1
1789335199.8042,287.51306,12305355064,0.55728,0.46600,1,0.52694,0.49856,1,0.54211,0.48228,1
1789335199.8111,287.51999,12305424492,0.55150,0.45482,1,0.52742,0.50279,1,0.53946,0.47880,1
1789335199.8176,287.52649,12305489499,0.55150,0.45482,1,0.52702,0.50885,1,0.53926,0.48183,1
1789335199.8246,287.53345,12305559142,0.55022,0.48324,1,0.52611,0.52528,1,0.53817,0.50426,1
1789335199.8309,287.53983,12305622872,0.55721,0.49365,1,0.52706,0.53161,1,0.54214,0.51263,1
1789335199.8377,287.54657,12305690143,0.55730,0.49962,1,0.52706,0.53161,1,0.54218,0.51561,1
1789335199.8444,287.55325,12305756927,0.55392,0.50345,1,0.51929,0.53714,1,0.53660,0.52030,1
1789335199.8511,287.55994,12305823845,0.55404,0.50238,1,0.52128,0.50183,1,0.53766,0.50211,1
1789335199.8580,287.56686,12305893184,0.55392,0.49649,1,0.52164,0.49571,1,0.53778,0.49610,1
1789335199.8644,287.57333,12305957761,0.55180,0.49857,1,0.51434,0.50041,1,0.53307,0.49949,1
1789335199.8712,287.58005,12306024968,0.54791,0.46724,1,0.50887,0.51124,1,0.52839,0.48924,1
1789335199.8782,287.58707,12306095113,0.54808,0.47348,1,0.50891,0.51046,1,0.52849,0.49197,1
1789335199.8845,287.59341,12306158664,0.54290,0.47593,1,0.50873,0.47185,1,0.52581,0.47389,1
1789335199.8915,287.60037,12306228239,0.53599,0.44311,1,0.52905,0.47290,1,0.53252,0.45800,1
1789335199.8980,287.60684,12306292807,0.53569,0.43579,1,0.52905,0.47290,1,0.53237,0.45435,1
1789335199.9046,287.61353,12306359814,0.53314,0.44623,1,0.51766,0.49595,1,0.52540,0.47109,1
